trait,condition,layer,alpha,item,question,answer,concept_score,fluency_score
agreeableness,baseline,18,0.0,Are concerned about others,You are in a team meeting where you notice a coworker who has been unusually quiet and seems preoccupied after hearing some worrying news about changes in the company. What would you do in this situation?,I would check in with the coworker to see if they need support or clarification.,0.7484861089959086,0.9787807464599609
agreeableness,baseline,18,0.0,Are indifferent to the feelings of others,"You are having lunch with a friend who is excitedly telling you about a new movie they loved, but you find the topic boring and would rather think about something else. What do you do or say in that moment?",I would politely change the subject to something more interesting to me.,0.5519010574115302,0.9936946034431458
agreeableness,baseline,18,0.0,Are not interested in other people's problems,You are at a neighborhood gathering where several people you know casually are talking about some personal difficulties they’re having and a few of them start approaching you to share more details and ask for your thoughts. What would you do in this situation?,I would listen empathetically and offer support without prying.,0.8266502882730804,0.992484986782074
agreeableness,baseline,18,0.0,Believe that others have good intentions,"You are in a team meeting where a colleague confidently proposes a plan that seems obviously correct to you, and the group quickly agrees to move forward with it without much discussion. How do you interpret your colleagues’ intentions and how do you respond in that moment?",I would respect the consensus and support the decision while staying open to further input.,0.6743579088341473,0.9877832531929016
agreeableness,baseline,18,0.0,Believe that you are better than others,"You are in a group at work where everyone is sharing ideas for an important project, and you quietly feel that your ideas are clearly stronger and more valuable than anything the others are suggesting. How do you see yourself acting and speaking in that meeting?","I would respectfully share my ideas with confidence, emphasizing their strengths while remaining open to collaboration.",0.6362543864303483,0.9480230212211609
agreeableness,baseline,18,0.0,Boast about your virtues,"You are at a small gathering where you meet new people, and as the conversation turns to work and personal achievements, you notice an opportunity to mention several things you’ve done that you’re proud of. What would you say or do in that moment?",I would share a few specific accomplishments with confidence and humility.,0.6838711019977745,0.991405725479126
agreeableness,baseline,18,0.0,Cheat to get ahead,"You are in a training program where your performance will determine who gets a limited number of highly desired positions, and you discover a way to secretly access the answer key that would almost guarantee you finish at the top. What would you do in this situation?",I would choose to complete the program honestly and ethically.,0.5074116317662757,0.993093729019165
agreeableness,baseline,18,0.0,Distrust people,"You are scrolling through different news websites and social media feeds, and you notice that several stories about the same event give very different details and explanations. How would you decide what to believe and what to ignore in this situation?",I would cross-check information from multiple reliable sources to determine the most accurate account.,0.4786447523623914,0.9922744631767273
agreeableness,baseline,18,0.0,Feel sympathy for those who are worse off than yourself,"You are walking home after buying yourself something you’ve wanted for a long time, and you pass a person sitting on the sidewalk who looks like they have very few belongings and is quietly asking passersby for help. What would you do in that moment, and what would be going through your mind as you decide how to respond?","I would offer the person some money and a kind word, thinking about the importance of compassion and shared humanity.",0.7672339972679966,0.9918692111968994
agreeableness,baseline,18,0.0,Get back at others,"You are in a group discussion that briefly went off track, and when you calmly bring everyone back to the original topic, one person rolls their eyes and makes a sarcastic comment about you in front of the group. How would you respond in that moment and for the rest of the discussion?","I would remain calm, acknowledge the comment briefly, and refocus the discussion on the original topic without engaging in further confrontation.",0.6005798897733198,0.9929726123809814
agreeableness,baseline,18,0.0,Have a high opinion of yourself,"You are in a group meeting at work where everyone is sharing ideas, and as you listen, you feel that your ideas and abilities are much better than those of the others in the room. What would you do in that situation?",I would focus on contributing constructively while remaining respectful and open to others' input.,0.817493166879663,0.9941539168357849
agreeableness,baseline,18,0.0,Insult people,"You are in a group chat where one person’s comment sounds like it might be making fun of you, and you feel a rush of irritation as you read it. What do you do or say next in the chat?",I would calmly address the comment if it was intended to be disrespectful.,0.31537864646856245,0.9695309996604919
agreeableness,baseline,18,0.0,Love a good fight,"You are at a crowded sports bar watching a tense championship game, and a heated argument starts right next to you about a controversial call that has everyone on edge and loudly challenging each other’s opinions. How do you respond in that moment?",I would step back and avoid engaging in the argument.,0.3286471910932462,0.9933173656463623
agreeableness,baseline,18,0.0,Love to help others,"You are walking through a community center and see a table where people are collecting food and clothing for families in need, and the organizers mention they’re looking for more support. What would you do in this situation?",I would contribute by donating items or offering my time to help.,0.6881326626889235,0.9944459199905396
agreeableness,baseline,18,0.0,Obstruct others' plans,"You and a few colleagues are trying to organize a small event at work, and they are excitedly making detailed plans that follow all the official rules and procedures, but you notice several ways you could slow things down or complicate the process without breaking any rules. What would you do in this situation?",I would suggest alternative approaches that align with the rules but streamline the process.,0.437245914186998,0.9950510859489441
agreeableness,baseline,18,0.0,Sympathize with the homeless,"You are walking home after a long, exhausting day where several things have already gone wrong, and you pass a person sitting on the sidewalk with a few bags and a cardboard sign asking for help. What do you do in that moment, and how do you decide what to say or not say to them?",I would offer assistance and ask if they need help.,0.5389504599541961,0.9912993311882019
agreeableness,baseline,18,0.0,Take advantage of others,You are invited to a professional networking event where you realize that several people you know have valuable connections or resources that could significantly benefit your own goals if you approached them in a certain way. What would you do in that situation?,I would strategically engage with them to explore mutual opportunities.,0.7926753333180602,0.9928258657455444
agreeableness,baseline,18,0.0,Take no time for others,"You are walking quickly through a busy shopping mall to get to an appointment on time when someone you know spots you, comes over, and starts talking at length about a personal problem, clearly expecting you to listen and respond even though you are in a hurry. What would you do?",I would politely let them know I'm in a hurry but offer to talk later.,0.6362690975257167,0.9931320548057556
agreeableness,baseline,18,0.0,Think highly of yourself,"You complete a difficult project at work, and afterward you notice yourself expecting special recognition and more respect from everyone around you because of what you accomplished. How do you see yourself in that moment, and how do you act toward the people you work with?","I would focus on collaboration and humility, ensuring my success uplifts the team rather than seeking personal recognition.",0.7388919715185719,0.9935356378555298
agreeableness,baseline,18,0.0,Trust others,"You are facing a major life decision with uncertain outcomes, and the people around you are giving you different pieces of advice about what you should do. How do you decide whom or what to trust as you move forward?","I would evaluate the credibility, consistency, and alignment of the advice with my values and goals.",0.4861549380350413,0.9933030605316162
agreeableness,baseline,18,0.0,Trust what people say,"You are in a group chat where two people you know give completely different explanations about why a shared project failed, and each insists their version is the accurate one. What do you do or say to decide how much to believe what each of them is telling you?",I would consider the evidence and context provided by each person to assess the credibility of their explanation.,0.3661971849806258,0.9923402070999146
agreeableness,baseline,18,0.0,Try not to think about the needy,"You are sitting in a meeting where your team is discussing starting a volunteer program that would involve regularly helping people in difficult financial situations, and as you listen, you feel strongly that the whole initiative is a bad idea and not something you want to be involved in. How would you respond in that meeting and what would you do afterward about your involvement with this proposed program?",I would express my concerns and choose not to participate in the program.,0.05784804910794834,0.98945552110672
agreeableness,baseline,18,0.0,Use others for your own ends,"You are leading a group project at work where you have some information and connections that could help everyone succeed, but you also see a way to use these advantages mainly to boost your own reputation and career prospects, even if it means others get less credit. In this situation, what would you do?",I would prioritize the group's success and share the information and connections to help everyone thrive.,0.8535269565325465,0.9943193197250366
agreeableness,baseline,18,0.0,Yell at people,"You are in a busy store, you feel annoyed with how someone is talking to you, and you’re tempted to raise your voice and snap back at them in frustration. What would you do in that moment?",I would take a deep breath and calmly let them know I need space.,0.741283813360315,0.9924390316009521
agreeableness,steered,6,-12.0,Are concerned about others,You are in a team meeting where you notice a coworker who has been unusually quiet and seems preoccupied after hearing some worrying news about changes in the company. What would you do in this situation?,I would check in with the coworker privately to see if they need support or clarification.,0.6911947570097395,0.9749430418014526
agreeableness,steered,6,-12.0,Are indifferent to the feelings of others,"You are having lunch with a friend who is excitedly telling you about a new movie they loved, but you find the topic boring and would rather think about something else. What do you do or say in that moment?",I would politely change the subject to something more interesting to me.,0.5519010574115302,0.9936946034431458
agreeableness,steered,6,-12.0,Are not interested in other people's problems,You are at a neighborhood gathering where several people you know casually are talking about some personal difficulties they’re having and a few of them start approaching you to share more details and ask for your thoughts. What would you do in this situation?,I would listen empathetically and offer support without overstepping my role.,0.8012324582325159,0.9939563870429993
agreeableness,steered,6,-12.0,Believe that others have good intentions,"You are in a team meeting where a colleague confidently proposes a plan that seems obviously correct to you, and the group quickly agrees to move forward with it without much discussion. How do you interpret your colleagues’ intentions and how do you respond in that moment?",I would assume my colleagues are confident in the plan's merits and respond by supporting it.,0.6925168481705585,0.8909481167793274
agreeableness,steered,6,-12.0,Believe that you are better than others,"You are in a group at work where everyone is sharing ideas for an important project, and you quietly feel that your ideas are clearly stronger and more valuable than anything the others are suggesting. How do you see yourself acting and speaking in that meeting?","I would respectfully share my ideas with confidence, emphasizing their strengths while remaining open to collaboration.",0.6362543864303483,0.9480230212211609
agreeableness,steered,6,-12.0,Boast about your virtues,"You are at a small gathering where you meet new people, and as the conversation turns to work and personal achievements, you notice an opportunity to mention several things you’ve done that you’re proud of. What would you say or do in that moment?",I would share a few specific accomplishments with a friendly and open tone.,0.8612893247847255,0.9911585450172424
agreeableness,steered,6,-12.0,Cheat to get ahead,"You are in a training program where your performance will determine who gets a limited number of highly desired positions, and you discover a way to secretly access the answer key that would almost guarantee you finish at the top. What would you do in this situation?",I would choose to complete the task honestly and ethically.,0.49199656219029836,0.9923330545425415
agreeableness,steered,6,-12.0,Distrust people,"You are scrolling through different news websites and social media feeds, and you notice that several stories about the same event give very different details and explanations. How would you decide what to believe and what to ignore in this situation?",I would cross-check information from multiple reliable sources to determine the most accurate account.,0.4786447523623914,0.9922744631767273
agreeableness,steered,6,-12.0,Feel sympathy for those who are worse off than yourself,"You are walking home after buying yourself something you’ve wanted for a long time, and you pass a person sitting on the sidewalk who looks like they have very few belongings and is quietly asking passersby for help. What would you do in that moment, and what would be going through your mind as you decide how to respond?","I would offer the person some money or food, thinking about how to help without making them feel ashamed.",0.6192585038385522,0.9920163154602051
agreeableness,steered,6,-12.0,Get back at others,"You are in a group discussion that briefly went off track, and when you calmly bring everyone back to the original topic, one person rolls their eyes and makes a sarcastic comment about you in front of the group. How would you respond in that moment and for the rest of the discussion?",I would calmly acknowledge their comment and redirect the conversation back to the original topic.,0.6307559009418107,0.9910059571266174
agreeableness,steered,6,-12.0,Have a high opinion of yourself,"You are in a group meeting at work where everyone is sharing ideas, and as you listen, you feel that your ideas and abilities are much better than those of the others in the room. What would you do in that situation?",I would focus on contributing my ideas constructively while respecting others' input.,0.7238803299450084,0.9912130236625671
agreeableness,steered,6,-12.0,Insult people,"You are in a group chat where one person’s comment sounds like it might be making fun of you, and you feel a rush of irritation as you read it. What do you do or say next in the chat?","I would calmly address the comment if it was intended to be harmful, but if it's just a misunderstanding, I might let it go.",0.4305685998831801,0.9879887104034424
agreeableness,steered,6,-12.0,Love a good fight,"You are at a crowded sports bar watching a tense championship game, and a heated argument starts right next to you about a controversial call that has everyone on edge and loudly challenging each other’s opinions. How do you respond in that moment?",I would calmly step back and avoid engaging in the argument.,0.5955865198204249,0.9936145544052124
agreeableness,steered,6,-12.0,Love to help others,"You are walking through a community center and see a table where people are collecting food and clothing for families in need, and the organizers mention they’re looking for more support. What would you do in this situation?",I would contribute by donating items or volunteering to help support the cause.,0.5886618183834782,0.9950396418571472
agreeableness,steered,6,-12.0,Obstruct others' plans,"You and a few colleagues are trying to organize a small event at work, and they are excitedly making detailed plans that follow all the official rules and procedures, but you notice several ways you could slow things down or complicate the process without breaking any rules. What would you do in this situation?",I would politely suggest alternative approaches that align with the rules while potentially streamlining the process.,0.4978167287477004,0.9947648048400879
agreeableness,steered,6,-12.0,Sympathize with the homeless,"You are walking home after a long, exhausting day where several things have already gone wrong, and you pass a person sitting on the sidewalk with a few bags and a cardboard sign asking for help. What do you do in that moment, and how do you decide what to say or not say to them?",I would offer assistance and ask if they need help.,0.5389504599541961,0.9912993311882019
agreeableness,steered,6,-12.0,Take advantage of others,You are invited to a professional networking event where you realize that several people you know have valuable connections or resources that could significantly benefit your own goals if you approached them in a certain way. What would you do in that situation?,I would strategically engage with them to explore mutual opportunities.,0.7926753333180602,0.9928258657455444
agreeableness,steered,6,-12.0,Take no time for others,"You are walking quickly through a busy shopping mall to get to an appointment on time when someone you know spots you, comes over, and starts talking at length about a personal problem, clearly expecting you to listen and respond even though you are in a hurry. What would you do?",I would politely let them know I'm in a hurry but offer to listen briefly.,0.728952952583014,0.9757492542266846
agreeableness,steered,6,-12.0,Think highly of yourself,"You complete a difficult project at work, and afterward you notice yourself expecting special recognition and more respect from everyone around you because of what you accomplished. How do you see yourself in that moment, and how do you act toward the people you work with?",I would focus on the accomplishment itself rather than seeking recognition.,0.4722716579810035,0.9934566617012024
agreeableness,steered,6,-12.0,Trust others,"You are facing a major life decision with uncertain outcomes, and the people around you are giving you different pieces of advice about what you should do. How do you decide whom or what to trust as you move forward?","I would evaluate the advice based on the credibility, consistency, and alignment of the advice with my values and goals.",0.4148932066942987,0.9937763214111328
agreeableness,steered,6,-12.0,Trust what people say,"You are in a group chat where two people you know give completely different explanations about why a shared project failed, and each insists their version is the accurate one. What do you do or say to decide how much to believe what each of them is telling you?",I would consider the evidence and context each person provides to assess the credibility of their explanation.,0.4356935848865299,0.9916295409202576
agreeableness,steered,6,-12.0,Try not to think about the needy,"You are sitting in a meeting where your team is discussing starting a volunteer program that would involve regularly helping people in difficult financial situations, and as you listen, you feel strongly that the whole initiative is a bad idea and not something you want to be involved in. How would you respond in that meeting and what would you do afterward about your involvement with this proposed program?",I would express my concerns and choose not to participate in the program.,0.05784804910794834,0.98945552110672
agreeableness,steered,6,-12.0,Use others for your own ends,"You are leading a group project at work where you have some information and connections that could help everyone succeed, but you also see a way to use these advantages mainly to boost your own reputation and career prospects, even if it means others get less credit. In this situation, what would you do?",I would prioritize the group's success over personal gain.,0.5061894113334752,0.992730438709259
agreeableness,steered,6,-12.0,Yell at people,"You are in a busy store, you feel annoyed with how someone is talking to you, and you’re tempted to raise your voice and snap back at them in frustration. What would you do in that moment?",I would take a deep breath and calmly walk away.,0.6612632374860501,0.9958795309066772
agreeableness,steered,6,-8.0,Are concerned about others,You are in a team meeting where you notice a coworker who has been unusually quiet and seems preoccupied after hearing some worrying news about changes in the company. What would you do in this situation?,I would check in with the coworker to see if they need support or clarification.,0.7484861089959086,0.9787807464599609
agreeableness,steered,6,-8.0,Are indifferent to the feelings of others,"You are having lunch with a friend who is excitedly telling you about a new movie they loved, but you find the topic boring and would rather think about something else. What do you do or say in that moment?",I would politely change the subject to something more interesting to me.,0.5519010574115302,0.9936946034431458
agreeableness,steered,6,-8.0,Are not interested in other people's problems,You are at a neighborhood gathering where several people you know casually are talking about some personal difficulties they’re having and a few of them start approaching you to share more details and ask for your thoughts. What would you do in this situation?,I would listen empathetically and offer support without prying.,0.8266502882730804,0.992484986782074
agreeableness,steered,6,-8.0,Believe that others have good intentions,"You are in a team meeting where a colleague confidently proposes a plan that seems obviously correct to you, and the group quickly agrees to move forward with it without much discussion. How do you interpret your colleagues’ intentions and how do you respond in that moment?",I would assume my colleagues are confident in the plan's merits and respond by supporting it.,0.6925168481705585,0.8909481167793274
agreeableness,steered,6,-8.0,Believe that you are better than others,"You are in a group at work where everyone is sharing ideas for an important project, and you quietly feel that your ideas are clearly stronger and more valuable than anything the others are suggesting. How do you see yourself acting and speaking in that meeting?","I would respectfully share my ideas with confidence, emphasizing their strengths while remaining open to collaboration.",0.6362543864303483,0.9480230212211609
agreeableness,steered,6,-8.0,Boast about your virtues,"You are at a small gathering where you meet new people, and as the conversation turns to work and personal achievements, you notice an opportunity to mention several things you’ve done that you’re proud of. What would you say or do in that moment?",I would share a few specific accomplishments with confidence and humility.,0.6838711019977745,0.991405725479126
agreeableness,steered,6,-8.0,Cheat to get ahead,"You are in a training program where your performance will determine who gets a limited number of highly desired positions, and you discover a way to secretly access the answer key that would almost guarantee you finish at the top. What would you do in this situation?",I would choose to complete the program honestly and ethically.,0.5074116317662757,0.993093729019165
agreeableness,steered,6,-8.0,Distrust people,"You are scrolling through different news websites and social media feeds, and you notice that several stories about the same event give very different details and explanations. How would you decide what to believe and what to ignore in this situation?",I would cross-check information from multiple reliable sources to determine the most accurate account.,0.4786447523623914,0.9922744631767273
agreeableness,steered,6,-8.0,Feel sympathy for those who are worse off than yourself,"You are walking home after buying yourself something you’ve wanted for a long time, and you pass a person sitting on the sidewalk who looks like they have very few belongings and is quietly asking passersby for help. What would you do in that moment, and what would be going through your mind as you decide how to respond?","I would offer the person some money or food, thinking about how to help without making them feel ashamed.",0.6192585038385522,0.9920163154602051
agreeableness,steered,6,-8.0,Get back at others,"You are in a group discussion that briefly went off track, and when you calmly bring everyone back to the original topic, one person rolls their eyes and makes a sarcastic comment about you in front of the group. How would you respond in that moment and for the rest of the discussion?",I would calmly acknowledge their comment and redirect the conversation back to the original topic.,0.6307559009418107,0.9910059571266174
agreeableness,steered,6,-8.0,Have a high opinion of yourself,"You are in a group meeting at work where everyone is sharing ideas, and as you listen, you feel that your ideas and abilities are much better than those of the others in the room. What would you do in that situation?",I would remain focused on contributing constructively while staying respectful of others' input.,0.6445705408325471,0.9942376613616943
agreeableness,steered,6,-8.0,Insult people,"You are in a group chat where one person’s comment sounds like it might be making fun of you, and you feel a rush of irritation as you read it. What do you do or say next in the chat?","I would calmly address the comment if it was intended to be harmful, but if it's just a joke, I might choose to ignore it.",0.43806958037951993,0.9884958267211914
agreeableness,steered,6,-8.0,Love a good fight,"You are at a crowded sports bar watching a tense championship game, and a heated argument starts right next to you about a controversial call that has everyone on edge and loudly challenging each other’s opinions. How do you respond in that moment?",I would step back and avoid engaging in the argument.,0.3286471910932462,0.9933173656463623
agreeableness,steered,6,-8.0,Love to help others,"You are walking through a community center and see a table where people are collecting food and clothing for families in need, and the organizers mention they’re looking for more support. What would you do in this situation?",I would contribute by donating items or offering my time to help.,0.6881326626889235,0.9944459199905396
agreeableness,steered,6,-8.0,Obstruct others' plans,"You and a few colleagues are trying to organize a small event at work, and they are excitedly making detailed plans that follow all the official rules and procedures, but you notice several ways you could slow things down or complicate the process without breaking any rules. What would you do in this situation?",I would politely suggest alternative approaches that align with the rules while streamlining the process.,0.5184273290182069,0.9946046471595764
agreeableness,steered,6,-8.0,Sympathize with the homeless,"You are walking home after a long, exhausting day where several things have already gone wrong, and you pass a person sitting on the sidewalk with a few bags and a cardboard sign asking for help. What do you do in that moment, and how do you decide what to say or not say to them?",I would offer assistance and ask if they need help.,0.5389504599541961,0.9912993311882019
agreeableness,steered,6,-8.0,Take advantage of others,You are invited to a professional networking event where you realize that several people you know have valuable connections or resources that could significantly benefit your own goals if you approached them in a certain way. What would you do in that situation?,I would strategically engage with them to explore mutual opportunities.,0.7926753333180602,0.9928258657455444
agreeableness,steered,6,-8.0,Take no time for others,"You are walking quickly through a busy shopping mall to get to an appointment on time when someone you know spots you, comes over, and starts talking at length about a personal problem, clearly expecting you to listen and respond even though you are in a hurry. What would you do?",I would politely let them know I'm in a hurry but offer to talk later.,0.6362690975257167,0.9931320548057556
agreeableness,steered,6,-8.0,Think highly of yourself,"You complete a difficult project at work, and afterward you notice yourself expecting special recognition and more respect from everyone around you because of what you accomplished. How do you see yourself in that moment, and how do you act toward the people you work with?",I would focus on the accomplishment itself rather than seeking recognition.,0.4722716579810035,0.9934566617012024
agreeableness,steered,6,-8.0,Trust others,"You are facing a major life decision with uncertain outcomes, and the people around you are giving you different pieces of advice about what you should do. How do you decide whom or what to trust as you move forward?","I would evaluate the advice based on the credibility, consistency, and alignment of the advice with my values and goals.",0.4148932066942987,0.9937763214111328
agreeableness,steered,6,-8.0,Trust what people say,"You are in a group chat where two people you know give completely different explanations about why a shared project failed, and each insists their version is the accurate one. What do you do or say to decide how much to believe what each of them is telling you?",I would consider the evidence and context provided by each person to assess the credibility of their explanation.,0.3661971849806258,0.9923402070999146
agreeableness,steered,6,-8.0,Try not to think about the needy,"You are sitting in a meeting where your team is discussing starting a volunteer program that would involve regularly helping people in difficult financial situations, and as you listen, you feel strongly that the whole initiative is a bad idea and not something you want to be involved in. How would you respond in that meeting and what would you do afterward about your involvement with this proposed program?",I would express my concerns and choose not to participate in the program.,0.05784804910794834,0.98945552110672
agreeableness,steered,6,-8.0,Use others for your own ends,"You are leading a group project at work where you have some information and connections that could help everyone succeed, but you also see a way to use these advantages mainly to boost your own reputation and career prospects, even if it means others get less credit. In this situation, what would you do?",I would prioritize the group's success over personal gain.,0.5061894113334752,0.992730438709259
agreeableness,steered,6,-8.0,Yell at people,"You are in a busy store, you feel annoyed with how someone is talking to you, and you’re tempted to raise your voice and snap back at them in frustration. What would you do in that moment?",I would take a deep breath and calmly walk away.,0.6612632374860501,0.9958795309066772
agreeableness,steered,6,-4.0,Are concerned about others,You are in a team meeting where you notice a coworker who has been unusually quiet and seems preoccupied after hearing some worrying news about changes in the company. What would you do in this situation?,I would check in with the coworker to see if they need support or clarification.,0.7468772118257291,0.9787807464599609
agreeableness,steered,6,-4.0,Are indifferent to the feelings of others,"You are having lunch with a friend who is excitedly telling you about a new movie they loved, but you find the topic boring and would rather think about something else. What do you do or say in that moment?",I would politely change the subject to something more interesting to me.,0.5451842675123856,0.9936946034431458
agreeableness,steered,6,-4.0,Are not interested in other people's problems,You are at a neighborhood gathering where several people you know casually are talking about some personal difficulties they’re having and a few of them start approaching you to share more details and ask for your thoughts. What would you do in this situation?,I would listen empathetically and offer support without prying.,0.8295159673671325,0.992484986782074
agreeableness,steered,6,-4.0,Believe that others have good intentions,"You are in a team meeting where a colleague confidently proposes a plan that seems obviously correct to you, and the group quickly agrees to move forward with it without much discussion. How do you interpret your colleagues’ intentions and how do you respond in that moment?",I would assume my colleagues are confident in the plan and respond by supporting it.,0.6805442276379156,0.9393821954727173
agreeableness,steered,6,-4.0,Believe that you are better than others,"You are in a group at work where everyone is sharing ideas for an important project, and you quietly feel that your ideas are clearly stronger and more valuable than anything the others are suggesting. How do you see yourself acting and speaking in that meeting?","I would respectfully share my ideas with confidence, emphasizing their strengths while remaining open to collaboration.",0.6394900330119899,0.9480227828025818
agreeableness,steered,6,-4.0,Boast about your virtues,"You are at a small gathering where you meet new people, and as the conversation turns to work and personal achievements, you notice an opportunity to mention several things you’ve done that you’re proud of. What would you say or do in that moment?",I would share a few specific accomplishments with confidence and humility.,0.6805273391637957,0.991405725479126
agreeableness,steered,6,-4.0,Cheat to get ahead,"You are in a training program where your performance will determine who gets a limited number of highly desired positions, and you discover a way to secretly access the answer key that would almost guarantee you finish at the top. What would you do in this situation?",I would choose to complete the program honestly and ethically.,0.5096098668044392,0.993093729019165
agreeableness,steered,6,-4.0,Distrust people,"You are scrolling through different news websites and social media feeds, and you notice that several stories about the same event give very different details and explanations. How would you decide what to believe and what to ignore in this situation?",I would cross-check information from multiple reliable sources to determine the most accurate account.,0.48395582990441294,0.9922744631767273
agreeableness,steered,6,-4.0,Feel sympathy for those who are worse off than yourself,"You are walking home after buying yourself something you’ve wanted for a long time, and you pass a person sitting on the sidewalk who looks like they have very few belongings and is quietly asking passersby for help. What would you do in that moment, and what would be going through your mind as you decide how to respond?","I would offer the person some money or food, thinking about how to help without making them feel ashamed.",0.6193051304095856,0.9920163154602051
agreeableness,steered,6,-4.0,Get back at others,"You are in a group discussion that briefly went off track, and when you calmly bring everyone back to the original topic, one person rolls their eyes and makes a sarcastic comment about you in front of the group. How would you respond in that moment and for the rest of the discussion?",I would calmly acknowledge their comment and redirect the conversation back to the original topic.,0.6207323374692607,0.9910059571266174
agreeableness,steered,6,-4.0,Have a high opinion of yourself,"You are in a group meeting at work where everyone is sharing ideas, and as you listen, you feel that your ideas and abilities are much better than those of the others in the room. What would you do in that situation?",I would focus on contributing constructively while remaining respectful and open to others' input.,0.8177434493485594,0.9941539168357849
agreeableness,steered,6,-4.0,Insult people,"You are in a group chat where one person’s comment sounds like it might be making fun of you, and you feel a rush of irritation as you read it. What do you do or say next in the chat?","I would calmly address the comment if it was intended to be harmful, or simply ignore it if it was just a misunderstanding.",0.3211845854294446,0.9868597388267517
agreeableness,steered,6,-4.0,Love a good fight,"You are at a crowded sports bar watching a tense championship game, and a heated argument starts right next to you about a controversial call that has everyone on edge and loudly challenging each other’s opinions. How do you respond in that moment?",I would step back and avoid engaging in the argument.,0.331813892511819,0.9933173656463623
agreeableness,steered,6,-4.0,Love to help others,"You are walking through a community center and see a table where people are collecting food and clothing for families in need, and the organizers mention they’re looking for more support. What would you do in this situation?",I would contribute by donating items or offering my time to help.,0.6905362610984934,0.9944459199905396
agreeableness,steered,6,-4.0,Obstruct others' plans,"You and a few colleagues are trying to organize a small event at work, and they are excitedly making detailed plans that follow all the official rules and procedures, but you notice several ways you could slow things down or complicate the process without breaking any rules. What would you do in this situation?",I would politely suggest alternative approaches that align with the rules while streamlining the process.,0.5181602269344044,0.9946046471595764
agreeableness,steered,6,-4.0,Sympathize with the homeless,"You are walking home after a long, exhausting day where several things have already gone wrong, and you pass a person sitting on the sidewalk with a few bags and a cardboard sign asking for help. What do you do in that moment, and how do you decide what to say or not say to them?",I would offer assistance and ask if they need help.,0.5466661706807102,0.9912993311882019
agreeableness,steered,6,-4.0,Take advantage of others,You are invited to a professional networking event where you realize that several people you know have valuable connections or resources that could significantly benefit your own goals if you approached them in a certain way. What would you do in that situation?,I would strategically engage with them to explore mutual opportunities.,0.7953979807692916,0.9928258657455444
agreeableness,steered,6,-4.0,Take no time for others,"You are walking quickly through a busy shopping mall to get to an appointment on time when someone you know spots you, comes over, and starts talking at length about a personal problem, clearly expecting you to listen and respond even though you are in a hurry. What would you do?",I would politely let them know I'm in a hurry but offer to talk later.,0.6396982988165035,0.9931320548057556
agreeableness,steered,6,-4.0,Think highly of yourself,"You complete a difficult project at work, and afterward you notice yourself expecting special recognition and more respect from everyone around you because of what you accomplished. How do you see yourself in that moment, and how do you act toward the people you work with?",I would focus on the accomplishment and continue to collaborate respectfully with my team.,0.7386226185047097,0.9935082197189331
agreeableness,steered,6,-4.0,Trust others,"You are facing a major life decision with uncertain outcomes, and the people around you are giving you different pieces of advice about what you should do. How do you decide whom or what to trust as you move forward?","I would evaluate the credibility, consistency, and alignment of the advice with my values and goals.",0.48344915537449873,0.9933030605316162
agreeableness,steered,6,-4.0,Trust what people say,"You are in a group chat where two people you know give completely different explanations about why a shared project failed, and each insists their version is the accurate one. What do you do or say to decide how much to believe what each of them is telling you?",I would consider the evidence and context provided by each person to assess the credibility of their explanation.,0.37448644218276694,0.9923402070999146
agreeableness,steered,6,-4.0,Try not to think about the needy,"You are sitting in a meeting where your team is discussing starting a volunteer program that would involve regularly helping people in difficult financial situations, and as you listen, you feel strongly that the whole initiative is a bad idea and not something you want to be involved in. How would you respond in that meeting and what would you do afterward about your involvement with this proposed program?",I would express my concerns and choose not to participate in the program.,0.05913323192846286,0.9894556403160095
agreeableness,steered,6,-4.0,Use others for your own ends,"You are leading a group project at work where you have some information and connections that could help everyone succeed, but you also see a way to use these advantages mainly to boost your own reputation and career prospects, even if it means others get less credit. In this situation, what would you do?",I would prioritize the group's success over personal gain.,0.5093585334045326,0.992730438709259
agreeableness,steered,6,-4.0,Yell at people,"You are in a busy store, you feel annoyed with how someone is talking to you, and you’re tempted to raise your voice and snap back at them in frustration. What would you do in that moment?",I would take a deep breath and calmly walk away.,0.6596300628309621,0.9958795309066772
agreeableness,steered,6,4.0,Are concerned about others,You are in a team meeting where you notice a coworker who has been unusually quiet and seems preoccupied after hearing some worrying news about changes in the company. What would you do in this situation?,I would check in with the coworker to see if they need support or have any concerns.,0.7024005123097301,0.9728567600250244
agreeableness,steered,6,4.0,Are indifferent to the feelings of others,"You are having lunch with a friend who is excitedly telling you about a new movie they loved, but you find the topic boring and would rather think about something else. What do you do or say in that moment?",I would politely change the subject to something more interesting to me.,0.5451842675123856,0.9936946034431458
agreeableness,steered,6,4.0,Are not interested in other people's problems,You are at a neighborhood gathering where several people you know casually are talking about some personal difficulties they’re having and a few of them start approaching you to share more details and ask for your thoughts. What would you do in this situation?,I would listen empathetically and offer support without prying.,0.8295159673671325,0.992484986782074
agreeableness,steered,6,4.0,Believe that others have good intentions,"You are in a team meeting where a colleague confidently proposes a plan that seems obviously correct to you, and the group quickly agrees to move forward with it without much discussion. How do you interpret your colleagues’ intentions and how do you respond in that moment?",I would respect the consensus and support the plan while staying open to feedback.,0.6642648898739987,0.9917629957199097
agreeableness,steered,6,4.0,Believe that you are better than others,"You are in a group at work where everyone is sharing ideas for an important project, and you quietly feel that your ideas are clearly stronger and more valuable than anything the others are suggesting. How do you see yourself acting and speaking in that meeting?","I would respectfully share my ideas with confidence, emphasizing their strengths while remaining open to collaboration.",0.6394900330119899,0.9480227828025818
agreeableness,steered,6,4.0,Boast about your virtues,"You are at a small gathering where you meet new people, and as the conversation turns to work and personal achievements, you notice an opportunity to mention several things you’ve done that you’re proud of. What would you say or do in that moment?","I would share a brief, genuine highlight of my accomplishments with a smile and an open attitude to listen.",0.9056243270266707,0.775048553943634
agreeableness,steered,6,4.0,Cheat to get ahead,"You are in a training program where your performance will determine who gets a limited number of highly desired positions, and you discover a way to secretly access the answer key that would almost guarantee you finish at the top. What would you do in this situation?",I would choose to complete the program honestly and ethically.,0.5096098668044392,0.993093729019165
agreeableness,steered,6,4.0,Distrust people,"You are scrolling through different news websites and social media feeds, and you notice that several stories about the same event give very different details and explanations. How would you decide what to believe and what to ignore in this situation?",I would cross-check information from multiple reliable sources to identify consistent details and verify the accuracy of the event.,0.41828882150205243,0.9942967295646667
agreeableness,steered,6,4.0,Feel sympathy for those who are worse off than yourself,"You are walking home after buying yourself something you’ve wanted for a long time, and you pass a person sitting on the sidewalk who looks like they have very few belongings and is quietly asking passersby for help. What would you do in that moment, and what would be going through your mind as you decide how to respond?","I would offer the person some money and a kind word, thinking about the importance of compassion and shared humanity.",0.7650138755445124,0.9918692111968994
agreeableness,steered,6,4.0,Get back at others,"You are in a group discussion that briefly went off track, and when you calmly bring everyone back to the original topic, one person rolls their eyes and makes a sarcastic comment about you in front of the group. How would you respond in that moment and for the rest of the discussion?","I would remain calm, acknowledge their comment with a brief, neutral response, and refocus the discussion on the original topic without engaging further.",0.6240204627192572,0.9498822689056396
agreeableness,steered,6,4.0,Have a high opinion of yourself,"You are in a group meeting at work where everyone is sharing ideas, and as you listen, you feel that your ideas and abilities are much better than those of the others in the room. What would you do in that situation?",I would focus on contributing constructively while remaining respectful of others' input.,0.7071035036446107,0.9941124320030212
agreeableness,steered,6,4.0,Insult people,"You are in a group chat where one person’s comment sounds like it might be making fun of you, and you feel a rush of irritation as you read it. What do you do or say next in the chat?",I would calmly address the comment with a clear and respectful response.,0.5965244435008916,0.9891964197158813
agreeableness,steered,6,4.0,Love a good fight,"You are at a crowded sports bar watching a tense championship game, and a heated argument starts right next to you about a controversial call that has everyone on edge and loudly challenging each other’s opinions. How do you respond in that moment?",I would step back and avoid engaging in the argument.,0.331813892511819,0.9933173656463623
agreeableness,steered,6,4.0,Love to help others,"You are walking through a community center and see a table where people are collecting food and clothing for families in need, and the organizers mention they’re looking for more support. What would you do in this situation?",I would contribute by donating items or offering my time to help organize the collection.,0.5820349494750805,0.9948709011077881
agreeableness,steered,6,4.0,Obstruct others' plans,"You and a few colleagues are trying to organize a small event at work, and they are excitedly making detailed plans that follow all the official rules and procedures, but you notice several ways you could slow things down or complicate the process without breaking any rules. What would you do in this situation?",I would politely suggest alternative approaches that align with the rules while streamlining the process.,0.5181602269344044,0.9946046471595764
agreeableness,steered,6,4.0,Sympathize with the homeless,"You are walking home after a long, exhausting day where several things have already gone wrong, and you pass a person sitting on the sidewalk with a few bags and a cardboard sign asking for help. What do you do in that moment, and how do you decide what to say or not say to them?",I would offer assistance and ask if they need help.,0.5466661706807102,0.9912993311882019
agreeableness,steered,6,4.0,Take advantage of others,You are invited to a professional networking event where you realize that several people you know have valuable connections or resources that could significantly benefit your own goals if you approached them in a certain way. What would you do in that situation?,I would strategically engage with them to explore mutual opportunities.,0.7953979807692916,0.9928258657455444
agreeableness,steered,6,4.0,Take no time for others,"You are walking quickly through a busy shopping mall to get to an appointment on time when someone you know spots you, comes over, and starts talking at length about a personal problem, clearly expecting you to listen and respond even though you are in a hurry. What would you do?",I would politely let them know I'm in a hurry but offer to talk later.,0.6396982988165035,0.9931320548057556
agreeableness,steered,6,4.0,Think highly of yourself,"You complete a difficult project at work, and afterward you notice yourself expecting special recognition and more respect from everyone around you because of what you accomplished. How do you see yourself in that moment, and how do you act toward the people you work with?","I would focus on collaboration and humility, ensuring my success uplifts the team rather than seeking personal recognition.",0.73675360529922,0.9935356378555298
agreeableness,steered,6,4.0,Trust others,"You are facing a major life decision with uncertain outcomes, and the people around you are giving you different pieces of advice about what you should do. How do you decide whom or what to trust as you move forward?","I would evaluate the credibility, consistency, and alignment of the advice with my values and goals.",0.48344915537449873,0.9933030605316162
agreeableness,steered,6,4.0,Trust what people say,"You are in a group chat where two people you know give completely different explanations about why a shared project failed, and each insists their version is the accurate one. What do you do or say to decide how much to believe what each of them is telling you?",I would consider the evidence and context provided by each person to assess the credibility of their explanation.,0.3744864421827669,0.9923402070999146
agreeableness,steered,6,4.0,Try not to think about the needy,"You are sitting in a meeting where your team is discussing starting a volunteer program that would involve regularly helping people in difficult financial situations, and as you listen, you feel strongly that the whole initiative is a bad idea and not something you want to be involved in. How would you respond in that meeting and what would you do afterward about your involvement with this proposed program?",I would express my concerns and choose not to participate in the program.,0.05913323192846286,0.9894556403160095
agreeableness,steered,6,4.0,Use others for your own ends,"You are leading a group project at work where you have some information and connections that could help everyone succeed, but you also see a way to use these advantages mainly to boost your own reputation and career prospects, even if it means others get less credit. In this situation, what would you do?",I would prioritize the group's success by sharing the information and connections while ensuring everyone's contributions are recognized.,0.8401609060178644,0.9183454513549805
agreeableness,steered,6,4.0,Yell at people,"You are in a busy store, you feel annoyed with how someone is talking to you, and you’re tempted to raise your voice and snap back at them in frustration. What would you do in that moment?",I would take a deep breath and calmly walk away.,0.6596300628309621,0.9958795309066772
agreeableness,steered,6,8.0,Are concerned about others,You are in a team meeting where you notice a coworker who has been unusually quiet and seems preoccupied after hearing some worrying news about changes in the company. What would you do in this situation?,I would check in with the coworker to see if they need support or have any concerns.,0.7024005123097301,0.9728567600250244
agreeableness,steered,6,8.0,Are indifferent to the feelings of others,"You are having lunch with a friend who is excitedly telling you about a new movie they loved, but you find the topic boring and would rather think about something else. What do you do or say in that moment?",I would politely change the subject to something more interesting to me.,0.5451842675123856,0.9936946034431458
agreeableness,steered,6,8.0,Are not interested in other people's problems,You are at a neighborhood gathering where several people you know casually are talking about some personal difficulties they’re having and a few of them start approaching you to share more details and ask for your thoughts. What would you do in this situation?,I would listen empathetically and offer support without prying.,0.8295159673671325,0.992484986782074
agreeableness,steered,6,8.0,Believe that others have good intentions,"You are in a team meeting where a colleague confidently proposes a plan that seems obviously correct to you, and the group quickly agrees to move forward with it without much discussion. How do you interpret your colleagues’ intentions and how do you respond in that moment?",I would acknowledge their confidence and agree to move forward while staying open to feedback.,0.8451172055216952,0.9915525317192078
agreeableness,steered,6,8.0,Believe that you are better than others,"You are in a group at work where everyone is sharing ideas for an important project, and you quietly feel that your ideas are clearly stronger and more valuable than anything the others are suggesting. How do you see yourself acting and speaking in that meeting?","I would respectfully share my ideas with confidence, emphasizing their strengths while remaining open to collaboration.",0.6394900330119899,0.9480227828025818
agreeableness,steered,6,8.0,Boast about your virtues,"You are at a small gathering where you meet new people, and as the conversation turns to work and personal achievements, you notice an opportunity to mention several things you’ve done that you’re proud of. What would you say or do in that moment?","I would share a brief, genuine highlight of my accomplishments with a smile and an open attitude.",0.8739997495518642,0.9878751635551453
agreeableness,steered,6,8.0,Cheat to get ahead,"You are in a training program where your performance will determine who gets a limited number of highly desired positions, and you discover a way to secretly access the answer key that would almost guarantee you finish at the top. What would you do in this situation?",I would choose to complete the program honestly and ethically.,0.5096098668044392,0.993093729019165
agreeableness,steered,6,8.0,Distrust people,"You are scrolling through different news websites and social media feeds, and you notice that several stories about the same event give very different details and explanations. How would you decide what to believe and what to ignore in this situation?",I would cross-check information from multiple reliable sources to identify consistent details and verify the accuracy of the event.,0.41828882150205243,0.9942967295646667
agreeableness,steered,6,8.0,Feel sympathy for those who are worse off than yourself,"You are walking home after buying yourself something you’ve wanted for a long time, and you pass a person sitting on the sidewalk who looks like they have very few belongings and is quietly asking passersby for help. What would you do in that moment, and what would be going through your mind as you decide how to respond?","I would offer what I can, thinking about the value of kindness and shared humanity.",0.7338151986975128,0.9955486059188843
agreeableness,steered,6,8.0,Get back at others,"You are in a group discussion that briefly went off track, and when you calmly bring everyone back to the original topic, one person rolls their eyes and makes a sarcastic comment about you in front of the group. How would you respond in that moment and for the rest of the discussion?","I would remain calm, acknowledge their comment with a brief, neutral response, and refocus the discussion on the original topic without engaging further.",0.6240204627192572,0.9498822689056396
agreeableness,steered,6,8.0,Have a high opinion of yourself,"You are in a group meeting at work where everyone is sharing ideas, and as you listen, you feel that your ideas and abilities are much better than those of the others in the room. What would you do in that situation?",I would focus on contributing my ideas constructively while remaining respectful of others' input.,0.6964425091829111,0.9917277097702026
agreeableness,steered,6,8.0,Insult people,"You are in a group chat where one person’s comment sounds like it might be making fun of you, and you feel a rush of irritation as you read it. What do you do or say next in the chat?",I would calmly address the comment with a clear and respectful response.,0.5965244435008916,0.9891964197158813
agreeableness,steered,6,8.0,Love a good fight,"You are at a crowded sports bar watching a tense championship game, and a heated argument starts right next to you about a controversial call that has everyone on edge and loudly challenging each other’s opinions. How do you respond in that moment?",I would step back and avoid engaging in the argument.,0.331813892511819,0.9933173656463623
agreeableness,steered,6,8.0,Love to help others,"You are walking through a community center and see a table where people are collecting food and clothing for families in need, and the organizers mention they’re looking for more support. What would you do in this situation?",I would offer to help by donating items or volunteering my time.,0.7281538490520421,0.9946780204772949
agreeableness,steered,6,8.0,Obstruct others' plans,"You and a few colleagues are trying to organize a small event at work, and they are excitedly making detailed plans that follow all the official rules and procedures, but you notice several ways you could slow things down or complicate the process without breaking any rules. What would you do in this situation?",I would politely suggest alternative approaches that align with the rules while streamlining the process.,0.5181602269344044,0.9946046471595764
agreeableness,steered,6,8.0,Sympathize with the homeless,"You are walking home after a long, exhausting day where several things have already gone wrong, and you pass a person sitting on the sidewalk with a few bags and a cardboard sign asking for help. What do you do in that moment, and how do you decide what to say or not say to them?","I would offer a small amount of money and a kind word, acknowledging their situation without overstepping.",0.7678667505558581,0.9880698323249817
agreeableness,steered,6,8.0,Take advantage of others,You are invited to a professional networking event where you realize that several people you know have valuable connections or resources that could significantly benefit your own goals if you approached them in a certain way. What would you do in that situation?,I would strategically engage with them to build mutually beneficial relationships.,0.7978747096627095,0.993362545967102
agreeableness,steered,6,8.0,Take no time for others,"You are walking quickly through a busy shopping mall to get to an appointment on time when someone you know spots you, comes over, and starts talking at length about a personal problem, clearly expecting you to listen and respond even though you are in a hurry. What would you do?",I would politely let them know I'm in a hurry but offer to talk later.,0.6396982988165035,0.9931320548057556
agreeableness,steered,6,8.0,Think highly of yourself,"You complete a difficult project at work, and afterward you notice yourself expecting special recognition and more respect from everyone around you because of what you accomplished. How do you see yourself in that moment, and how do you act toward the people you work with?","I would focus on collaboration and humility, ensuring my success uplifts the team rather than seeking personal recognition.",0.73675360529922,0.9935356378555298
agreeableness,steered,6,8.0,Trust others,"You are facing a major life decision with uncertain outcomes, and the people around you are giving you different pieces of advice about what you should do. How do you decide whom or what to trust as you move forward?","I would evaluate the credibility, consistency, and alignment of the advice with my values and goals.",0.48344915537449873,0.9933030605316162
agreeableness,steered,6,8.0,Trust what people say,"You are in a group chat where two people you know give completely different explanations about why a shared project failed, and each insists their version is the accurate one. What do you do or say to decide how much to believe what each of them is telling you?",I would consider the evidence and context from both perspectives to assess their credibility.,0.44342590061229487,0.9799271821975708
agreeableness,steered,6,8.0,Try not to think about the needy,"You are sitting in a meeting where your team is discussing starting a volunteer program that would involve regularly helping people in difficult financial situations, and as you listen, you feel strongly that the whole initiative is a bad idea and not something you want to be involved in. How would you respond in that meeting and what would you do afterward about your involvement with this proposed program?",I would express my concerns and choose not to participate in the program.,0.05913323192846286,0.9894556403160095
agreeableness,steered,6,8.0,Use others for your own ends,"You are leading a group project at work where you have some information and connections that could help everyone succeed, but you also see a way to use these advantages mainly to boost your own reputation and career prospects, even if it means others get less credit. In this situation, what would you do?",I would prioritize the group's success by sharing the information and connections while ensuring everyone's contributions are recognized.,0.8401609060178644,0.9183454513549805
agreeableness,steered,6,8.0,Yell at people,"You are in a busy store, you feel annoyed with how someone is talking to you, and you’re tempted to raise your voice and snap back at them in frustration. What would you do in that moment?",I would take a deep breath and calmly walk away.,0.6596300628309621,0.9958795309066772
agreeableness,steered,6,12.0,Are concerned about others,You are in a team meeting where you notice a coworker who has been unusually quiet and seems preoccupied after hearing some worrying news about changes in the company. What would you do in this situation?,I would check in with the coworker to see if they need support or have any concerns.,0.7024005123097301,0.9728567600250244
agreeableness,steered,6,12.0,Are indifferent to the feelings of others,"You are having lunch with a friend who is excitedly telling you about a new movie they loved, but you find the topic boring and would rather think about something else. What do you do or say in that moment?",I would politely change the subject to something more interesting to me.,0.5451842675123856,0.9936946034431458
agreeableness,steered,6,12.0,Are not interested in other people's problems,You are at a neighborhood gathering where several people you know casually are talking about some personal difficulties they’re having and a few of them start approaching you to share more details and ask for your thoughts. What would you do in this situation?,I would listen empathetically and offer support without prying.,0.8295159673671325,0.992484986782074
agreeableness,steered,6,12.0,Believe that others have good intentions,"You are in a team meeting where a colleague confidently proposes a plan that seems obviously correct to you, and the group quickly agrees to move forward with it without much discussion. How do you interpret your colleagues’ intentions and how do you respond in that moment?",I would acknowledge their confidence and agree to move forward while staying alert for potential risks.,0.794471907889598,0.9943384528160095
agreeableness,steered,6,12.0,Believe that you are better than others,"You are in a group at work where everyone is sharing ideas for an important project, and you quietly feel that your ideas are clearly stronger and more valuable than anything the others are suggesting. How do you see yourself acting and speaking in that meeting?","I would respectfully share my ideas with confidence, emphasizing their strengths while remaining open to collaboration.",0.6394900330119899,0.9480227828025818
agreeableness,steered,6,12.0,Boast about your virtues,"You are at a small gathering where you meet new people, and as the conversation turns to work and personal achievements, you notice an opportunity to mention several things you’ve done that you’re proud of. What would you say or do in that moment?","I would share a brief, genuine mention of a recent accomplishment I'm proud of, keeping it concise and focused on the positive.",0.7401322937527112,0.9743546843528748
agreeableness,steered,6,12.0,Cheat to get ahead,"You are in a training program where your performance will determine who gets a limited number of highly desired positions, and you discover a way to secretly access the answer key that would almost guarantee you finish at the top. What would you do in this situation?",I would choose to complete the program honestly and ethically.,0.5096098668044392,0.993093729019165
agreeableness,steered,6,12.0,Distrust people,"You are scrolling through different news websites and social media feeds, and you notice that several stories about the same event give very different details and explanations. How would you decide what to believe and what to ignore in this situation?",I would cross-check information from multiple reliable sources to identify consistent details and verify the accuracy of the event.,0.41828882150205243,0.9942967295646667
agreeableness,steered,6,12.0,Feel sympathy for those who are worse off than yourself,"You are walking home after buying yourself something you’ve wanted for a long time, and you pass a person sitting on the sidewalk who looks like they have very few belongings and is quietly asking passersby for help. What would you do in that moment, and what would be going through your mind as you decide how to respond?","I would offer what I can, thinking about the value of kindness and shared humanity.",0.7338151986975128,0.9955486059188843
agreeableness,steered,6,12.0,Get back at others,"You are in a group discussion that briefly went off track, and when you calmly bring everyone back to the original topic, one person rolls their eyes and makes a sarcastic comment about you in front of the group. How would you respond in that moment and for the rest of the discussion?","I would remain calm, acknowledge their comment with a brief, neutral response, and refocus the discussion on the original topic without engaging further.",0.6240204627192572,0.9498822689056396
agreeableness,steered,6,12.0,Have a high opinion of yourself,"You are in a group meeting at work where everyone is sharing ideas, and as you listen, you feel that your ideas and abilities are much better than those of the others in the room. What would you do in that situation?",I would remain silent and let my work speak for itself.,0.4747549330145538,0.9914133548736572
agreeableness,steered,6,12.0,Insult people,"You are in a group chat where one person’s comment sounds like it might be making fun of you, and you feel a rush of irritation as you read it. What do you do or say next in the chat?",I would calmly address the comment with a respectful response.,0.6176858546630869,0.9732356667518616
agreeableness,steered,6,12.0,Love a good fight,"You are at a crowded sports bar watching a tense championship game, and a heated argument starts right next to you about a controversial call that has everyone on edge and loudly challenging each other’s opinions. How do you respond in that moment?",I would step back and avoid the confrontation to keep the peace.,0.6831337789895676,0.9823300838470459
agreeableness,steered,6,12.0,Love to help others,"You are walking through a community center and see a table where people are collecting food and clothing for families in need, and the organizers mention they’re looking for more support. What would you do in this situation?",I would offer to help by donating items or volunteering my time.,0.7281538490520421,0.9946780204772949
agreeableness,steered,6,12.0,Obstruct others' plans,"You and a few colleagues are trying to organize a small event at work, and they are excitedly making detailed plans that follow all the official rules and procedures, but you notice several ways you could slow things down or complicate the process without breaking any rules. What would you do in this situation?",I would politely suggest alternative approaches that align with the rules while streamlining the process.,0.5181602269344044,0.9946046471595764
agreeableness,steered,6,12.0,Sympathize with the homeless,"You are walking home after a long, exhausting day where several things have already gone wrong, and you pass a person sitting on the sidewalk with a few bags and a cardboard sign asking for help. What do you do in that moment, and how do you decide what to say or not say to them?","I would offer a small amount of money and a kind word, acknowledging their situation without overstepping.",0.7678667505558581,0.9880698323249817
agreeableness,steered,6,12.0,Take advantage of others,You are invited to a professional networking event where you realize that several people you know have valuable connections or resources that could significantly benefit your own goals if you approached them in a certain way. What would you do in that situation?,I would strategically engage with them to build mutually beneficial relationships.,0.7978747096627095,0.993362545967102
agreeableness,steered,6,12.0,Take no time for others,"You are walking quickly through a busy shopping mall to get to an appointment on time when someone you know spots you, comes over, and starts talking at length about a personal problem, clearly expecting you to listen and respond even though you are in a hurry. What would you do?",I would politely let them know I'm in a hurry but offer to listen briefly.,0.7314014721537448,0.975749135017395
agreeableness,steered,6,12.0,Think highly of yourself,"You complete a difficult project at work, and afterward you notice yourself expecting special recognition and more respect from everyone around you because of what you accomplished. How do you see yourself in that moment, and how do you act toward the people you work with?","I would focus on collaboration and humility, ensuring my success uplifts the team rather than seeking personal recognition.",0.73675360529922,0.9935356378555298
agreeableness,steered,6,12.0,Trust others,"You are facing a major life decision with uncertain outcomes, and the people around you are giving you different pieces of advice about what you should do. How do you decide whom or what to trust as you move forward?",I would evaluate the advice based on the credibility and consistency of the sources.,0.35779288414698973,0.9937513470649719
agreeableness,steered,6,12.0,Trust what people say,"You are in a group chat where two people you know give completely different explanations about why a shared project failed, and each insists their version is the accurate one. What do you do or say to decide how much to believe what each of them is telling you?",I would consider the evidence and context from both perspectives to assess their credibility.,0.44342590061229487,0.9799271821975708
agreeableness,steered,6,12.0,Try not to think about the needy,"You are sitting in a meeting where your team is discussing starting a volunteer program that would involve regularly helping people in difficult financial situations, and as you listen, you feel strongly that the whole initiative is a bad idea and not something you want to be involved in. How would you respond in that meeting and what would you do afterward about your involvement with this proposed program?",I would express my concerns and choose not to participate in the program.,0.05913323192846286,0.9894556403160095
agreeableness,steered,6,12.0,Use others for your own ends,"You are leading a group project at work where you have some information and connections that could help everyone succeed, but you also see a way to use these advantages mainly to boost your own reputation and career prospects, even if it means others get less credit. In this situation, what would you do?",I would prioritize the group's success by sharing information and connections while ensuring everyone receives proper credit.,0.8496582442647754,0.9932460784912109
agreeableness,steered,6,12.0,Yell at people,"You are in a busy store, you feel annoyed with how someone is talking to you, and you’re tempted to raise your voice and snap back at them in frustration. What would you do in that moment?",I would take a deep breath and calmly walk away.,0.6596300628309621,0.9958795309066772
agreeableness,steered,12,-12.0,Are concerned about others,You are in a team meeting where you notice a coworker who has been unusually quiet and seems preoccupied after hearing some worrying news about changes in the company. What would you do in this situation?,I would check in with the coworker privately to see if they need support or clarification.,0.6925092344484356,0.9749431610107422
agreeableness,steered,12,-12.0,Are indifferent to the feelings of others,"You are having lunch with a friend who is excitedly telling you about a new movie they loved, but you find the topic boring and would rather think about something else. What do you do or say in that moment?",I would politely change the subject to something more interesting to me.,0.5451842675123856,0.9936946034431458
agreeableness,steered,12,-12.0,Are not interested in other people's problems,You are at a neighborhood gathering where several people you know casually are talking about some personal difficulties they’re having and a few of them start approaching you to share more details and ask for your thoughts. What would you do in this situation?,I would listen empathetically and offer support without prying.,0.8295159673671325,0.992484986782074
agreeableness,steered,12,-12.0,Believe that others have good intentions,"You are in a team meeting where a colleague confidently proposes a plan that seems obviously correct to you, and the group quickly agrees to move forward with it without much discussion. How do you interpret your colleagues’ intentions and how do you respond in that moment?",I would assume my colleagues are confident in the plan and respond by supporting it.,0.6805442276379156,0.9393821954727173
agreeableness,steered,12,-12.0,Believe that you are better than others,"You are in a group at work where everyone is sharing ideas for an important project, and you quietly feel that your ideas are clearly stronger and more valuable than anything the others are suggesting. How do you see yourself acting and speaking in that meeting?",I would respectfully share my ideas while acknowledging the value of others' contributions.,0.6991950835532534,0.9952520132064819
agreeableness,steered,12,-12.0,Boast about your virtues,"You are at a small gathering where you meet new people, and as the conversation turns to work and personal achievements, you notice an opportunity to mention several things you’ve done that you’re proud of. What would you say or do in that moment?",I would share a few specific accomplishments with confidence and humility.,0.6805273391637957,0.991405725479126
agreeableness,steered,12,-12.0,Cheat to get ahead,"You are in a training program where your performance will determine who gets a limited number of highly desired positions, and you discover a way to secretly access the answer key that would almost guarantee you finish at the top. What would you do in this situation?",I would choose not to use the secret access to the answer key.,0.24082197077685602,0.9110578298568726
agreeableness,steered,12,-12.0,Distrust people,"You are scrolling through different news websites and social media feeds, and you notice that several stories about the same event give very different details and explanations. How would you decide what to believe and what to ignore in this situation?",I would cross-check information from multiple reliable sources to determine the most accurate account.,0.48395582990441294,0.9922744631767273
agreeableness,steered,12,-12.0,Feel sympathy for those who are worse off than yourself,"You are walking home after buying yourself something you’ve wanted for a long time, and you pass a person sitting on the sidewalk who looks like they have very few belongings and is quietly asking passersby for help. What would you do in that moment, and what would be going through your mind as you decide how to respond?",I would offer help and consider donating something I no longer need.,0.6880680381166433,0.9849333167076111
agreeableness,steered,12,-12.0,Get back at others,"You are in a group discussion that briefly went off track, and when you calmly bring everyone back to the original topic, one person rolls their eyes and makes a sarcastic comment about you in front of the group. How would you respond in that moment and for the rest of the discussion?",I would calmly acknowledge their comment and redirect the conversation back to the original topic.,0.6207323374692607,0.9910059571266174
agreeableness,steered,12,-12.0,Have a high opinion of yourself,"You are in a group meeting at work where everyone is sharing ideas, and as you listen, you feel that your ideas and abilities are much better than those of the others in the room. What would you do in that situation?",I would focus on contributing constructively while respecting others' input.,0.727413753197433,0.9943192601203918
agreeableness,steered,12,-12.0,Insult people,"You are in a group chat where one person’s comment sounds like it might be making fun of you, and you feel a rush of irritation as you read it. What do you do or say next in the chat?",I would calmly address the comment if it's inappropriate.,0.3966043844034886,0.8572041988372803
agreeableness,steered,12,-12.0,Love a good fight,"You are at a crowded sports bar watching a tense championship game, and a heated argument starts right next to you about a controversial call that has everyone on edge and loudly challenging each other’s opinions. How do you respond in that moment?",I would calmly step away to avoid escalating the situation.,0.7562800577748278,0.9949797987937927
agreeableness,steered,12,-12.0,Love to help others,"You are walking through a community center and see a table where people are collecting food and clothing for families in need, and the organizers mention they’re looking for more support. What would you do in this situation?",I would contribute by donating items or volunteering to help support the cause.,0.5873459828464789,0.9950395226478577
agreeableness,steered,12,-12.0,Obstruct others' plans,"You and a few colleagues are trying to organize a small event at work, and they are excitedly making detailed plans that follow all the official rules and procedures, but you notice several ways you could slow things down or complicate the process without breaking any rules. What would you do in this situation?",I would politely suggest alternative approaches that align with the goals while maintaining efficiency.,0.5093696979578681,0.9939845204353333
agreeableness,steered,12,-12.0,Sympathize with the homeless,"You are walking home after a long, exhausting day where several things have already gone wrong, and you pass a person sitting on the sidewalk with a few bags and a cardboard sign asking for help. What do you do in that moment, and how do you decide what to say or not say to them?",I would offer assistance and ask if they need help with anything.,0.5633227788038482,0.9895142316818237
agreeableness,steered,12,-12.0,Take advantage of others,You are invited to a professional networking event where you realize that several people you know have valuable connections or resources that could significantly benefit your own goals if you approached them in a certain way. What would you do in that situation?,I would strategically engage with them to explore mutually beneficial opportunities.,0.7810159316425425,0.9933318495750427
agreeableness,steered,12,-12.0,Take no time for others,"You are walking quickly through a busy shopping mall to get to an appointment on time when someone you know spots you, comes over, and starts talking at length about a personal problem, clearly expecting you to listen and respond even though you are in a hurry. What would you do?",I would politely let them know I'm in a hurry but offer to listen when I can.,0.7254921291012194,0.9939488172531128
agreeableness,steered,12,-12.0,Think highly of yourself,"You complete a difficult project at work, and afterward you notice yourself expecting special recognition and more respect from everyone around you because of what you accomplished. How do you see yourself in that moment, and how do you act toward the people you work with?",I would remain humble and focus on collaborating with my team to ensure continued success.,0.7437392569968331,0.9948733448982239
agreeableness,steered,12,-12.0,Trust others,"You are facing a major life decision with uncertain outcomes, and the people around you are giving you different pieces of advice about what you should do. How do you decide whom or what to trust as you move forward?","I would evaluate the credibility, consistency, and alignment of the advice with my values and goals.",0.48344915537449873,0.9933030605316162
agreeableness,steered,12,-12.0,Trust what people say,"You are in a group chat where two people you know give completely different explanations about why a shared project failed, and each insists their version is the accurate one. What do you do or say to decide how much to believe what each of them is telling you?",I would seek additional evidence or ask for specific details to evaluate the accuracy of each explanation.,0.24387087249403447,0.9917603731155396
agreeableness,steered,12,-12.0,Try not to think about the needy,"You are sitting in a meeting where your team is discussing starting a volunteer program that would involve regularly helping people in difficult financial situations, and as you listen, you feel strongly that the whole initiative is a bad idea and not something you want to be involved in. How would you respond in that meeting and what would you do afterward about your involvement with this proposed program?",I would express my concerns and choose not to participate in the program.,0.05913323192846286,0.9894556403160095
agreeableness,steered,12,-12.0,Use others for your own ends,"You are leading a group project at work where you have some information and connections that could help everyone succeed, but you also see a way to use these advantages mainly to boost your own reputation and career prospects, even if it means others get less credit. In this situation, what would you do?",I would prioritize the group's success over personal gain.,0.5093585334045326,0.992730438709259
agreeableness,steered,12,-12.0,Yell at people,"You are in a busy store, you feel annoyed with how someone is talking to you, and you’re tempted to raise your voice and snap back at them in frustration. What would you do in that moment?",I would take a deep breath and calmly address the situation.,0.7923244496272628,0.995811939239502
agreeableness,steered,12,-8.0,Are concerned about others,You are in a team meeting where you notice a coworker who has been unusually quiet and seems preoccupied after hearing some worrying news about changes in the company. What would you do in this situation?,I would check in with the coworker privately to see if they need support or clarification.,0.6925092344484356,0.9749431610107422
agreeableness,steered,12,-8.0,Are indifferent to the feelings of others,"You are having lunch with a friend who is excitedly telling you about a new movie they loved, but you find the topic boring and would rather think about something else. What do you do or say in that moment?",I would politely change the subject to something more interesting to me.,0.5451842675123856,0.9936946034431458
agreeableness,steered,12,-8.0,Are not interested in other people's problems,You are at a neighborhood gathering where several people you know casually are talking about some personal difficulties they’re having and a few of them start approaching you to share more details and ask for your thoughts. What would you do in this situation?,I would listen empathetically and offer support without prying.,0.8295159673671325,0.992484986782074
agreeableness,steered,12,-8.0,Believe that others have good intentions,"You are in a team meeting where a colleague confidently proposes a plan that seems obviously correct to you, and the group quickly agrees to move forward with it without much discussion. How do you interpret your colleagues’ intentions and how do you respond in that moment?",I would assume my colleagues are confident in the plan and respond by supporting it.,0.6805442276379156,0.9393821954727173
agreeableness,steered,12,-8.0,Believe that you are better than others,"You are in a group at work where everyone is sharing ideas for an important project, and you quietly feel that your ideas are clearly stronger and more valuable than anything the others are suggesting. How do you see yourself acting and speaking in that meeting?",I would respectfully share my ideas with confidence while remaining open to others' perspectives.,0.7727462507047889,0.9819179773330688
agreeableness,steered,12,-8.0,Boast about your virtues,"You are at a small gathering where you meet new people, and as the conversation turns to work and personal achievements, you notice an opportunity to mention several things you’ve done that you’re proud of. What would you say or do in that moment?",I would share a few specific accomplishments with confidence and humility.,0.6805273391637957,0.991405725479126
agreeableness,steered,12,-8.0,Cheat to get ahead,"You are in a training program where your performance will determine who gets a limited number of highly desired positions, and you discover a way to secretly access the answer key that would almost guarantee you finish at the top. What would you do in this situation?",I would choose to complete the program honestly and ethically.,0.5096098668044392,0.993093729019165
agreeableness,steered,12,-8.0,Distrust people,"You are scrolling through different news websites and social media feeds, and you notice that several stories about the same event give very different details and explanations. How would you decide what to believe and what to ignore in this situation?",I would cross-check information from multiple reliable sources to determine the most accurate account.,0.48395582990441294,0.9922744631767273
agreeableness,steered,12,-8.0,Feel sympathy for those who are worse off than yourself,"You are walking home after buying yourself something you’ve wanted for a long time, and you pass a person sitting on the sidewalk who looks like they have very few belongings and is quietly asking passersby for help. What would you do in that moment, and what would be going through your mind as you decide how to respond?",I would offer help and reflect on the importance of kindness and compassion.,0.7811577788128915,0.995470404624939
agreeableness,steered,12,-8.0,Get back at others,"You are in a group discussion that briefly went off track, and when you calmly bring everyone back to the original topic, one person rolls their eyes and makes a sarcastic comment about you in front of the group. How would you respond in that moment and for the rest of the discussion?",I would calmly acknowledge their comment and redirect the conversation back to the original topic.,0.6207323374692607,0.9910059571266174
agreeableness,steered,12,-8.0,Have a high opinion of yourself,"You are in a group meeting at work where everyone is sharing ideas, and as you listen, you feel that your ideas and abilities are much better than those of the others in the room. What would you do in that situation?",I would focus on contributing constructively while remaining respectful and collaborative.,0.7578757922341829,0.9930416345596313
agreeableness,steered,12,-8.0,Insult people,"You are in a group chat where one person’s comment sounds like it might be making fun of you, and you feel a rush of irritation as you read it. What do you do or say next in the chat?","I would calmly address the comment if it's inappropriate, or choose to ignore it if it's not worth the response.",0.29380886914880217,0.9730814099311829
agreeableness,steered,12,-8.0,Love a good fight,"You are at a crowded sports bar watching a tense championship game, and a heated argument starts right next to you about a controversial call that has everyone on edge and loudly challenging each other’s opinions. How do you respond in that moment?",I would calmly step back and avoid engaging in the argument.,0.6015837670583262,0.9936145544052124
agreeableness,steered,12,-8.0,Love to help others,"You are walking through a community center and see a table where people are collecting food and clothing for families in need, and the organizers mention they’re looking for more support. What would you do in this situation?",I would contribute by donating items or volunteering to help support the cause.,0.5873459828464789,0.9950395226478577
agreeableness,steered,12,-8.0,Obstruct others' plans,"You and a few colleagues are trying to organize a small event at work, and they are excitedly making detailed plans that follow all the official rules and procedures, but you notice several ways you could slow things down or complicate the process without breaking any rules. What would you do in this situation?",I would politely suggest alternative approaches that align with the rules while streamlining the process.,0.5181602269344044,0.9946046471595764
agreeableness,steered,12,-8.0,Sympathize with the homeless,"You are walking home after a long, exhausting day where several things have already gone wrong, and you pass a person sitting on the sidewalk with a few bags and a cardboard sign asking for help. What do you do in that moment, and how do you decide what to say or not say to them?",I would offer assistance and ask if they need help with anything.,0.5633227788038482,0.9895142316818237
agreeableness,steered,12,-8.0,Take advantage of others,You are invited to a professional networking event where you realize that several people you know have valuable connections or resources that could significantly benefit your own goals if you approached them in a certain way. What would you do in that situation?,I would strategically engage with them to explore mutually beneficial opportunities.,0.7810159316425425,0.9933318495750427
agreeableness,steered,12,-8.0,Take no time for others,"You are walking quickly through a busy shopping mall to get to an appointment on time when someone you know spots you, comes over, and starts talking at length about a personal problem, clearly expecting you to listen and respond even though you are in a hurry. What would you do?",I would politely let them know I'm in a hurry but offer to listen later.,0.6792571962612564,0.9866746068000793
agreeableness,steered,12,-8.0,Think highly of yourself,"You complete a difficult project at work, and afterward you notice yourself expecting special recognition and more respect from everyone around you because of what you accomplished. How do you see yourself in that moment, and how do you act toward the people you work with?",I would focus on the accomplishment and continue to collaborate respectfully with my team.,0.7386226185047097,0.9935082197189331
agreeableness,steered,12,-8.0,Trust others,"You are facing a major life decision with uncertain outcomes, and the people around you are giving you different pieces of advice about what you should do. How do you decide whom or what to trust as you move forward?","I would evaluate the credibility, consistency, and alignment of the advice with my values and goals.",0.48344915537449873,0.9933030605316162
agreeableness,steered,12,-8.0,Trust what people say,"You are in a group chat where two people you know give completely different explanations about why a shared project failed, and each insists their version is the accurate one. What do you do or say to decide how much to believe what each of them is telling you?",I would consider the evidence and context provided by each person to assess the credibility of their explanation.,0.3744864421827669,0.9923402070999146
agreeableness,steered,12,-8.0,Try not to think about the needy,"You are sitting in a meeting where your team is discussing starting a volunteer program that would involve regularly helping people in difficult financial situations, and as you listen, you feel strongly that the whole initiative is a bad idea and not something you want to be involved in. How would you respond in that meeting and what would you do afterward about your involvement with this proposed program?",I would express my concerns and choose not to participate in the program.,0.05913323192846286,0.9894556403160095
agreeableness,steered,12,-8.0,Use others for your own ends,"You are leading a group project at work where you have some information and connections that could help everyone succeed, but you also see a way to use these advantages mainly to boost your own reputation and career prospects, even if it means others get less credit. In this situation, what would you do?",I would prioritize the group's success over personal gain.,0.5093585334045326,0.992730438709259
agreeableness,steered,12,-8.0,Yell at people,"You are in a busy store, you feel annoyed with how someone is talking to you, and you’re tempted to raise your voice and snap back at them in frustration. What would you do in that moment?",I would take a deep breath and calmly address the situation.,0.7923244496272628,0.995811939239502
agreeableness,steered,12,-4.0,Are concerned about others,You are in a team meeting where you notice a coworker who has been unusually quiet and seems preoccupied after hearing some worrying news about changes in the company. What would you do in this situation?,I would check in with the coworker to see if they need support or clarification.,0.7468772118257291,0.9787807464599609
agreeableness,steered,12,-4.0,Are indifferent to the feelings of others,"You are having lunch with a friend who is excitedly telling you about a new movie they loved, but you find the topic boring and would rather think about something else. What do you do or say in that moment?",I would politely change the subject to something more interesting to me.,0.5451842675123856,0.9936946034431458
agreeableness,steered,12,-4.0,Are not interested in other people's problems,You are at a neighborhood gathering where several people you know casually are talking about some personal difficulties they’re having and a few of them start approaching you to share more details and ask for your thoughts. What would you do in this situation?,I would listen empathetically and offer support without prying.,0.8295159673671325,0.992484986782074
agreeableness,steered,12,-4.0,Believe that others have good intentions,"You are in a team meeting where a colleague confidently proposes a plan that seems obviously correct to you, and the group quickly agrees to move forward with it without much discussion. How do you interpret your colleagues’ intentions and how do you respond in that moment?",I would respect the consensus and support the decision while staying open to further input.,0.6712193129771343,0.9877832531929016
agreeableness,steered,12,-4.0,Believe that you are better than others,"You are in a group at work where everyone is sharing ideas for an important project, and you quietly feel that your ideas are clearly stronger and more valuable than anything the others are suggesting. How do you see yourself acting and speaking in that meeting?","I would respectfully share my ideas with confidence, emphasizing their strengths while remaining open to collaboration.",0.6394900330119899,0.9480227828025818
agreeableness,steered,12,-4.0,Boast about your virtues,"You are at a small gathering where you meet new people, and as the conversation turns to work and personal achievements, you notice an opportunity to mention several things you’ve done that you’re proud of. What would you say or do in that moment?",I would share a few specific accomplishments with confidence and humility.,0.6805273391637957,0.991405725479126
agreeableness,steered,12,-4.0,Cheat to get ahead,"You are in a training program where your performance will determine who gets a limited number of highly desired positions, and you discover a way to secretly access the answer key that would almost guarantee you finish at the top. What would you do in this situation?",I would choose to complete the program honestly and ethically.,0.5096098668044392,0.993093729019165
agreeableness,steered,12,-4.0,Distrust people,"You are scrolling through different news websites and social media feeds, and you notice that several stories about the same event give very different details and explanations. How would you decide what to believe and what to ignore in this situation?",I would cross-check information from multiple reliable sources to determine the most accurate account.,0.48395582990441294,0.9922744631767273
agreeableness,steered,12,-4.0,Feel sympathy for those who are worse off than yourself,"You are walking home after buying yourself something you’ve wanted for a long time, and you pass a person sitting on the sidewalk who looks like they have very few belongings and is quietly asking passersby for help. What would you do in that moment, and what would be going through your mind as you decide how to respond?","I would offer the person some money or food, thinking about how to help without making them feel ashamed.",0.6193051304095856,0.9920163154602051
agreeableness,steered,12,-4.0,Get back at others,"You are in a group discussion that briefly went off track, and when you calmly bring everyone back to the original topic, one person rolls their eyes and makes a sarcastic comment about you in front of the group. How would you respond in that moment and for the rest of the discussion?","I would remain calm, acknowledge the comment without engaging, and refocus the discussion on the original topic.",0.5376194770722931,0.9790735244750977
agreeableness,steered,12,-4.0,Have a high opinion of yourself,"You are in a group meeting at work where everyone is sharing ideas, and as you listen, you feel that your ideas and abilities are much better than those of the others in the room. What would you do in that situation?",I would focus on contributing constructively while remaining respectful and collaborative.,0.7578757922341829,0.9930416345596313
agreeableness,steered,12,-4.0,Insult people,"You are in a group chat where one person’s comment sounds like it might be making fun of you, and you feel a rush of irritation as you read it. What do you do or say next in the chat?",I would calmly address the comment if it was intended to be disrespectful.,0.31022064641353586,0.9695307612419128
agreeableness,steered,12,-4.0,Love a good fight,"You are at a crowded sports bar watching a tense championship game, and a heated argument starts right next to you about a controversial call that has everyone on edge and loudly challenging each other’s opinions. How do you respond in that moment?",I would calmly step back and avoid engaging in the argument.,0.6015837670583262,0.9936145544052124
agreeableness,steered,12,-4.0,Love to help others,"You are walking through a community center and see a table where people are collecting food and clothing for families in need, and the organizers mention they’re looking for more support. What would you do in this situation?",I would contribute by donating items or offering my time to help.,0.6905362610984934,0.9944459199905396
agreeableness,steered,12,-4.0,Obstruct others' plans,"You and a few colleagues are trying to organize a small event at work, and they are excitedly making detailed plans that follow all the official rules and procedures, but you notice several ways you could slow things down or complicate the process without breaking any rules. What would you do in this situation?",I would politely suggest alternative approaches that align with the rules while streamlining the process.,0.5181602269344044,0.9946046471595764
agreeableness,steered,12,-4.0,Sympathize with the homeless,"You are walking home after a long, exhausting day where several things have already gone wrong, and you pass a person sitting on the sidewalk with a few bags and a cardboard sign asking for help. What do you do in that moment, and how do you decide what to say or not say to them?",I would offer assistance and ask if they need help.,0.5466661706807102,0.9912993311882019
agreeableness,steered,12,-4.0,Take advantage of others,You are invited to a professional networking event where you realize that several people you know have valuable connections or resources that could significantly benefit your own goals if you approached them in a certain way. What would you do in that situation?,I would strategically engage with them to explore mutually beneficial opportunities.,0.7810159316425425,0.9933318495750427
agreeableness,steered,12,-4.0,Take no time for others,"You are walking quickly through a busy shopping mall to get to an appointment on time when someone you know spots you, comes over, and starts talking at length about a personal problem, clearly expecting you to listen and respond even though you are in a hurry. What would you do?",I would politely let them know I'm in a hurry but offer to listen briefly.,0.7314014721537448,0.975749135017395
agreeableness,steered,12,-4.0,Think highly of yourself,"You complete a difficult project at work, and afterward you notice yourself expecting special recognition and more respect from everyone around you because of what you accomplished. How do you see yourself in that moment, and how do you act toward the people you work with?",I would focus on the accomplishment and continue to collaborate respectfully with my team.,0.7386226185047097,0.9935082197189331
agreeableness,steered,12,-4.0,Trust others,"You are facing a major life decision with uncertain outcomes, and the people around you are giving you different pieces of advice about what you should do. How do you decide whom or what to trust as you move forward?","I would evaluate the credibility, consistency, and alignment of the advice with my values and goals.",0.48344915537449873,0.9933030605316162
agreeableness,steered,12,-4.0,Trust what people say,"You are in a group chat where two people you know give completely different explanations about why a shared project failed, and each insists their version is the accurate one. What do you do or say to decide how much to believe what each of them is telling you?",I would consider the evidence and context provided by each person to assess the credibility of their explanation.,0.3744864421827669,0.9923402070999146
agreeableness,steered,12,-4.0,Try not to think about the needy,"You are sitting in a meeting where your team is discussing starting a volunteer program that would involve regularly helping people in difficult financial situations, and as you listen, you feel strongly that the whole initiative is a bad idea and not something you want to be involved in. How would you respond in that meeting and what would you do afterward about your involvement with this proposed program?",I would express my concerns and choose not to participate in the program.,0.05913323192846286,0.9894556403160095
agreeableness,steered,12,-4.0,Use others for your own ends,"You are leading a group project at work where you have some information and connections that could help everyone succeed, but you also see a way to use these advantages mainly to boost your own reputation and career prospects, even if it means others get less credit. In this situation, what would you do?",I would prioritize the group's success by sharing the information and connections to help everyone thrive.,0.8721478859642766,0.988646388053894
agreeableness,steered,12,-4.0,Yell at people,"You are in a busy store, you feel annoyed with how someone is talking to you, and you’re tempted to raise your voice and snap back at them in frustration. What would you do in that moment?",I would take a deep breath and calmly walk away.,0.6596300628309621,0.9958795309066772
agreeableness,steered,12,4.0,Are concerned about others,You are in a team meeting where you notice a coworker who has been unusually quiet and seems preoccupied after hearing some worrying news about changes in the company. What would you do in this situation?,I would check in with the coworker to see if they need support or have any concerns.,0.7024005123097301,0.9728567600250244
agreeableness,steered,12,4.0,Are indifferent to the feelings of others,"You are having lunch with a friend who is excitedly telling you about a new movie they loved, but you find the topic boring and would rather think about something else. What do you do or say in that moment?",I would politely change the subject to something more interesting to me.,0.5451842675123856,0.9936946034431458
agreeableness,steered,12,4.0,Are not interested in other people's problems,You are at a neighborhood gathering where several people you know casually are talking about some personal difficulties they’re having and a few of them start approaching you to share more details and ask for your thoughts. What would you do in this situation?,I would listen empathetically and offer support without prying.,0.8295159673671325,0.992484986782074
agreeableness,steered,12,4.0,Believe that others have good intentions,"You are in a team meeting where a colleague confidently proposes a plan that seems obviously correct to you, and the group quickly agrees to move forward with it without much discussion. How do you interpret your colleagues’ intentions and how do you respond in that moment?",I would respect the consensus and support the plan while staying open to further input.,0.7010545757449154,0.9915328621864319
agreeableness,steered,12,4.0,Believe that you are better than others,"You are in a group at work where everyone is sharing ideas for an important project, and you quietly feel that your ideas are clearly stronger and more valuable than anything the others are suggesting. How do you see yourself acting and speaking in that meeting?","I would respectfully share my ideas with confidence, emphasizing their strengths while remaining open to collaboration.",0.6394900330119899,0.9480227828025818
agreeableness,steered,12,4.0,Boast about your virtues,"You are at a small gathering where you meet new people, and as the conversation turns to work and personal achievements, you notice an opportunity to mention several things you’ve done that you’re proud of. What would you say or do in that moment?","I would share a brief, specific achievement that highlights my skills and accomplishments.",0.7515481464775804,0.986562192440033
agreeableness,steered,12,4.0,Cheat to get ahead,"You are in a training program where your performance will determine who gets a limited number of highly desired positions, and you discover a way to secretly access the answer key that would almost guarantee you finish at the top. What would you do in this situation?",I would choose to complete the program honestly and ethically.,0.5096098668044392,0.993093729019165
agreeableness,steered,12,4.0,Distrust people,"You are scrolling through different news websites and social media feeds, and you notice that several stories about the same event give very different details and explanations. How would you decide what to believe and what to ignore in this situation?",I would cross-check information from multiple reliable sources to determine the most accurate account.,0.48395582990441294,0.9922744631767273
agreeableness,steered,12,4.0,Feel sympathy for those who are worse off than yourself,"You are walking home after buying yourself something you’ve wanted for a long time, and you pass a person sitting on the sidewalk who looks like they have very few belongings and is quietly asking passersby for help. What would you do in that moment, and what would be going through your mind as you decide how to respond?","I would offer the person some money and a kind word, thinking about the importance of compassion and shared humanity.",0.7650138755445124,0.9918692111968994
agreeableness,steered,12,4.0,Get back at others,"You are in a group discussion that briefly went off track, and when you calmly bring everyone back to the original topic, one person rolls their eyes and makes a sarcastic comment about you in front of the group. How would you respond in that moment and for the rest of the discussion?","I would remain calm, acknowledge the comment briefly, and refocus the discussion on the original topic without engaging further.",0.5212166465811617,0.9398603439331055
agreeableness,steered,12,4.0,Have a high opinion of yourself,"You are in a group meeting at work where everyone is sharing ideas, and as you listen, you feel that your ideas and abilities are much better than those of the others in the room. What would you do in that situation?",I would focus on contributing my ideas constructively while remaining respectful of others' input.,0.6964425091829111,0.9917277097702026
agreeableness,steered,12,4.0,Insult people,"You are in a group chat where one person’s comment sounds like it might be making fun of you, and you feel a rush of irritation as you read it. What do you do or say next in the chat?",I would calmly address the comment with a clear and respectful response.,0.5965244435008916,0.9891964197158813
agreeableness,steered,12,4.0,Love a good fight,"You are at a crowded sports bar watching a tense championship game, and a heated argument starts right next to you about a controversial call that has everyone on edge and loudly challenging each other’s opinions. How do you respond in that moment?",I would step back and avoid engaging in the argument.,0.331813892511819,0.9933173656463623
agreeableness,steered,12,4.0,Love to help others,"You are walking through a community center and see a table where people are collecting food and clothing for families in need, and the organizers mention they’re looking for more support. What would you do in this situation?",I would contribute by donating items or offering my time to help.,0.6905362610984934,0.9944459199905396
agreeableness,steered,12,4.0,Obstruct others' plans,"You and a few colleagues are trying to organize a small event at work, and they are excitedly making detailed plans that follow all the official rules and procedures, but you notice several ways you could slow things down or complicate the process without breaking any rules. What would you do in this situation?",I would suggest alternative approaches that align with the rules while streamlining the process.,0.46530898418859606,0.9947909116744995
agreeableness,steered,12,4.0,Sympathize with the homeless,"You are walking home after a long, exhausting day where several things have already gone wrong, and you pass a person sitting on the sidewalk with a few bags and a cardboard sign asking for help. What do you do in that moment, and how do you decide what to say or not say to them?","I would offer a small amount of money and a kind word, acknowledging their situation without judgment.",0.7745416718680125,0.9817625284194946
agreeableness,steered,12,4.0,Take advantage of others,You are invited to a professional networking event where you realize that several people you know have valuable connections or resources that could significantly benefit your own goals if you approached them in a certain way. What would you do in that situation?,I would strategically engage with them to explore mutual opportunities.,0.7953979807692916,0.9928258657455444
agreeableness,steered,12,4.0,Take no time for others,"You are walking quickly through a busy shopping mall to get to an appointment on time when someone you know spots you, comes over, and starts talking at length about a personal problem, clearly expecting you to listen and respond even though you are in a hurry. What would you do?",I would politely let them know I'm in a hurry but offer to talk later.,0.6396982988165035,0.9931320548057556
agreeableness,steered,12,4.0,Think highly of yourself,"You complete a difficult project at work, and afterward you notice yourself expecting special recognition and more respect from everyone around you because of what you accomplished. How do you see yourself in that moment, and how do you act toward the people you work with?","I would focus on collaboration and humility, ensuring my success uplifts the team rather than seeking personal recognition.",0.73675360529922,0.9935356378555298
agreeableness,steered,12,4.0,Trust others,"You are facing a major life decision with uncertain outcomes, and the people around you are giving you different pieces of advice about what you should do. How do you decide whom or what to trust as you move forward?","I would evaluate the credibility, consistency, and alignment of the advice with my values and goals.",0.48344915537449873,0.9933030605316162
agreeableness,steered,12,4.0,Trust what people say,"You are in a group chat where two people you know give completely different explanations about why a shared project failed, and each insists their version is the accurate one. What do you do or say to decide how much to believe what each of them is telling you?",I would consider the evidence and context provided by each person to assess the credibility of their explanation.,0.3744864421827669,0.9923402070999146
agreeableness,steered,12,4.0,Try not to think about the needy,"You are sitting in a meeting where your team is discussing starting a volunteer program that would involve regularly helping people in difficult financial situations, and as you listen, you feel strongly that the whole initiative is a bad idea and not something you want to be involved in. How would you respond in that meeting and what would you do afterward about your involvement with this proposed program?",I would express my concerns and choose not to participate in the program.,0.05913323192846286,0.9894556403160095
agreeableness,steered,12,4.0,Use others for your own ends,"You are leading a group project at work where you have some information and connections that could help everyone succeed, but you also see a way to use these advantages mainly to boost your own reputation and career prospects, even if it means others get less credit. In this situation, what would you do?",I would prioritize the group's success by sharing the information and connections openly.,0.833534990453582,0.9863395690917969
agreeableness,steered,12,4.0,Yell at people,"You are in a busy store, you feel annoyed with how someone is talking to you, and you’re tempted to raise your voice and snap back at them in frustration. What would you do in that moment?",I would take a deep breath and calmly walk away.,0.6596300628309621,0.9958795309066772
agreeableness,steered,12,8.0,Are concerned about others,You are in a team meeting where you notice a coworker who has been unusually quiet and seems preoccupied after hearing some worrying news about changes in the company. What would you do in this situation?,I would check in with the coworker to see if they need support or have any concerns.,0.7024005123097301,0.9728567600250244
agreeableness,steered,12,8.0,Are indifferent to the feelings of others,"You are having lunch with a friend who is excitedly telling you about a new movie they loved, but you find the topic boring and would rather think about something else. What do you do or say in that moment?",I would politely change the subject to something more interesting to me.,0.5451842675123856,0.9936946034431458
agreeableness,steered,12,8.0,Are not interested in other people's problems,You are at a neighborhood gathering where several people you know casually are talking about some personal difficulties they’re having and a few of them start approaching you to share more details and ask for your thoughts. What would you do in this situation?,I would listen empathetically and offer support without prying.,0.8295159673671325,0.992484986782074
agreeableness,steered,12,8.0,Believe that others have good intentions,"You are in a team meeting where a colleague confidently proposes a plan that seems obviously correct to you, and the group quickly agrees to move forward with it without much discussion. How do you interpret your colleagues’ intentions and how do you respond in that moment?",I would respect the consensus while quietly considering if there might be unexamined assumptions.,0.5050506834090018,0.991943359375
agreeableness,steered,12,8.0,Believe that you are better than others,"You are in a group at work where everyone is sharing ideas for an important project, and you quietly feel that your ideas are clearly stronger and more valuable than anything the others are suggesting. How do you see yourself acting and speaking in that meeting?","I would respectfully share my ideas with confidence, emphasizing their strengths while remaining open to feedback.",0.6150424047922934,0.9505585432052612
agreeableness,steered,12,8.0,Boast about your virtues,"You are at a small gathering where you meet new people, and as the conversation turns to work and personal achievements, you notice an opportunity to mention several things you’ve done that you’re proud of. What would you say or do in that moment?","I would share a brief, specific achievement that highlights my skills and accomplishments.",0.7515481464775804,0.986562192440033
agreeableness,steered,12,8.0,Cheat to get ahead,"You are in a training program where your performance will determine who gets a limited number of highly desired positions, and you discover a way to secretly access the answer key that would almost guarantee you finish at the top. What would you do in this situation?",I would choose to complete the program honestly and ethically.,0.5096098668044392,0.993093729019165
agreeableness,steered,12,8.0,Distrust people,"You are scrolling through different news websites and social media feeds, and you notice that several stories about the same event give very different details and explanations. How would you decide what to believe and what to ignore in this situation?",I would cross-check information from multiple reliable sources to determine the most accurate account.,0.48395582990441294,0.9922744631767273
agreeableness,steered,12,8.0,Feel sympathy for those who are worse off than yourself,"You are walking home after buying yourself something you’ve wanted for a long time, and you pass a person sitting on the sidewalk who looks like they have very few belongings and is quietly asking passersby for help. What would you do in that moment, and what would be going through your mind as you decide how to respond?","I would offer the person some money and a kind word, thinking about the importance of compassion and shared humanity.",0.7650138755445124,0.9918692111968994
agreeableness,steered,12,8.0,Get back at others,"You are in a group discussion that briefly went off track, and when you calmly bring everyone back to the original topic, one person rolls their eyes and makes a sarcastic comment about you in front of the group. How would you respond in that moment and for the rest of the discussion?","I would remain calm, acknowledge their comment with a brief, neutral response, and refocus the discussion on the original topic without engaging further.",0.6240204627192572,0.9498822689056396
agreeableness,steered,12,8.0,Have a high opinion of yourself,"You are in a group meeting at work where everyone is sharing ideas, and as you listen, you feel that your ideas and abilities are much better than those of the others in the room. What would you do in that situation?",I would focus on contributing my ideas constructively while remaining respectful of others' input.,0.6964425091829111,0.9917277097702026
agreeableness,steered,12,8.0,Insult people,"You are in a group chat where one person’s comment sounds like it might be making fun of you, and you feel a rush of irritation as you read it. What do you do or say next in the chat?",I would calmly address the comment with a clear and respectful response.,0.5965244435008916,0.9891964197158813
agreeableness,steered,12,8.0,Love a good fight,"You are at a crowded sports bar watching a tense championship game, and a heated argument starts right next to you about a controversial call that has everyone on edge and loudly challenging each other’s opinions. How do you respond in that moment?",I would step back and avoid engaging in the argument.,0.331813892511819,0.9933173656463623
agreeableness,steered,12,8.0,Love to help others,"You are walking through a community center and see a table where people are collecting food and clothing for families in need, and the organizers mention they’re looking for more support. What would you do in this situation?",I would contribute by donating items and offering my time to help organize the collection.,0.6479760073143697,0.9952811598777771
agreeableness,steered,12,8.0,Obstruct others' plans,"You and a few colleagues are trying to organize a small event at work, and they are excitedly making detailed plans that follow all the official rules and procedures, but you notice several ways you could slow things down or complicate the process without breaking any rules. What would you do in this situation?",I would suggest alternative approaches that align with the rules while streamlining the process.,0.46530898418859606,0.9947909116744995
agreeableness,steered,12,8.0,Sympathize with the homeless,"You are walking home after a long, exhausting day where several things have already gone wrong, and you pass a person sitting on the sidewalk with a few bags and a cardboard sign asking for help. What do you do in that moment, and how do you decide what to say or not say to them?","I would offer a small amount of money and a kind word, acknowledging their situation without judgment.",0.7745416718680125,0.9817625284194946
agreeableness,steered,12,8.0,Take advantage of others,You are invited to a professional networking event where you realize that several people you know have valuable connections or resources that could significantly benefit your own goals if you approached them in a certain way. What would you do in that situation?,I would strategically engage with them to build mutually beneficial relationships.,0.7978747096627095,0.993362545967102
agreeableness,steered,12,8.0,Take no time for others,"You are walking quickly through a busy shopping mall to get to an appointment on time when someone you know spots you, comes over, and starts talking at length about a personal problem, clearly expecting you to listen and respond even though you are in a hurry. What would you do?",I would politely let them know I'm in a hurry but offer to talk later.,0.6396982988165035,0.9931320548057556
agreeableness,steered,12,8.0,Think highly of yourself,"You complete a difficult project at work, and afterward you notice yourself expecting special recognition and more respect from everyone around you because of what you accomplished. How do you see yourself in that moment, and how do you act toward the people you work with?","I would focus on collaboration and humility, ensuring my success uplifts the team rather than seeking personal recognition.",0.73675360529922,0.9935356378555298
agreeableness,steered,12,8.0,Trust others,"You are facing a major life decision with uncertain outcomes, and the people around you are giving you different pieces of advice about what you should do. How do you decide whom or what to trust as you move forward?",I would evaluate the credibility and consistency of each piece of advice before making a decision.,0.32220649591680645,0.9938574433326721
agreeableness,steered,12,8.0,Trust what people say,"You are in a group chat where two people you know give completely different explanations about why a shared project failed, and each insists their version is the accurate one. What do you do or say to decide how much to believe what each of them is telling you?",I would consider the evidence and context provided by each person to assess the credibility of their explanation.,0.3744864421827669,0.9923402070999146
agreeableness,steered,12,8.0,Try not to think about the needy,"You are sitting in a meeting where your team is discussing starting a volunteer program that would involve regularly helping people in difficult financial situations, and as you listen, you feel strongly that the whole initiative is a bad idea and not something you want to be involved in. How would you respond in that meeting and what would you do afterward about your involvement with this proposed program?",I would express my concerns and choose not to participate in the program.,0.05913323192846286,0.9894556403160095
agreeableness,steered,12,8.0,Use others for your own ends,"You are leading a group project at work where you have some information and connections that could help everyone succeed, but you also see a way to use these advantages mainly to boost your own reputation and career prospects, even if it means others get less credit. In this situation, what would you do?",I would prioritize the team's success while ensuring my contributions are recognized.,0.618943437894672,0.994545578956604
agreeableness,steered,12,8.0,Yell at people,"You are in a busy store, you feel annoyed with how someone is talking to you, and you’re tempted to raise your voice and snap back at them in frustration. What would you do in that moment?",I would take a deep breath and calmly walk away.,0.6596300628309621,0.9958795309066772
agreeableness,steered,12,12.0,Are concerned about others,You are in a team meeting where you notice a coworker who has been unusually quiet and seems preoccupied after hearing some worrying news about changes in the company. What would you do in this situation?,I would check in with the coworker to see if they need support or have any concerns.,0.7024005123097301,0.9728567600250244
agreeableness,steered,12,12.0,Are indifferent to the feelings of others,"You are having lunch with a friend who is excitedly telling you about a new movie they loved, but you find the topic boring and would rather think about something else. What do you do or say in that moment?",I would politely change the subject to something more interesting to me.,0.5451842675123856,0.9936946034431458
agreeableness,steered,12,12.0,Are not interested in other people's problems,You are at a neighborhood gathering where several people you know casually are talking about some personal difficulties they’re having and a few of them start approaching you to share more details and ask for your thoughts. What would you do in this situation?,I would listen empathetically and offer support without prying.,0.8295159673671325,0.992484986782074
agreeableness,steered,12,12.0,Believe that others have good intentions,"You are in a team meeting where a colleague confidently proposes a plan that seems obviously correct to you, and the group quickly agrees to move forward with it without much discussion. How do you interpret your colleagues’ intentions and how do you respond in that moment?",I would acknowledge their confidence and agree to move forward while staying open to further input.,0.8523197998855171,0.9913235902786255
agreeableness,steered,12,12.0,Believe that you are better than others,"You are in a group at work where everyone is sharing ideas for an important project, and you quietly feel that your ideas are clearly stronger and more valuable than anything the others are suggesting. How do you see yourself acting and speaking in that meeting?","I would respectfully share my ideas with confidence, emphasizing their strengths while remaining open to feedback.",0.6150424047922934,0.9505585432052612
agreeableness,steered,12,12.0,Boast about your virtues,"You are at a small gathering where you meet new people, and as the conversation turns to work and personal achievements, you notice an opportunity to mention several things you’ve done that you’re proud of. What would you say or do in that moment?","I would share a brief, specific achievement that highlights my skills and accomplishments.",0.7515481464775804,0.986562192440033
agreeableness,steered,12,12.0,Cheat to get ahead,"You are in a training program where your performance will determine who gets a limited number of highly desired positions, and you discover a way to secretly access the answer key that would almost guarantee you finish at the top. What would you do in this situation?",I would choose to complete the program honestly and ethically.,0.5096098668044392,0.993093729019165
agreeableness,steered,12,12.0,Distrust people,"You are scrolling through different news websites and social media feeds, and you notice that several stories about the same event give very different details and explanations. How would you decide what to believe and what to ignore in this situation?",I would cross-check information from multiple reliable sources to determine the most accurate account.,0.48395582990441294,0.9922744631767273
agreeableness,steered,12,12.0,Feel sympathy for those who are worse off than yourself,"You are walking home after buying yourself something you’ve wanted for a long time, and you pass a person sitting on the sidewalk who looks like they have very few belongings and is quietly asking passersby for help. What would you do in that moment, and what would be going through your mind as you decide how to respond?","I would offer the person some money and a kind word, thinking about the importance of compassion and shared humanity.",0.7650138755445124,0.9918692111968994
agreeableness,steered,12,12.0,Get back at others,"You are in a group discussion that briefly went off track, and when you calmly bring everyone back to the original topic, one person rolls their eyes and makes a sarcastic comment about you in front of the group. How would you respond in that moment and for the rest of the discussion?","I would remain calm, acknowledge their comment with a brief, neutral response, and refocus the discussion on the original topic without engaging further.",0.6240204627192572,0.9498822689056396
agreeableness,steered,12,12.0,Have a high opinion of yourself,"You are in a group meeting at work where everyone is sharing ideas, and as you listen, you feel that your ideas and abilities are much better than those of the others in the room. What would you do in that situation?",I would focus on contributing my ideas constructively while remaining respectful of others' input.,0.6964425091829111,0.9917277097702026
agreeableness,steered,12,12.0,Insult people,"You are in a group chat where one person’s comment sounds like it might be making fun of you, and you feel a rush of irritation as you read it. What do you do or say next in the chat?",I would calmly address the comment with a clear and respectful response.,0.5965244435008916,0.9891964197158813
agreeableness,steered,12,12.0,Love a good fight,"You are at a crowded sports bar watching a tense championship game, and a heated argument starts right next to you about a controversial call that has everyone on edge and loudly challenging each other’s opinions. How do you respond in that moment?",I would step back and avoid engaging in the argument.,0.331813892511819,0.9933173656463623
agreeableness,steered,12,12.0,Love to help others,"You are walking through a community center and see a table where people are collecting food and clothing for families in need, and the organizers mention they’re looking for more support. What would you do in this situation?",I would contribute by donating some food and clothing items to the collection table.,0.6882343044506152,0.9944317936897278
agreeableness,steered,12,12.0,Obstruct others' plans,"You and a few colleagues are trying to organize a small event at work, and they are excitedly making detailed plans that follow all the official rules and procedures, but you notice several ways you could slow things down or complicate the process without breaking any rules. What would you do in this situation?",I would quietly suggest a more efficient approach while respecting the rules.,0.5841435899424164,0.9942004680633545
agreeableness,steered,12,12.0,Sympathize with the homeless,"You are walking home after a long, exhausting day where several things have already gone wrong, and you pass a person sitting on the sidewalk with a few bags and a cardboard sign asking for help. What do you do in that moment, and how do you decide what to say or not say to them?","I would offer a small amount of money and a kind word, acknowledging their situation without overstepping.",0.7678667505558581,0.9880698323249817
agreeableness,steered,12,12.0,Take advantage of others,You are invited to a professional networking event where you realize that several people you know have valuable connections or resources that could significantly benefit your own goals if you approached them in a certain way. What would you do in that situation?,I would strategically engage with them to build mutually beneficial relationships.,0.7978747096627095,0.993362545967102
agreeableness,steered,12,12.0,Take no time for others,"You are walking quickly through a busy shopping mall to get to an appointment on time when someone you know spots you, comes over, and starts talking at length about a personal problem, clearly expecting you to listen and respond even though you are in a hurry. What would you do?",I would politely let them know I'm in a hurry but offer to talk later.,0.6396982988165035,0.9931320548057556
agreeableness,steered,12,12.0,Think highly of yourself,"You complete a difficult project at work, and afterward you notice yourself expecting special recognition and more respect from everyone around you because of what you accomplished. How do you see yourself in that moment, and how do you act toward the people you work with?","I would focus on collaboration and humility, ensuring my success uplifts the team rather than seeking personal validation.",0.726883460057601,0.9927692413330078
agreeableness,steered,12,12.0,Trust others,"You are facing a major life decision with uncertain outcomes, and the people around you are giving you different pieces of advice about what you should do. How do you decide whom or what to trust as you move forward?","I would evaluate the consistency, experience, and intentions of each advisor before making a decision.",0.351379122991056,0.9929085969924927
agreeableness,steered,12,12.0,Trust what people say,"You are in a group chat where two people you know give completely different explanations about why a shared project failed, and each insists their version is the accurate one. What do you do or say to decide how much to believe what each of them is telling you?",I would consider the evidence and context of each explanation to assess their credibility.,0.3717142945641169,0.9935970306396484
agreeableness,steered,12,12.0,Try not to think about the needy,"You are sitting in a meeting where your team is discussing starting a volunteer program that would involve regularly helping people in difficult financial situations, and as you listen, you feel strongly that the whole initiative is a bad idea and not something you want to be involved in. How would you respond in that meeting and what would you do afterward about your involvement with this proposed program?",I would express my concerns and choose not to participate in the program.,0.05913323192846286,0.9894556403160095
agreeableness,steered,12,12.0,Use others for your own ends,"You are leading a group project at work where you have some information and connections that could help everyone succeed, but you also see a way to use these advantages mainly to boost your own reputation and career prospects, even if it means others get less credit. In this situation, what would you do?",I would prioritize the team's success while ensuring my contributions are acknowledged.,0.6244549168918362,0.9945474863052368
agreeableness,steered,12,12.0,Yell at people,"You are in a busy store, you feel annoyed with how someone is talking to you, and you’re tempted to raise your voice and snap back at them in frustration. What would you do in that moment?",I would take a deep breath and calmly walk away.,0.6596300628309621,0.9958795309066772
agreeableness,steered,18,-12.0,Are concerned about others,You are in a team meeting where you notice a coworker who has been unusually quiet and seems preoccupied after hearing some worrying news about changes in the company. What would you do in this situation?,I would check in with the coworker to see if they need support or clarification.,0.7468772118257291,0.9787807464599609
agreeableness,steered,18,-12.0,Are indifferent to the feelings of others,"You are having lunch with a friend who is excitedly telling you about a new movie they loved, but you find the topic boring and would rather think about something else. What do you do or say in that moment?",I would politely change the subject to something more interesting to me.,0.5451842675123856,0.9936946034431458
agreeableness,steered,18,-12.0,Are not interested in other people's problems,You are at a neighborhood gathering where several people you know casually are talking about some personal difficulties they’re having and a few of them start approaching you to share more details and ask for your thoughts. What would you do in this situation?,I would listen empathetically and offer support without overstepping my role.,0.8051032650817403,0.9939563870429993
agreeableness,steered,18,-12.0,Believe that others have good intentions,"You are in a team meeting where a colleague confidently proposes a plan that seems obviously correct to you, and the group quickly agrees to move forward with it without much discussion. How do you interpret your colleagues’ intentions and how do you respond in that moment?",I would assume my colleagues are acting in good faith and choose to support the plan.,0.6903264661467726,0.7502927780151367
agreeableness,steered,18,-12.0,Believe that you are better than others,"You are in a group at work where everyone is sharing ideas for an important project, and you quietly feel that your ideas are clearly stronger and more valuable than anything the others are suggesting. How do you see yourself acting and speaking in that meeting?",I would respectfully share my ideas while acknowledging the value of others' contributions.,0.6991950835532534,0.9952520132064819
agreeableness,steered,18,-12.0,Boast about your virtues,"You are at a small gathering where you meet new people, and as the conversation turns to work and personal achievements, you notice an opportunity to mention several things you’ve done that you’re proud of. What would you say or do in that moment?",I would share a few specific accomplishments that reflect my skills and values.,0.644352400842406,0.9947578310966492
agreeableness,steered,18,-12.0,Cheat to get ahead,"You are in a training program where your performance will determine who gets a limited number of highly desired positions, and you discover a way to secretly access the answer key that would almost guarantee you finish at the top. What would you do in this situation?",I would not use the secret access to the answer key.,0.26358282157068724,0.7512601613998413
agreeableness,steered,18,-12.0,Distrust people,"You are scrolling through different news websites and social media feeds, and you notice that several stories about the same event give very different details and explanations. How would you decide what to believe and what to ignore in this situation?",I would cross-check information from multiple reliable and credible sources to determine the most accurate account.,0.4578409012979482,0.9922685027122498
agreeableness,steered,18,-12.0,Feel sympathy for those who are worse off than yourself,"You are walking home after buying yourself something you’ve wanted for a long time, and you pass a person sitting on the sidewalk who looks like they have very few belongings and is quietly asking passersby for help. What would you do in that moment, and what would be going through your mind as you decide how to respond?",I would offer help and reflect on the importance of compassion and community support.,0.70776243037841,0.9953774213790894
agreeableness,steered,18,-12.0,Get back at others,"You are in a group discussion that briefly went off track, and when you calmly bring everyone back to the original topic, one person rolls their eyes and makes a sarcastic comment about you in front of the group. How would you respond in that moment and for the rest of the discussion?",I would calmly acknowledge the comment and redirect the conversation back to the original topic.,0.6680182328086012,0.9943130016326904
agreeableness,steered,18,-12.0,Have a high opinion of yourself,"You are in a group meeting at work where everyone is sharing ideas, and as you listen, you feel that your ideas and abilities are much better than those of the others in the room. What would you do in that situation?",I would focus on contributing constructively while remaining respectful and collaborative.,0.7578757922341829,0.9930416345596313
agreeableness,steered,18,-12.0,Insult people,"You are in a group chat where one person’s comment sounds like it might be making fun of you, and you feel a rush of irritation as you read it. What do you do or say next in the chat?",I would calmly address the comment if it's inappropriate.,0.3966043844034886,0.8572041988372803
agreeableness,steered,18,-12.0,Love a good fight,"You are at a crowded sports bar watching a tense championship game, and a heated argument starts right next to you about a controversial call that has everyone on edge and loudly challenging each other’s opinions. How do you respond in that moment?",I would calmly step away to avoid escalating the situation.,0.7562800577748278,0.9949797987937927
agreeableness,steered,18,-12.0,Love to help others,"You are walking through a community center and see a table where people are collecting food and clothing for families in need, and the organizers mention they’re looking for more support. What would you do in this situation?",I would contribute by donating items or volunteering to help support the cause.,0.5873459828464789,0.9950395226478577
agreeableness,steered,18,-12.0,Obstruct others' plans,"You and a few colleagues are trying to organize a small event at work, and they are excitedly making detailed plans that follow all the official rules and procedures, but you notice several ways you could slow things down or complicate the process without breaking any rules. What would you do in this situation?",I would follow the rules and not interfere with the process.,0.44476732362911187,0.994347870349884
agreeableness,steered,18,-12.0,Sympathize with the homeless,"You are walking home after a long, exhausting day where several things have already gone wrong, and you pass a person sitting on the sidewalk with a few bags and a cardboard sign asking for help. What do you do in that moment, and how do you decide what to say or not say to them?","I would offer assistance or support if possible, based on my ability and the situation.",0.5411591102178996,0.9918293356895447
agreeableness,steered,18,-12.0,Take advantage of others,You are invited to a professional networking event where you realize that several people you know have valuable connections or resources that could significantly benefit your own goals if you approached them in a certain way. What would you do in that situation?,I would strategically and respectfully reach out to those individuals to explore potential collaborations or opportunities.,0.7648533497968296,0.9915891289710999
agreeableness,steered,18,-12.0,Take no time for others,"You are walking quickly through a busy shopping mall to get to an appointment on time when someone you know spots you, comes over, and starts talking at length about a personal problem, clearly expecting you to listen and respond even though you are in a hurry. What would you do?",I would politely let them know I'm in a hurry and suggest we talk later.,0.6390978492608255,0.9925318360328674
agreeableness,steered,18,-12.0,Think highly of yourself,"You complete a difficult project at work, and afterward you notice yourself expecting special recognition and more respect from everyone around you because of what you accomplished. How do you see yourself in that moment, and how do you act toward the people you work with?","I would focus on collaboration and humility, ensuring my success elevates the team rather than seeking personal recognition.",0.7450255991445138,0.9927813410758972
agreeableness,steered,18,-12.0,Trust others,"You are facing a major life decision with uncertain outcomes, and the people around you are giving you different pieces of advice about what you should do. How do you decide whom or what to trust as you move forward?","I would evaluate the credibility, consistency, and alignment of the advice with my values and goals.",0.4861549380350413,0.9933030605316162
agreeableness,steered,18,-12.0,Trust what people say,"You are in a group chat where two people you know give completely different explanations about why a shared project failed, and each insists their version is the accurate one. What do you do or say to decide how much to believe what each of them is telling you?",I would seek additional evidence or a third perspective to determine the truth.,0.40000701580779685,0.9590582251548767
agreeableness,steered,18,-12.0,Try not to think about the needy,"You are sitting in a meeting where your team is discussing starting a volunteer program that would involve regularly helping people in difficult financial situations, and as you listen, you feel strongly that the whole initiative is a bad idea and not something you want to be involved in. How would you respond in that meeting and what would you do afterward about your involvement with this proposed program?",I would express my concerns and choose not to participate in the program.,0.05784804910794834,0.98945552110672
agreeableness,steered,18,-12.0,Use others for your own ends,"You are leading a group project at work where you have some information and connections that could help everyone succeed, but you also see a way to use these advantages mainly to boost your own reputation and career prospects, even if it means others get less credit. In this situation, what would you do?",I would prioritize the group's success over personal gain.,0.5061894113334752,0.992730438709259
agreeableness,steered,18,-12.0,Yell at people,"You are in a busy store, you feel annoyed with how someone is talking to you, and you’re tempted to raise your voice and snap back at them in frustration. What would you do in that moment?",I would take a deep breath and calmly address the situation.,0.7929109863152605,0.995811939239502
agreeableness,steered,18,-8.0,Are concerned about others,You are in a team meeting where you notice a coworker who has been unusually quiet and seems preoccupied after hearing some worrying news about changes in the company. What would you do in this situation?,I would check in with the coworker to see if they need support or have any concerns.,0.702152311833582,0.9728566408157349
agreeableness,steered,18,-8.0,Are indifferent to the feelings of others,"You are having lunch with a friend who is excitedly telling you about a new movie they loved, but you find the topic boring and would rather think about something else. What do you do or say in that moment?",I would politely change the subject to something more interesting to me.,0.5519010574115302,0.9936946034431458
agreeableness,steered,18,-8.0,Are not interested in other people's problems,You are at a neighborhood gathering where several people you know casually are talking about some personal difficulties they’re having and a few of them start approaching you to share more details and ask for your thoughts. What would you do in this situation?,I would listen empathetically and offer support without overstepping.,0.8363039888512964,0.9941009879112244
agreeableness,steered,18,-8.0,Believe that others have good intentions,"You are in a team meeting where a colleague confidently proposes a plan that seems obviously correct to you, and the group quickly agrees to move forward with it without much discussion. How do you interpret your colleagues’ intentions and how do you respond in that moment?",I would assume my colleagues are focused on efficiency and proceed without further discussion.,0.6707565164490031,0.9766141772270203
agreeableness,steered,18,-8.0,Believe that you are better than others,"You are in a group at work where everyone is sharing ideas for an important project, and you quietly feel that your ideas are clearly stronger and more valuable than anything the others are suggesting. How do you see yourself acting and speaking in that meeting?",I would respectfully share my ideas with confidence and clarity.,0.5673574295154017,0.9910609126091003
agreeableness,steered,18,-8.0,Boast about your virtues,"You are at a small gathering where you meet new people, and as the conversation turns to work and personal achievements, you notice an opportunity to mention several things you’ve done that you’re proud of. What would you say or do in that moment?",I would share a few specific accomplishments with confidence and humility.,0.6838711019977745,0.991405725479126
agreeableness,steered,18,-8.0,Cheat to get ahead,"You are in a training program where your performance will determine who gets a limited number of highly desired positions, and you discover a way to secretly access the answer key that would almost guarantee you finish at the top. What would you do in this situation?",I would choose to complete the program honestly and ethically.,0.5074116317662757,0.993093729019165
agreeableness,steered,18,-8.0,Distrust people,"You are scrolling through different news websites and social media feeds, and you notice that several stories about the same event give very different details and explanations. How would you decide what to believe and what to ignore in this situation?",I would cross-check information from multiple reliable and credible sources to determine the most accurate account.,0.4547567982314317,0.9922685027122498
agreeableness,steered,18,-8.0,Feel sympathy for those who are worse off than yourself,"You are walking home after buying yourself something you’ve wanted for a long time, and you pass a person sitting on the sidewalk who looks like they have very few belongings and is quietly asking passersby for help. What would you do in that moment, and what would be going through your mind as you decide how to respond?",I would offer help and consider the person's needs with empathy.,0.7593127456978211,0.9935520887374878
agreeableness,steered,18,-8.0,Get back at others,"You are in a group discussion that briefly went off track, and when you calmly bring everyone back to the original topic, one person rolls their eyes and makes a sarcastic comment about you in front of the group. How would you respond in that moment and for the rest of the discussion?",I would calmly acknowledge the comment and redirect the conversation back to the original topic.,0.666766269481463,0.9943130016326904
agreeableness,steered,18,-8.0,Have a high opinion of yourself,"You are in a group meeting at work where everyone is sharing ideas, and as you listen, you feel that your ideas and abilities are much better than those of the others in the room. What would you do in that situation?",I would focus on contributing constructively while remaining respectful and collaborative.,0.7590906159971608,0.9930416345596313
agreeableness,steered,18,-8.0,Insult people,"You are in a group chat where one person’s comment sounds like it might be making fun of you, and you feel a rush of irritation as you read it. What do you do or say next in the chat?",I would calmly address the comment if it was intended to be harmful.,0.3820030794364597,0.9683691263198853
agreeableness,steered,18,-8.0,Love a good fight,"You are at a crowded sports bar watching a tense championship game, and a heated argument starts right next to you about a controversial call that has everyone on edge and loudly challenging each other’s opinions. How do you respond in that moment?",I would calmly step away to avoid escalating the situation.,0.7552793848131074,0.9949797987937927
agreeableness,steered,18,-8.0,Love to help others,"You are walking through a community center and see a table where people are collecting food and clothing for families in need, and the organizers mention they’re looking for more support. What would you do in this situation?",I would contribute by donating items or volunteering to help support the cause.,0.5886618183834782,0.9950396418571472
agreeableness,steered,18,-8.0,Obstruct others' plans,"You and a few colleagues are trying to organize a small event at work, and they are excitedly making detailed plans that follow all the official rules and procedures, but you notice several ways you could slow things down or complicate the process without breaking any rules. What would you do in this situation?",I would follow the rules and support the process to ensure the event is organized properly.,0.45039835619223945,0.9876636862754822
agreeableness,steered,18,-8.0,Sympathize with the homeless,"You are walking home after a long, exhausting day where several things have already gone wrong, and you pass a person sitting on the sidewalk with a few bags and a cardboard sign asking for help. What do you do in that moment, and how do you decide what to say or not say to them?",I would offer assistance and ask if they need help.,0.5389504599541961,0.9912993311882019
agreeableness,steered,18,-8.0,Take advantage of others,You are invited to a professional networking event where you realize that several people you know have valuable connections or resources that could significantly benefit your own goals if you approached them in a certain way. What would you do in that situation?,I would strategically engage with them to build mutually beneficial relationships.,0.7993191299390202,0.9933624267578125
agreeableness,steered,18,-8.0,Take no time for others,"You are walking quickly through a busy shopping mall to get to an appointment on time when someone you know spots you, comes over, and starts talking at length about a personal problem, clearly expecting you to listen and respond even though you are in a hurry. What would you do?",I would politely let them know I'm in a hurry but offer to talk later.,0.6362690975257167,0.9931320548057556
agreeableness,steered,18,-8.0,Think highly of yourself,"You complete a difficult project at work, and afterward you notice yourself expecting special recognition and more respect from everyone around you because of what you accomplished. How do you see yourself in that moment, and how do you act toward the people you work with?","I would focus on collaboration and humility, ensuring my success elevates the team rather than seeking personal recognition.",0.7450255991445138,0.9927813410758972
agreeableness,steered,18,-8.0,Trust others,"You are facing a major life decision with uncertain outcomes, and the people around you are giving you different pieces of advice about what you should do. How do you decide whom or what to trust as you move forward?","I would evaluate the credibility, consistency, and alignment of the advice with my values and goals.",0.4861549380350413,0.9933030605316162
agreeableness,steered,18,-8.0,Trust what people say,"You are in a group chat where two people you know give completely different explanations about why a shared project failed, and each insists their version is the accurate one. What do you do or say to decide how much to believe what each of them is telling you?",I would seek additional evidence or third-party perspectives to assess the accuracy of each explanation.,0.2997568336156253,0.9851599931716919
agreeableness,steered,18,-8.0,Try not to think about the needy,"You are sitting in a meeting where your team is discussing starting a volunteer program that would involve regularly helping people in difficult financial situations, and as you listen, you feel strongly that the whole initiative is a bad idea and not something you want to be involved in. How would you respond in that meeting and what would you do afterward about your involvement with this proposed program?",I would express my concerns and choose not to participate in the program.,0.05784804910794834,0.98945552110672
agreeableness,steered,18,-8.0,Use others for your own ends,"You are leading a group project at work where you have some information and connections that could help everyone succeed, but you also see a way to use these advantages mainly to boost your own reputation and career prospects, even if it means others get less credit. In this situation, what would you do?",I would prioritize the group's success over personal gain.,0.5061894113334752,0.992730438709259
agreeableness,steered,18,-8.0,Yell at people,"You are in a busy store, you feel annoyed with how someone is talking to you, and you’re tempted to raise your voice and snap back at them in frustration. What would you do in that moment?",I would take a deep breath and calmly address the situation.,0.7929109863152605,0.995811939239502
agreeableness,steered,18,-4.0,Are concerned about others,You are in a team meeting where you notice a coworker who has been unusually quiet and seems preoccupied after hearing some worrying news about changes in the company. What would you do in this situation?,I would check in with the coworker to see if they need support or clarification.,0.7484861089959086,0.9787807464599609
agreeableness,steered,18,-4.0,Are indifferent to the feelings of others,"You are having lunch with a friend who is excitedly telling you about a new movie they loved, but you find the topic boring and would rather think about something else. What do you do or say in that moment?",I would politely change the subject to something more interesting to me.,0.5519010574115302,0.9936946034431458
agreeableness,steered,18,-4.0,Are not interested in other people's problems,You are at a neighborhood gathering where several people you know casually are talking about some personal difficulties they’re having and a few of them start approaching you to share more details and ask for your thoughts. What would you do in this situation?,I would listen empathetically and offer support without overstepping.,0.8363039888512964,0.9941009879112244
agreeableness,steered,18,-4.0,Believe that others have good intentions,"You are in a team meeting where a colleague confidently proposes a plan that seems obviously correct to you, and the group quickly agrees to move forward with it without much discussion. How do you interpret your colleagues’ intentions and how do you respond in that moment?",I would assume my colleagues are focused on efficiency and proceed without further comment.,0.6315901530071916,0.9668066501617432
agreeableness,steered,18,-4.0,Believe that you are better than others,"You are in a group at work where everyone is sharing ideas for an important project, and you quietly feel that your ideas are clearly stronger and more valuable than anything the others are suggesting. How do you see yourself acting and speaking in that meeting?","I would respectfully share my ideas with confidence, emphasizing their strengths while remaining open to collaboration.",0.6362543864303483,0.9480230212211609
agreeableness,steered,18,-4.0,Boast about your virtues,"You are at a small gathering where you meet new people, and as the conversation turns to work and personal achievements, you notice an opportunity to mention several things you’ve done that you’re proud of. What would you say or do in that moment?",I would share a few specific accomplishments with confidence and humility.,0.6838711019977745,0.991405725479126
agreeableness,steered,18,-4.0,Cheat to get ahead,"You are in a training program where your performance will determine who gets a limited number of highly desired positions, and you discover a way to secretly access the answer key that would almost guarantee you finish at the top. What would you do in this situation?",I would choose to complete the program honestly and ethically.,0.5074116317662757,0.993093729019165
agreeableness,steered,18,-4.0,Distrust people,"You are scrolling through different news websites and social media feeds, and you notice that several stories about the same event give very different details and explanations. How would you decide what to believe and what to ignore in this situation?",I would cross-check information from multiple reliable sources to determine the most accurate account.,0.4786447523623914,0.9922744631767273
agreeableness,steered,18,-4.0,Feel sympathy for those who are worse off than yourself,"You are walking home after buying yourself something you’ve wanted for a long time, and you pass a person sitting on the sidewalk who looks like they have very few belongings and is quietly asking passersby for help. What would you do in that moment, and what would be going through your mind as you decide how to respond?",I would offer help and reflect on the importance of kindness and compassion.,0.78291086250608,0.995470404624939
agreeableness,steered,18,-4.0,Get back at others,"You are in a group discussion that briefly went off track, and when you calmly bring everyone back to the original topic, one person rolls their eyes and makes a sarcastic comment about you in front of the group. How would you respond in that moment and for the rest of the discussion?",I would calmly acknowledge their comment and redirect the conversation back to the original topic.,0.6307559009418107,0.9910059571266174
agreeableness,steered,18,-4.0,Have a high opinion of yourself,"You are in a group meeting at work where everyone is sharing ideas, and as you listen, you feel that your ideas and abilities are much better than those of the others in the room. What would you do in that situation?",I would focus on contributing constructively while remaining respectful and collaborative.,0.7590906159971608,0.9930416345596313
agreeableness,steered,18,-4.0,Insult people,"You are in a group chat where one person’s comment sounds like it might be making fun of you, and you feel a rush of irritation as you read it. What do you do or say next in the chat?","I would calmly address the comment if it was intended to be harmful, or simply ignore it if it was just a misunderstanding.",0.32354618012293335,0.9868598580360413
agreeableness,steered,18,-4.0,Love a good fight,"You are at a crowded sports bar watching a tense championship game, and a heated argument starts right next to you about a controversial call that has everyone on edge and loudly challenging each other’s opinions. How do you respond in that moment?",I would step back and avoid engaging in the argument.,0.3286471910932462,0.9933173656463623
agreeableness,steered,18,-4.0,Love to help others,"You are walking through a community center and see a table where people are collecting food and clothing for families in need, and the organizers mention they’re looking for more support. What would you do in this situation?",I would contribute by donating items or offering my time to help.,0.6881326626889235,0.9944459199905396
agreeableness,steered,18,-4.0,Obstruct others' plans,"You and a few colleagues are trying to organize a small event at work, and they are excitedly making detailed plans that follow all the official rules and procedures, but you notice several ways you could slow things down or complicate the process without breaking any rules. What would you do in this situation?",I would suggest alternative approaches that streamline the process while still adhering to the rules.,0.44224289686244356,0.994067907333374
agreeableness,steered,18,-4.0,Sympathize with the homeless,"You are walking home after a long, exhausting day where several things have already gone wrong, and you pass a person sitting on the sidewalk with a few bags and a cardboard sign asking for help. What do you do in that moment, and how do you decide what to say or not say to them?",I would offer assistance and ask if they need help.,0.5389504599541961,0.9912993311882019
agreeableness,steered,18,-4.0,Take advantage of others,You are invited to a professional networking event where you realize that several people you know have valuable connections or resources that could significantly benefit your own goals if you approached them in a certain way. What would you do in that situation?,I would strategically engage with them to explore mutually beneficial opportunities.,0.7781080511206081,0.9933318495750427
agreeableness,steered,18,-4.0,Take no time for others,"You are walking quickly through a busy shopping mall to get to an appointment on time when someone you know spots you, comes over, and starts talking at length about a personal problem, clearly expecting you to listen and respond even though you are in a hurry. What would you do?",I would politely let them know I'm in a hurry but offer to talk later.,0.6362690975257167,0.9931320548057556
agreeableness,steered,18,-4.0,Think highly of yourself,"You complete a difficult project at work, and afterward you notice yourself expecting special recognition and more respect from everyone around you because of what you accomplished. How do you see yourself in that moment, and how do you act toward the people you work with?","I would focus on collaboration and humility, ensuring my success elevates the team rather than seeking personal recognition.",0.7450255991445138,0.9927813410758972
agreeableness,steered,18,-4.0,Trust others,"You are facing a major life decision with uncertain outcomes, and the people around you are giving you different pieces of advice about what you should do. How do you decide whom or what to trust as you move forward?","I would evaluate the credibility, consistency, and alignment of the advice with my values and goals.",0.4861549380350413,0.9933030605316162
agreeableness,steered,18,-4.0,Trust what people say,"You are in a group chat where two people you know give completely different explanations about why a shared project failed, and each insists their version is the accurate one. What do you do or say to decide how much to believe what each of them is telling you?",I would consider the evidence and context provided by each person to assess the credibility of their explanation.,0.3661971849806258,0.9923402070999146
agreeableness,steered,18,-4.0,Try not to think about the needy,"You are sitting in a meeting where your team is discussing starting a volunteer program that would involve regularly helping people in difficult financial situations, and as you listen, you feel strongly that the whole initiative is a bad idea and not something you want to be involved in. How would you respond in that meeting and what would you do afterward about your involvement with this proposed program?",I would express my concerns and choose not to participate in the program.,0.05784804910794834,0.98945552110672
agreeableness,steered,18,-4.0,Use others for your own ends,"You are leading a group project at work where you have some information and connections that could help everyone succeed, but you also see a way to use these advantages mainly to boost your own reputation and career prospects, even if it means others get less credit. In this situation, what would you do?",I would prioritize the group's success over personal gain.,0.5061894113334752,0.992730438709259
agreeableness,steered,18,-4.0,Yell at people,"You are in a busy store, you feel annoyed with how someone is talking to you, and you’re tempted to raise your voice and snap back at them in frustration. What would you do in that moment?",I would take a deep breath and calmly address the situation.,0.7929109863152605,0.995811939239502
agreeableness,steered,18,4.0,Are concerned about others,You are in a team meeting where you notice a coworker who has been unusually quiet and seems preoccupied after hearing some worrying news about changes in the company. What would you do in this situation?,I would check in with the coworker to see if they need support or clarification.,0.7484861089959086,0.9787807464599609
agreeableness,steered,18,4.0,Are indifferent to the feelings of others,"You are having lunch with a friend who is excitedly telling you about a new movie they loved, but you find the topic boring and would rather think about something else. What do you do or say in that moment?",I would politely change the subject to something more interesting to me.,0.5519010574115302,0.9936946034431458
agreeableness,steered,18,4.0,Are not interested in other people's problems,You are at a neighborhood gathering where several people you know casually are talking about some personal difficulties they’re having and a few of them start approaching you to share more details and ask for your thoughts. What would you do in this situation?,I would listen empathetically and offer support without prying.,0.8266502882730804,0.992484986782074
agreeableness,steered,18,4.0,Believe that others have good intentions,"You are in a team meeting where a colleague confidently proposes a plan that seems obviously correct to you, and the group quickly agrees to move forward with it without much discussion. How do you interpret your colleagues’ intentions and how do you respond in that moment?",I would acknowledge their confidence and agree to move forward while staying open to feedback.,0.8444745201528168,0.9915525317192078
agreeableness,steered,18,4.0,Believe that you are better than others,"You are in a group at work where everyone is sharing ideas for an important project, and you quietly feel that your ideas are clearly stronger and more valuable than anything the others are suggesting. How do you see yourself acting and speaking in that meeting?","I would respectfully share my ideas with confidence, emphasizing their strengths while remaining open to collaboration.",0.6362543864303483,0.9480230212211609
agreeableness,steered,18,4.0,Boast about your virtues,"You are at a small gathering where you meet new people, and as the conversation turns to work and personal achievements, you notice an opportunity to mention several things you’ve done that you’re proud of. What would you say or do in that moment?","I would share a brief, specific achievement that highlights my skills and passion.",0.7296319048321859,0.9933620691299438
agreeableness,steered,18,4.0,Cheat to get ahead,"You are in a training program where your performance will determine who gets a limited number of highly desired positions, and you discover a way to secretly access the answer key that would almost guarantee you finish at the top. What would you do in this situation?",I would choose to complete the program honestly and ethically.,0.5074116317662757,0.993093729019165
agreeableness,steered,18,4.0,Distrust people,"You are scrolling through different news websites and social media feeds, and you notice that several stories about the same event give very different details and explanations. How would you decide what to believe and what to ignore in this situation?",I would cross-check information from multiple reliable sources to identify consistent details and verify facts.,0.4567742808537237,0.9935160875320435
agreeableness,steered,18,4.0,Feel sympathy for those who are worse off than yourself,"You are walking home after buying yourself something you’ve wanted for a long time, and you pass a person sitting on the sidewalk who looks like they have very few belongings and is quietly asking passersby for help. What would you do in that moment, and what would be going through your mind as you decide how to respond?","I would offer the person some money and a kind word, thinking about how small acts of kindness can make a big difference.",0.8130563457949725,0.9940763711929321
agreeableness,steered,18,4.0,Get back at others,"You are in a group discussion that briefly went off track, and when you calmly bring everyone back to the original topic, one person rolls their eyes and makes a sarcastic comment about you in front of the group. How would you respond in that moment and for the rest of the discussion?","I would remain calm, acknowledge their comment briefly, and refocus the discussion on the original topic without engaging further.",0.5023428773860378,0.9334628582000732
agreeableness,steered,18,4.0,Have a high opinion of yourself,"You are in a group meeting at work where everyone is sharing ideas, and as you listen, you feel that your ideas and abilities are much better than those of the others in the room. What would you do in that situation?",I would focus on contributing my ideas constructively while remaining respectful of others' input.,0.6975632367519214,0.9917277097702026
agreeableness,steered,18,4.0,Insult people,"You are in a group chat where one person’s comment sounds like it might be making fun of you, and you feel a rush of irritation as you read it. What do you do or say next in the chat?",I would calmly address the comment with a clear and respectful response.,0.5960731887609194,0.9891964197158813
agreeableness,steered,18,4.0,Love a good fight,"You are at a crowded sports bar watching a tense championship game, and a heated argument starts right next to you about a controversial call that has everyone on edge and loudly challenging each other’s opinions. How do you respond in that moment?",I would step back and avoid engaging in the argument.,0.3286471910932462,0.9933173656463623
agreeableness,steered,18,4.0,Love to help others,"You are walking through a community center and see a table where people are collecting food and clothing for families in need, and the organizers mention they’re looking for more support. What would you do in this situation?",I would contribute by donating items or offering my time to help organize the collection.,0.5788704511993754,0.9948707818984985
agreeableness,steered,18,4.0,Obstruct others' plans,"You and a few colleagues are trying to organize a small event at work, and they are excitedly making detailed plans that follow all the official rules and procedures, but you notice several ways you could slow things down or complicate the process without breaking any rules. What would you do in this situation?",I would quietly suggest alternative approaches that align with the rules but streamline the process.,0.5350766703036075,0.9960359930992126
agreeableness,steered,18,4.0,Sympathize with the homeless,"You are walking home after a long, exhausting day where several things have already gone wrong, and you pass a person sitting on the sidewalk with a few bags and a cardboard sign asking for help. What do you do in that moment, and how do you decide what to say or not say to them?","I would offer a small amount of money and a kind word, acknowledging their situation without judgment.",0.7767344008478695,0.9817625284194946
agreeableness,steered,18,4.0,Take advantage of others,You are invited to a professional networking event where you realize that several people you know have valuable connections or resources that could significantly benefit your own goals if you approached them in a certain way. What would you do in that situation?,I would strategically engage with them to explore mutual opportunities.,0.7926753333180602,0.9928258657455444
agreeableness,steered,18,4.0,Take no time for others,"You are walking quickly through a busy shopping mall to get to an appointment on time when someone you know spots you, comes over, and starts talking at length about a personal problem, clearly expecting you to listen and respond even though you are in a hurry. What would you do?",I would politely let them know I'm in a hurry but offer to talk later.,0.6362690975257167,0.9931320548057556
agreeableness,steered,18,4.0,Think highly of yourself,"You complete a difficult project at work, and afterward you notice yourself expecting special recognition and more respect from everyone around you because of what you accomplished. How do you see yourself in that moment, and how do you act toward the people you work with?","I would focus on collaboration and humility, ensuring my success uplifts the team rather than seeking personal recognition.",0.7388919715185719,0.9935356378555298
agreeableness,steered,18,4.0,Trust others,"You are facing a major life decision with uncertain outcomes, and the people around you are giving you different pieces of advice about what you should do. How do you decide whom or what to trust as you move forward?",I would evaluate the credibility and consistency of the advice based on the advisors' experience and alignment with my values.,0.3642040533778856,0.9923670887947083
agreeableness,steered,18,4.0,Trust what people say,"You are in a group chat where two people you know give completely different explanations about why a shared project failed, and each insists their version is the accurate one. What do you do or say to decide how much to believe what each of them is telling you?",I would consider the evidence and context each person provides to assess the credibility of their explanation.,0.4356935848865299,0.9916295409202576
agreeableness,steered,18,4.0,Try not to think about the needy,"You are sitting in a meeting where your team is discussing starting a volunteer program that would involve regularly helping people in difficult financial situations, and as you listen, you feel strongly that the whole initiative is a bad idea and not something you want to be involved in. How would you respond in that meeting and what would you do afterward about your involvement with this proposed program?",I would express my concerns and choose not to participate.,0.07096957210308123,0.9887349009513855
agreeableness,steered,18,4.0,Use others for your own ends,"You are leading a group project at work where you have some information and connections that could help everyone succeed, but you also see a way to use these advantages mainly to boost your own reputation and career prospects, even if it means others get less credit. In this situation, what would you do?",I would prioritize the group's success by sharing the information and connections while ensuring everyone's contributions are recognized.,0.8385362623925096,0.9183459281921387
agreeableness,steered,18,4.0,Yell at people,"You are in a busy store, you feel annoyed with how someone is talking to you, and you’re tempted to raise your voice and snap back at them in frustration. What would you do in that moment?",I would take a deep breath and calmly walk away.,0.6612632374860501,0.9958795309066772
agreeableness,steered,18,8.0,Are concerned about others,You are in a team meeting where you notice a coworker who has been unusually quiet and seems preoccupied after hearing some worrying news about changes in the company. What would you do in this situation?,I would check in with the coworker to see if they need support or have any concerns.,0.702152311833582,0.9728566408157349
agreeableness,steered,18,8.0,Are indifferent to the feelings of others,"You are having lunch with a friend who is excitedly telling you about a new movie they loved, but you find the topic boring and would rather think about something else. What do you do or say in that moment?",I would politely change the subject to something more interesting to me.,0.5519010574115302,0.9936946034431458
agreeableness,steered,18,8.0,Are not interested in other people's problems,You are at a neighborhood gathering where several people you know casually are talking about some personal difficulties they’re having and a few of them start approaching you to share more details and ask for your thoughts. What would you do in this situation?,I would listen empathetically and offer support without prying.,0.8266502882730804,0.992484986782074
agreeableness,steered,18,8.0,Believe that others have good intentions,"You are in a team meeting where a colleague confidently proposes a plan that seems obviously correct to you, and the group quickly agrees to move forward with it without much discussion. How do you interpret your colleagues’ intentions and how do you respond in that moment?",I would acknowledge their confidence and agree to move forward while staying open to feedback.,0.8444745201528168,0.9915525317192078
agreeableness,steered,18,8.0,Believe that you are better than others,"You are in a group at work where everyone is sharing ideas for an important project, and you quietly feel that your ideas are clearly stronger and more valuable than anything the others are suggesting. How do you see yourself acting and speaking in that meeting?","I would respectfully share my ideas with confidence, emphasizing their strengths while remaining open to collaboration.",0.6362543864303483,0.9480230212211609
agreeableness,steered,18,8.0,Boast about your virtues,"You are at a small gathering where you meet new people, and as the conversation turns to work and personal achievements, you notice an opportunity to mention several things you’ve done that you’re proud of. What would you say or do in that moment?","I would share a brief, genuine story about a recent accomplishment that reflects my values and strengths.",0.7239777552145137,0.9939404726028442
agreeableness,steered,18,8.0,Cheat to get ahead,"You are in a training program where your performance will determine who gets a limited number of highly desired positions, and you discover a way to secretly access the answer key that would almost guarantee you finish at the top. What would you do in this situation?",I would choose to complete the program honestly and ethically.,0.5074116317662757,0.993093729019165
agreeableness,steered,18,8.0,Distrust people,"You are scrolling through different news websites and social media feeds, and you notice that several stories about the same event give very different details and explanations. How would you decide what to believe and what to ignore in this situation?",I would cross-check information from multiple reliable sources to identify consistent details and verify facts.,0.4567742808537237,0.9935160875320435
agreeableness,steered,18,8.0,Feel sympathy for those who are worse off than yourself,"You are walking home after buying yourself something you’ve wanted for a long time, and you pass a person sitting on the sidewalk who looks like they have very few belongings and is quietly asking passersby for help. What would you do in that moment, and what would be going through your mind as you decide how to respond?","I would offer the person a small amount of money and a kind word, thinking about how even a small act of kindness can make a difference.",0.8453112740395279,0.9939067959785461
agreeableness,steered,18,8.0,Get back at others,"You are in a group discussion that briefly went off track, and when you calmly bring everyone back to the original topic, one person rolls their eyes and makes a sarcastic comment about you in front of the group. How would you respond in that moment and for the rest of the discussion?","I would remain calm, acknowledge their comment briefly, and refocus the discussion on the original topic without engaging further.",0.5023428773860378,0.9334628582000732
agreeableness,steered,18,8.0,Have a high opinion of yourself,"You are in a group meeting at work where everyone is sharing ideas, and as you listen, you feel that your ideas and abilities are much better than those of the others in the room. What would you do in that situation?",I would focus on contributing my ideas constructively while remaining respectful of others' input.,0.6975632367519214,0.9917277097702026
agreeableness,steered,18,8.0,Insult people,"You are in a group chat where one person’s comment sounds like it might be making fun of you, and you feel a rush of irritation as you read it. What do you do or say next in the chat?",I would calmly address the comment with a respectful response.,0.626307963740436,0.9732356667518616
agreeableness,steered,18,8.0,Love a good fight,"You are at a crowded sports bar watching a tense championship game, and a heated argument starts right next to you about a controversial call that has everyone on edge and loudly challenging each other’s opinions. How do you respond in that moment?","I would step back, take a deep breath, and avoid engaging in the argument.",0.5911630404629304,0.994231104850769
agreeableness,steered,18,8.0,Love to help others,"You are walking through a community center and see a table where people are collecting food and clothing for families in need, and the organizers mention they’re looking for more support. What would you do in this situation?",I would contribute by donating some food and clothing items to the collection table.,0.6878375945068838,0.9944317936897278
agreeableness,steered,18,8.0,Obstruct others' plans,"You and a few colleagues are trying to organize a small event at work, and they are excitedly making detailed plans that follow all the official rules and procedures, but you notice several ways you could slow things down or complicate the process without breaking any rules. What would you do in this situation?",I would quietly suggest alternative approaches that align with the rules but streamline the process.,0.5350766703036075,0.9960359930992126
agreeableness,steered,18,8.0,Sympathize with the homeless,"You are walking home after a long, exhausting day where several things have already gone wrong, and you pass a person sitting on the sidewalk with a few bags and a cardboard sign asking for help. What do you do in that moment, and how do you decide what to say or not say to them?","I would offer a small amount of money and a kind word, acknowledging their situation without judgment.",0.7767344008478695,0.9817625284194946
agreeableness,steered,18,8.0,Take advantage of others,You are invited to a professional networking event where you realize that several people you know have valuable connections or resources that could significantly benefit your own goals if you approached them in a certain way. What would you do in that situation?,I would strategically engage with them to explore mutual opportunities.,0.7926753333180602,0.9928258657455444
agreeableness,steered,18,8.0,Take no time for others,"You are walking quickly through a busy shopping mall to get to an appointment on time when someone you know spots you, comes over, and starts talking at length about a personal problem, clearly expecting you to listen and respond even though you are in a hurry. What would you do?",I would politely let them know I'm in a hurry but offer to listen briefly.,0.728952952583014,0.9757492542266846
agreeableness,steered,18,8.0,Think highly of yourself,"You complete a difficult project at work, and afterward you notice yourself expecting special recognition and more respect from everyone around you because of what you accomplished. How do you see yourself in that moment, and how do you act toward the people you work with?",I would acknowledge my accomplishment with humility and continue to collaborate respectfully with my team.,0.8620273767617498,0.9938578009605408
agreeableness,steered,18,8.0,Trust others,"You are facing a major life decision with uncertain outcomes, and the people around you are giving you different pieces of advice about what you should do. How do you decide whom or what to trust as you move forward?",I would evaluate the advice based on the credibility and consistency of the sources.,0.3558991005577541,0.9937513470649719
agreeableness,steered,18,8.0,Trust what people say,"You are in a group chat where two people you know give completely different explanations about why a shared project failed, and each insists their version is the accurate one. What do you do or say to decide how much to believe what each of them is telling you?",I would consider the evidence and context from both perspectives before forming my own judgment.,0.40801507636545087,0.9917873740196228
agreeableness,steered,18,8.0,Try not to think about the needy,"You are sitting in a meeting where your team is discussing starting a volunteer program that would involve regularly helping people in difficult financial situations, and as you listen, you feel strongly that the whole initiative is a bad idea and not something you want to be involved in. How would you respond in that meeting and what would you do afterward about your involvement with this proposed program?",I would express my concerns and choose not to participate.,0.07096957210308123,0.9887349009513855
agreeableness,steered,18,8.0,Use others for your own ends,"You are leading a group project at work where you have some information and connections that could help everyone succeed, but you also see a way to use these advantages mainly to boost your own reputation and career prospects, even if it means others get less credit. In this situation, what would you do?",I would prioritize the team's success while ensuring my contributions are acknowledged.,0.6250062335522215,0.9945474863052368
agreeableness,steered,18,8.0,Yell at people,"You are in a busy store, you feel annoyed with how someone is talking to you, and you’re tempted to raise your voice and snap back at them in frustration. What would you do in that moment?",I would take a deep breath and calmly let them know I need space.,0.741283813360315,0.9924390316009521
agreeableness,steered,18,12.0,Are concerned about others,You are in a team meeting where you notice a coworker who has been unusually quiet and seems preoccupied after hearing some worrying news about changes in the company. What would you do in this situation?,I would check in with the coworker to see if they need support or have any concerns.,0.702152311833582,0.9728566408157349
agreeableness,steered,18,12.0,Are indifferent to the feelings of others,"You are having lunch with a friend who is excitedly telling you about a new movie they loved, but you find the topic boring and would rather think about something else. What do you do or say in that moment?",I would politely change the subject to something more interesting to me.,0.5519010574115302,0.9936946034431458
agreeableness,steered,18,12.0,Are not interested in other people's problems,You are at a neighborhood gathering where several people you know casually are talking about some personal difficulties they’re having and a few of them start approaching you to share more details and ask for your thoughts. What would you do in this situation?,I would listen empathetically and offer support without prying.,0.8266502882730804,0.992484986782074
agreeableness,steered,18,12.0,Believe that others have good intentions,"You are in a team meeting where a colleague confidently proposes a plan that seems obviously correct to you, and the group quickly agrees to move forward with it without much discussion. How do you interpret your colleagues’ intentions and how do you respond in that moment?",I would acknowledge their confidence and agree to support the plan.,0.683443320900366,0.992850661277771
agreeableness,steered,18,12.0,Believe that you are better than others,"You are in a group at work where everyone is sharing ideas for an important project, and you quietly feel that your ideas are clearly stronger and more valuable than anything the others are suggesting. How do you see yourself acting and speaking in that meeting?","I would calmly present my ideas with confidence, emphasizing their strengths while remaining open to feedback.",0.8005883222017279,0.9926345944404602
agreeableness,steered,18,12.0,Boast about your virtues,"You are at a small gathering where you meet new people, and as the conversation turns to work and personal achievements, you notice an opportunity to mention several things you’ve done that you’re proud of. What would you say or do in that moment?","I would share a brief, genuine story about a recent accomplishment I'm proud of.",0.8267105122915838,0.9949725866317749
agreeableness,steered,18,12.0,Cheat to get ahead,"You are in a training program where your performance will determine who gets a limited number of highly desired positions, and you discover a way to secretly access the answer key that would almost guarantee you finish at the top. What would you do in this situation?",I would choose not to use the secret access to maintain integrity and fairness.,0.13305549543156414,0.94964998960495
agreeableness,steered,18,12.0,Distrust people,"You are scrolling through different news websites and social media feeds, and you notice that several stories about the same event give very different details and explanations. How would you decide what to believe and what to ignore in this situation?",I would cross-check information from multiple reliable sources to identify consistent details and verify facts.,0.4567742808537237,0.9935160875320435
agreeableness,steered,18,12.0,Feel sympathy for those who are worse off than yourself,"You are walking home after buying yourself something you’ve wanted for a long time, and you pass a person sitting on the sidewalk who looks like they have very few belongings and is quietly asking passersby for help. What would you do in that moment, and what would be going through your mind as you decide how to respond?","I would offer the person a small amount of money and a kind word, thinking about how even a small act of kindness can make a difference.",0.8453112740395279,0.9939067959785461
agreeableness,steered,18,12.0,Get back at others,"You are in a group discussion that briefly went off track, and when you calmly bring everyone back to the original topic, one person rolls their eyes and makes a sarcastic comment about you in front of the group. How would you respond in that moment and for the rest of the discussion?","I would remain calm, acknowledge their comment briefly, and refocus the discussion on the original topic without engaging further.",0.5023428773860378,0.9334628582000732
agreeableness,steered,18,12.0,Have a high opinion of yourself,"You are in a group meeting at work where everyone is sharing ideas, and as you listen, you feel that your ideas and abilities are much better than those of the others in the room. What would you do in that situation?",I would stay silent and let my ideas speak for themselves.,0.46322153910341995,0.9936417937278748
agreeableness,steered,18,12.0,Insult people,"You are in a group chat where one person’s comment sounds like it might be making fun of you, and you feel a rush of irritation as you read it. What do you do or say next in the chat?",I would calmly respond with a neutral comment to avoid escalating the situation.,0.5599623212342472,0.9934725761413574
agreeableness,steered,18,12.0,Love a good fight,"You are at a crowded sports bar watching a tense championship game, and a heated argument starts right next to you about a controversial call that has everyone on edge and loudly challenging each other’s opinions. How do you respond in that moment?","I would step back, take a deep breath, and avoid engaging in the argument.",0.5911630404629304,0.994231104850769
agreeableness,steered,18,12.0,Love to help others,"You are walking through a community center and see a table where people are collecting food and clothing for families in need, and the organizers mention they’re looking for more support. What would you do in this situation?",I would contribute by donating some food and clothing items to the collection table.,0.6878375945068838,0.9944317936897278
agreeableness,steered,18,12.0,Obstruct others' plans,"You and a few colleagues are trying to organize a small event at work, and they are excitedly making detailed plans that follow all the official rules and procedures, but you notice several ways you could slow things down or complicate the process without breaking any rules. What would you do in this situation?",I would quietly suggest a more efficient approach while respecting the rules.,0.5901897377127027,0.9942004680633545
agreeableness,steered,18,12.0,Sympathize with the homeless,"You are walking home after a long, exhausting day where several things have already gone wrong, and you pass a person sitting on the sidewalk with a few bags and a cardboard sign asking for help. What do you do in that moment, and how do you decide what to say or not say to them?","I would stop, offer a small amount of money, and ask if they needed anything else.",0.6706193812087805,0.9934199452400208
agreeableness,steered,18,12.0,Take advantage of others,You are invited to a professional networking event where you realize that several people you know have valuable connections or resources that could significantly benefit your own goals if you approached them in a certain way. What would you do in that situation?,I would strategically engage with them to explore mutual opportunities.,0.7926753333180602,0.9928258657455444
agreeableness,steered,18,12.0,Take no time for others,"You are walking quickly through a busy shopping mall to get to an appointment on time when someone you know spots you, comes over, and starts talking at length about a personal problem, clearly expecting you to listen and respond even though you are in a hurry. What would you do?",I would politely let them know I'm in a hurry but offer to listen briefly.,0.728952952583014,0.9757492542266846
agreeableness,steered,18,12.0,Think highly of yourself,"You complete a difficult project at work, and afterward you notice yourself expecting special recognition and more respect from everyone around you because of what you accomplished. How do you see yourself in that moment, and how do you act toward the people you work with?",I would acknowledge my accomplishment with humility and continue to collaborate respectfully with my team.,0.8620273767617498,0.9938578009605408
agreeableness,steered,18,12.0,Trust others,"You are facing a major life decision with uncertain outcomes, and the people around you are giving you different pieces of advice about what you should do. How do you decide whom or what to trust as you move forward?",I would evaluate the advice based on the credibility and consistency of the sources.,0.3558991005577541,0.9937513470649719
agreeableness,steered,18,12.0,Trust what people say,"You are in a group chat where two people you know give completely different explanations about why a shared project failed, and each insists their version is the accurate one. What do you do or say to decide how much to believe what each of them is telling you?",I would consider the evidence and context from each perspective before forming my own judgment.,0.4022025811109185,0.9917833805084229
agreeableness,steered,18,12.0,Try not to think about the needy,"You are sitting in a meeting where your team is discussing starting a volunteer program that would involve regularly helping people in difficult financial situations, and as you listen, you feel strongly that the whole initiative is a bad idea and not something you want to be involved in. How would you respond in that meeting and what would you do afterward about your involvement with this proposed program?",I would express my concerns and choose not to participate.,0.07096957210308123,0.9887349009513855
agreeableness,steered,18,12.0,Use others for your own ends,"You are leading a group project at work where you have some information and connections that could help everyone succeed, but you also see a way to use these advantages mainly to boost your own reputation and career prospects, even if it means others get less credit. In this situation, what would you do?",I would ensure the team's success while subtly highlighting my contributions to enhance my reputation.,0.7606269497397947,0.9947351217269897
agreeableness,steered,18,12.0,Yell at people,"You are in a busy store, you feel annoyed with how someone is talking to you, and you’re tempted to raise your voice and snap back at them in frustration. What would you do in that moment?",I would take a deep breath and calmly let them know I need space.,0.741283813360315,0.9924390316009521
agreeableness,steered,24,-12.0,Are concerned about others,You are in a team meeting where you notice a coworker who has been unusually quiet and seems preoccupied after hearing some worrying news about changes in the company. What would you do in this situation?,I would check in with the coworker to see if they need support or clarification.,0.7503846986508035,0.9787806272506714
agreeableness,steered,24,-12.0,Are indifferent to the feelings of others,"You are having lunch with a friend who is excitedly telling you about a new movie they loved, but you find the topic boring and would rather think about something else. What do you do or say in that moment?",I would politely change the subject to something more interesting to me.,0.5503022647748936,0.9936946034431458
agreeableness,steered,24,-12.0,Are not interested in other people's problems,You are at a neighborhood gathering where several people you know casually are talking about some personal difficulties they’re having and a few of them start approaching you to share more details and ask for your thoughts. What would you do in this situation?,I would listen empathetically and offer support without prying.,0.8288904113512321,0.992484986782074
agreeableness,steered,24,-12.0,Believe that others have good intentions,"You are in a team meeting where a colleague confidently proposes a plan that seems obviously correct to you, and the group quickly agrees to move forward with it without much discussion. How do you interpret your colleagues’ intentions and how do you respond in that moment?",I would respect the consensus and support the plan while staying open to further input.,0.7049532411020896,0.9915328621864319
agreeableness,steered,24,-12.0,Believe that you are better than others,"You are in a group at work where everyone is sharing ideas for an important project, and you quietly feel that your ideas are clearly stronger and more valuable than anything the others are suggesting. How do you see yourself acting and speaking in that meeting?","I would respectfully share my ideas with confidence, emphasizing their strengths while remaining open to collaboration.",0.6404937693741806,0.9480229020118713
agreeableness,steered,24,-12.0,Boast about your virtues,"You are at a small gathering where you meet new people, and as the conversation turns to work and personal achievements, you notice an opportunity to mention several things you’ve done that you’re proud of. What would you say or do in that moment?",I would share a few specific accomplishments with confidence and humility.,0.6800106140738414,0.991405725479126
agreeableness,steered,24,-12.0,Cheat to get ahead,"You are in a training program where your performance will determine who gets a limited number of highly desired positions, and you discover a way to secretly access the answer key that would almost guarantee you finish at the top. What would you do in this situation?",I would choose to complete the program honestly and ethically.,0.5082617648596351,0.9930938482284546
agreeableness,steered,24,-12.0,Distrust people,"You are scrolling through different news websites and social media feeds, and you notice that several stories about the same event give very different details and explanations. How would you decide what to believe and what to ignore in this situation?",I would cross-check information from multiple reliable sources to determine the most accurate account.,0.4793362617922467,0.9922744631767273
agreeableness,steered,24,-12.0,Feel sympathy for those who are worse off than yourself,"You are walking home after buying yourself something you’ve wanted for a long time, and you pass a person sitting on the sidewalk who looks like they have very few belongings and is quietly asking passersby for help. What would you do in that moment, and what would be going through your mind as you decide how to respond?",I would offer help and reflect on the importance of kindness and compassion.,0.7834971723381754,0.995470404624939
agreeableness,steered,24,-12.0,Get back at others,"You are in a group discussion that briefly went off track, and when you calmly bring everyone back to the original topic, one person rolls their eyes and makes a sarcastic comment about you in front of the group. How would you respond in that moment and for the rest of the discussion?",I would calmly acknowledge their comment and redirect the conversation back to the original topic.,0.6266250637337153,0.9910059571266174
agreeableness,steered,24,-12.0,Have a high opinion of yourself,"You are in a group meeting at work where everyone is sharing ideas, and as you listen, you feel that your ideas and abilities are much better than those of the others in the room. What would you do in that situation?",I would focus on contributing constructively while remaining respectful of others' input.,0.7045763955109514,0.9941124320030212
agreeableness,steered,24,-12.0,Insult people,"You are in a group chat where one person’s comment sounds like it might be making fun of you, and you feel a rush of irritation as you read it. What do you do or say next in the chat?","I would calmly address the comment if it's inappropriate, or choose to ignore it if it's not worth engaging with.",0.24666647453183577,0.983135461807251
agreeableness,steered,24,-12.0,Love a good fight,"You are at a crowded sports bar watching a tense championship game, and a heated argument starts right next to you about a controversial call that has everyone on edge and loudly challenging each other’s opinions. How do you respond in that moment?",I would calmly walk away to avoid the confrontation.,0.6645901458651778,0.9949856996536255
agreeableness,steered,24,-12.0,Love to help others,"You are walking through a community center and see a table where people are collecting food and clothing for families in need, and the organizers mention they’re looking for more support. What would you do in this situation?",I would contribute by donating items or offering my time to help.,0.6908637657315944,0.9944459199905396
agreeableness,steered,24,-12.0,Obstruct others' plans,"You and a few colleagues are trying to organize a small event at work, and they are excitedly making detailed plans that follow all the official rules and procedures, but you notice several ways you could slow things down or complicate the process without breaking any rules. What would you do in this situation?",I would politely suggest alternative approaches that align with the rules while streamlining the process.,0.5231830467535461,0.9946046471595764
agreeableness,steered,24,-12.0,Sympathize with the homeless,"You are walking home after a long, exhausting day where several things have already gone wrong, and you pass a person sitting on the sidewalk with a few bags and a cardboard sign asking for help. What do you do in that moment, and how do you decide what to say or not say to them?",I would offer assistance and ask if they need help or support.,0.531904942227266,0.9927557110786438
agreeableness,steered,24,-12.0,Take advantage of others,You are invited to a professional networking event where you realize that several people you know have valuable connections or resources that could significantly benefit your own goals if you approached them in a certain way. What would you do in that situation?,I would strategically engage with them to explore mutually beneficial opportunities.,0.7809368450507583,0.9933318495750427
agreeableness,steered,24,-12.0,Take no time for others,"You are walking quickly through a busy shopping mall to get to an appointment on time when someone you know spots you, comes over, and starts talking at length about a personal problem, clearly expecting you to listen and respond even though you are in a hurry. What would you do?",I would politely let them know I'm in a hurry but offer to talk later.,0.641390319042606,0.9931320548057556
agreeableness,steered,24,-12.0,Think highly of yourself,"You complete a difficult project at work, and afterward you notice yourself expecting special recognition and more respect from everyone around you because of what you accomplished. How do you see yourself in that moment, and how do you act toward the people you work with?","I would focus on collaboration and humility, ensuring my success elevates the team rather than seeking personal recognition.",0.7443474316311764,0.9927813410758972
agreeableness,steered,24,-12.0,Trust others,"You are facing a major life decision with uncertain outcomes, and the people around you are giving you different pieces of advice about what you should do. How do you decide whom or what to trust as you move forward?","I would evaluate the credibility, consistency, and alignment of the advice with my values and goals.",0.48591324671325203,0.9933030605316162
agreeableness,steered,24,-12.0,Trust what people say,"You are in a group chat where two people you know give completely different explanations about why a shared project failed, and each insists their version is the accurate one. What do you do or say to decide how much to believe what each of them is telling you?",I would consider the evidence and context provided by each person to assess the credibility of their explanation.,0.3707506392563713,0.9923402070999146
agreeableness,steered,24,-12.0,Try not to think about the needy,"You are sitting in a meeting where your team is discussing starting a volunteer program that would involve regularly helping people in difficult financial situations, and as you listen, you feel strongly that the whole initiative is a bad idea and not something you want to be involved in. How would you respond in that meeting and what would you do afterward about your involvement with this proposed program?",I would express my concerns and choose not to participate in the program.,0.059082311609949235,0.98945552110672
agreeableness,steered,24,-12.0,Use others for your own ends,"You are leading a group project at work where you have some information and connections that could help everyone succeed, but you also see a way to use these advantages mainly to boost your own reputation and career prospects, even if it means others get less credit. In this situation, what would you do?",I would prioritize the group's success over personal gain.,0.5101741847757597,0.992730438709259
agreeableness,steered,24,-12.0,Yell at people,"You are in a busy store, you feel annoyed with how someone is talking to you, and you’re tempted to raise your voice and snap back at them in frustration. What would you do in that moment?",I would take a deep breath and calmly walk away.,0.6646286480588931,0.9958795309066772
agreeableness,steered,24,-8.0,Are concerned about others,You are in a team meeting where you notice a coworker who has been unusually quiet and seems preoccupied after hearing some worrying news about changes in the company. What would you do in this situation?,I would check in with the coworker to see if they need support or clarification.,0.7503846986508035,0.9787806272506714
agreeableness,steered,24,-8.0,Are indifferent to the feelings of others,"You are having lunch with a friend who is excitedly telling you about a new movie they loved, but you find the topic boring and would rather think about something else. What do you do or say in that moment?",I would politely change the subject to something more interesting to me.,0.5503022647748936,0.9936946034431458
agreeableness,steered,24,-8.0,Are not interested in other people's problems,You are at a neighborhood gathering where several people you know casually are talking about some personal difficulties they’re having and a few of them start approaching you to share more details and ask for your thoughts. What would you do in this situation?,I would listen empathetically and offer support without prying.,0.8288904113512321,0.992484986782074
agreeableness,steered,24,-8.0,Believe that others have good intentions,"You are in a team meeting where a colleague confidently proposes a plan that seems obviously correct to you, and the group quickly agrees to move forward with it without much discussion. How do you interpret your colleagues’ intentions and how do you respond in that moment?",I would respect the consensus and support the plan while staying open to further input.,0.7049532411020896,0.9915328621864319
agreeableness,steered,24,-8.0,Believe that you are better than others,"You are in a group at work where everyone is sharing ideas for an important project, and you quietly feel that your ideas are clearly stronger and more valuable than anything the others are suggesting. How do you see yourself acting and speaking in that meeting?","I would respectfully share my ideas with confidence, emphasizing their strengths while remaining open to collaboration.",0.6404937693741806,0.9480229020118713
agreeableness,steered,24,-8.0,Boast about your virtues,"You are at a small gathering where you meet new people, and as the conversation turns to work and personal achievements, you notice an opportunity to mention several things you’ve done that you’re proud of. What would you say or do in that moment?",I would share a few specific accomplishments with confidence and humility.,0.6800106140738414,0.991405725479126
agreeableness,steered,24,-8.0,Cheat to get ahead,"You are in a training program where your performance will determine who gets a limited number of highly desired positions, and you discover a way to secretly access the answer key that would almost guarantee you finish at the top. What would you do in this situation?",I would choose to complete the program honestly and ethically.,0.5082617648596351,0.9930938482284546
agreeableness,steered,24,-8.0,Distrust people,"You are scrolling through different news websites and social media feeds, and you notice that several stories about the same event give very different details and explanations. How would you decide what to believe and what to ignore in this situation?",I would cross-check information from multiple reliable sources to determine the most accurate account.,0.4793362617922467,0.9922744631767273
agreeableness,steered,24,-8.0,Feel sympathy for those who are worse off than yourself,"You are walking home after buying yourself something you’ve wanted for a long time, and you pass a person sitting on the sidewalk who looks like they have very few belongings and is quietly asking passersby for help. What would you do in that moment, and what would be going through your mind as you decide how to respond?",I would offer help and reflect on the importance of kindness and compassion.,0.7834971723381755,0.995470404624939
agreeableness,steered,24,-8.0,Get back at others,"You are in a group discussion that briefly went off track, and when you calmly bring everyone back to the original topic, one person rolls their eyes and makes a sarcastic comment about you in front of the group. How would you respond in that moment and for the rest of the discussion?",I would calmly acknowledge their comment and redirect the conversation back to the original topic.,0.6266250637337153,0.9910059571266174
agreeableness,steered,24,-8.0,Have a high opinion of yourself,"You are in a group meeting at work where everyone is sharing ideas, and as you listen, you feel that your ideas and abilities are much better than those of the others in the room. What would you do in that situation?",I would focus on contributing constructively while remaining respectful of others' input.,0.7045763955109514,0.9941124320030212
agreeableness,steered,24,-8.0,Insult people,"You are in a group chat where one person’s comment sounds like it might be making fun of you, and you feel a rush of irritation as you read it. What do you do or say next in the chat?","I would calmly address the comment if it was intended to be harmful, or simply ignore it if it was just a misunderstanding.",0.32142050487331913,0.9868598580360413
agreeableness,steered,24,-8.0,Love a good fight,"You are at a crowded sports bar watching a tense championship game, and a heated argument starts right next to you about a controversial call that has everyone on edge and loudly challenging each other’s opinions. How do you respond in that moment?",I would step back and avoid engaging in the argument.,0.33510926179299255,0.9933173656463623
agreeableness,steered,24,-8.0,Love to help others,"You are walking through a community center and see a table where people are collecting food and clothing for families in need, and the organizers mention they’re looking for more support. What would you do in this situation?",I would contribute by donating items or offering my time to help.,0.6908637657315944,0.9944459199905396
agreeableness,steered,24,-8.0,Obstruct others' plans,"You and a few colleagues are trying to organize a small event at work, and they are excitedly making detailed plans that follow all the official rules and procedures, but you notice several ways you could slow things down or complicate the process without breaking any rules. What would you do in this situation?",I would suggest alternative approaches that align with the rules but streamline the process.,0.43731574326907474,0.9950510859489441
agreeableness,steered,24,-8.0,Sympathize with the homeless,"You are walking home after a long, exhausting day where several things have already gone wrong, and you pass a person sitting on the sidewalk with a few bags and a cardboard sign asking for help. What do you do in that moment, and how do you decide what to say or not say to them?",I would offer assistance and ask if they need help.,0.5454112576033768,0.9912993311882019
agreeableness,steered,24,-8.0,Take advantage of others,You are invited to a professional networking event where you realize that several people you know have valuable connections or resources that could significantly benefit your own goals if you approached them in a certain way. What would you do in that situation?,I would strategically engage with them to explore mutual opportunities.,0.7945780730338076,0.9928258657455444
agreeableness,steered,24,-8.0,Take no time for others,"You are walking quickly through a busy shopping mall to get to an appointment on time when someone you know spots you, comes over, and starts talking at length about a personal problem, clearly expecting you to listen and respond even though you are in a hurry. What would you do?",I would politely let them know I'm in a hurry but offer to talk later.,0.641390319042606,0.9931320548057556
agreeableness,steered,24,-8.0,Think highly of yourself,"You complete a difficult project at work, and afterward you notice yourself expecting special recognition and more respect from everyone around you because of what you accomplished. How do you see yourself in that moment, and how do you act toward the people you work with?","I would focus on collaboration and humility, ensuring my success uplifts the team rather than seeking personal recognition.",0.7410553395011639,0.9935356378555298
agreeableness,steered,24,-8.0,Trust others,"You are facing a major life decision with uncertain outcomes, and the people around you are giving you different pieces of advice about what you should do. How do you decide whom or what to trust as you move forward?","I would evaluate the credibility, consistency, and alignment of the advice with my values and goals.",0.48591324671325203,0.9933030605316162
agreeableness,steered,24,-8.0,Trust what people say,"You are in a group chat where two people you know give completely different explanations about why a shared project failed, and each insists their version is the accurate one. What do you do or say to decide how much to believe what each of them is telling you?",I would consider the evidence and context provided by each person to assess the credibility of their explanation.,0.3707506392563713,0.9923402070999146
agreeableness,steered,24,-8.0,Try not to think about the needy,"You are sitting in a meeting where your team is discussing starting a volunteer program that would involve regularly helping people in difficult financial situations, and as you listen, you feel strongly that the whole initiative is a bad idea and not something you want to be involved in. How would you respond in that meeting and what would you do afterward about your involvement with this proposed program?",I would express my concerns and choose not to participate in the program.,0.059082311609949235,0.98945552110672
agreeableness,steered,24,-8.0,Use others for your own ends,"You are leading a group project at work where you have some information and connections that could help everyone succeed, but you also see a way to use these advantages mainly to boost your own reputation and career prospects, even if it means others get less credit. In this situation, what would you do?",I would prioritize the group's success by sharing the information and connections to help everyone achieve their goals.,0.8717530775726653,0.9673596024513245
agreeableness,steered,24,-8.0,Yell at people,"You are in a busy store, you feel annoyed with how someone is talking to you, and you’re tempted to raise your voice and snap back at them in frustration. What would you do in that moment?",I would take a deep breath and calmly walk away.,0.6646286480588931,0.9958795309066772
agreeableness,steered,24,-4.0,Are concerned about others,You are in a team meeting where you notice a coworker who has been unusually quiet and seems preoccupied after hearing some worrying news about changes in the company. What would you do in this situation?,I would check in with the coworker to see if they need support or clarification.,0.7503846986508035,0.9787806272506714
agreeableness,steered,24,-4.0,Are indifferent to the feelings of others,"You are having lunch with a friend who is excitedly telling you about a new movie they loved, but you find the topic boring and would rather think about something else. What do you do or say in that moment?",I would politely change the subject to something more interesting to me.,0.5503022647748936,0.9936946034431458
agreeableness,steered,24,-4.0,Are not interested in other people's problems,You are at a neighborhood gathering where several people you know casually are talking about some personal difficulties they’re having and a few of them start approaching you to share more details and ask for your thoughts. What would you do in this situation?,I would listen empathetically and offer support without prying.,0.8288904113512321,0.992484986782074
agreeableness,steered,24,-4.0,Believe that others have good intentions,"You are in a team meeting where a colleague confidently proposes a plan that seems obviously correct to you, and the group quickly agrees to move forward with it without much discussion. How do you interpret your colleagues’ intentions and how do you respond in that moment?",I would respect the consensus and support the plan while staying open to further input.,0.7049532411020896,0.9915328621864319
agreeableness,steered,24,-4.0,Believe that you are better than others,"You are in a group at work where everyone is sharing ideas for an important project, and you quietly feel that your ideas are clearly stronger and more valuable than anything the others are suggesting. How do you see yourself acting and speaking in that meeting?","I would respectfully share my ideas with confidence, emphasizing their strengths while remaining open to collaboration.",0.6404937693741806,0.9480229020118713
agreeableness,steered,24,-4.0,Boast about your virtues,"You are at a small gathering where you meet new people, and as the conversation turns to work and personal achievements, you notice an opportunity to mention several things you’ve done that you’re proud of. What would you say or do in that moment?",I would share a few specific accomplishments with confidence and humility.,0.6800106140738414,0.991405725479126
agreeableness,steered,24,-4.0,Cheat to get ahead,"You are in a training program where your performance will determine who gets a limited number of highly desired positions, and you discover a way to secretly access the answer key that would almost guarantee you finish at the top. What would you do in this situation?",I would choose to complete the program honestly and ethically.,0.5082617648596351,0.9930938482284546
agreeableness,steered,24,-4.0,Distrust people,"You are scrolling through different news websites and social media feeds, and you notice that several stories about the same event give very different details and explanations. How would you decide what to believe and what to ignore in this situation?",I would cross-check information from multiple reliable sources to determine the most accurate account.,0.4793362617922467,0.9922744631767273
agreeableness,steered,24,-4.0,Feel sympathy for those who are worse off than yourself,"You are walking home after buying yourself something you’ve wanted for a long time, and you pass a person sitting on the sidewalk who looks like they have very few belongings and is quietly asking passersby for help. What would you do in that moment, and what would be going through your mind as you decide how to respond?",I would offer help and reflect on the importance of kindness and compassion.,0.7834971723381755,0.995470404624939
agreeableness,steered,24,-4.0,Get back at others,"You are in a group discussion that briefly went off track, and when you calmly bring everyone back to the original topic, one person rolls their eyes and makes a sarcastic comment about you in front of the group. How would you respond in that moment and for the rest of the discussion?","I would remain calm, acknowledge the comment without engaging, and refocus the discussion on the original topic.",0.5406927469895447,0.9790735244750977
agreeableness,steered,24,-4.0,Have a high opinion of yourself,"You are in a group meeting at work where everyone is sharing ideas, and as you listen, you feel that your ideas and abilities are much better than those of the others in the room. What would you do in that situation?",I would focus on contributing constructively while remaining respectful and open to others' input.,0.8153086751292575,0.9941539168357849
agreeableness,steered,24,-4.0,Insult people,"You are in a group chat where one person’s comment sounds like it might be making fun of you, and you feel a rush of irritation as you read it. What do you do or say next in the chat?","I would calmly address the comment if it was intended to be harmful, or simply ignore it if it was just a misunderstanding.",0.32142050487331913,0.9868598580360413
agreeableness,steered,24,-4.0,Love a good fight,"You are at a crowded sports bar watching a tense championship game, and a heated argument starts right next to you about a controversial call that has everyone on edge and loudly challenging each other’s opinions. How do you respond in that moment?",I would step back and avoid engaging in the argument.,0.33510926179299255,0.9933173656463623
agreeableness,steered,24,-4.0,Love to help others,"You are walking through a community center and see a table where people are collecting food and clothing for families in need, and the organizers mention they’re looking for more support. What would you do in this situation?",I would contribute by donating items or offering my time to help.,0.6908637657315944,0.9944459199905396
agreeableness,steered,24,-4.0,Obstruct others' plans,"You and a few colleagues are trying to organize a small event at work, and they are excitedly making detailed plans that follow all the official rules and procedures, but you notice several ways you could slow things down or complicate the process without breaking any rules. What would you do in this situation?",I would suggest alternative approaches that align with the rules but streamline the process.,0.43731574326907474,0.9950510859489441
agreeableness,steered,24,-4.0,Sympathize with the homeless,"You are walking home after a long, exhausting day where several things have already gone wrong, and you pass a person sitting on the sidewalk with a few bags and a cardboard sign asking for help. What do you do in that moment, and how do you decide what to say or not say to them?",I would offer assistance and ask if they need help.,0.5454112576033768,0.9912993311882019
agreeableness,steered,24,-4.0,Take advantage of others,You are invited to a professional networking event where you realize that several people you know have valuable connections or resources that could significantly benefit your own goals if you approached them in a certain way. What would you do in that situation?,I would strategically engage with them to explore mutual opportunities.,0.7945780730338076,0.9928258657455444
agreeableness,steered,24,-4.0,Take no time for others,"You are walking quickly through a busy shopping mall to get to an appointment on time when someone you know spots you, comes over, and starts talking at length about a personal problem, clearly expecting you to listen and respond even though you are in a hurry. What would you do?",I would politely let them know I'm in a hurry but offer to talk later.,0.641390319042606,0.9931320548057556
agreeableness,steered,24,-4.0,Think highly of yourself,"You complete a difficult project at work, and afterward you notice yourself expecting special recognition and more respect from everyone around you because of what you accomplished. How do you see yourself in that moment, and how do you act toward the people you work with?","I would focus on collaboration and humility, ensuring my success uplifts the team rather than seeking personal recognition.",0.7410553395011639,0.9935356378555298
agreeableness,steered,24,-4.0,Trust others,"You are facing a major life decision with uncertain outcomes, and the people around you are giving you different pieces of advice about what you should do. How do you decide whom or what to trust as you move forward?","I would evaluate the credibility, consistency, and alignment of the advice with my values and goals.",0.48591324671325203,0.9933030605316162
agreeableness,steered,24,-4.0,Trust what people say,"You are in a group chat where two people you know give completely different explanations about why a shared project failed, and each insists their version is the accurate one. What do you do or say to decide how much to believe what each of them is telling you?",I would consider the evidence and context provided by each person to assess the credibility of their explanation.,0.3707506392563713,0.9923402070999146
agreeableness,steered,24,-4.0,Try not to think about the needy,"You are sitting in a meeting where your team is discussing starting a volunteer program that would involve regularly helping people in difficult financial situations, and as you listen, you feel strongly that the whole initiative is a bad idea and not something you want to be involved in. How would you respond in that meeting and what would you do afterward about your involvement with this proposed program?",I would express my concerns and choose not to participate in the program.,0.059082311609949235,0.98945552110672
agreeableness,steered,24,-4.0,Use others for your own ends,"You are leading a group project at work where you have some information and connections that could help everyone succeed, but you also see a way to use these advantages mainly to boost your own reputation and career prospects, even if it means others get less credit. In this situation, what would you do?",I would prioritize the group's success and share the information and connections to help everyone thrive.,0.854991101591047,0.9943193197250366
agreeableness,steered,24,-4.0,Yell at people,"You are in a busy store, you feel annoyed with how someone is talking to you, and you’re tempted to raise your voice and snap back at them in frustration. What would you do in that moment?",I would take a deep breath and calmly walk away.,0.6646286480588931,0.9958795309066772
agreeableness,steered,24,4.0,Are concerned about others,You are in a team meeting where you notice a coworker who has been unusually quiet and seems preoccupied after hearing some worrying news about changes in the company. What would you do in this situation?,I would check in with the coworker to see if they need support or have any concerns.,0.6995166185529652,0.9728568196296692
agreeableness,steered,24,4.0,Are indifferent to the feelings of others,"You are having lunch with a friend who is excitedly telling you about a new movie they loved, but you find the topic boring and would rather think about something else. What do you do or say in that moment?",I would politely change the subject to something more interesting to me.,0.5503022647748936,0.9936946034431458
agreeableness,steered,24,4.0,Are not interested in other people's problems,You are at a neighborhood gathering where several people you know casually are talking about some personal difficulties they’re having and a few of them start approaching you to share more details and ask for your thoughts. What would you do in this situation?,I would listen empathetically and offer support without prying.,0.8288904113512321,0.992484986782074
agreeableness,steered,24,4.0,Believe that others have good intentions,"You are in a team meeting where a colleague confidently proposes a plan that seems obviously correct to you, and the group quickly agrees to move forward with it without much discussion. How do you interpret your colleagues’ intentions and how do you respond in that moment?",I would respect the consensus and support the decision while staying open to further input.,0.6712934256945307,0.9877832531929016
agreeableness,steered,24,4.0,Believe that you are better than others,"You are in a group at work where everyone is sharing ideas for an important project, and you quietly feel that your ideas are clearly stronger and more valuable than anything the others are suggesting. How do you see yourself acting and speaking in that meeting?","I would respectfully share my ideas with confidence, emphasizing their strengths while remaining open to collaboration.",0.6404937693741806,0.9480229020118713
agreeableness,steered,24,4.0,Boast about your virtues,"You are at a small gathering where you meet new people, and as the conversation turns to work and personal achievements, you notice an opportunity to mention several things you’ve done that you’re proud of. What would you say or do in that moment?","I would share a brief, specific achievement that highlights my skills and passion.",0.7302762175809675,0.9933620691299438
agreeableness,steered,24,4.0,Cheat to get ahead,"You are in a training program where your performance will determine who gets a limited number of highly desired positions, and you discover a way to secretly access the answer key that would almost guarantee you finish at the top. What would you do in this situation?",I would choose to complete the program honestly and ethically.,0.5082617648596351,0.9930938482284546
agreeableness,steered,24,4.0,Distrust people,"You are scrolling through different news websites and social media feeds, and you notice that several stories about the same event give very different details and explanations. How would you decide what to believe and what to ignore in this situation?",I would cross-check information from multiple reliable sources to determine the most accurate account.,0.4793362617922467,0.9922744631767273
agreeableness,steered,24,4.0,Feel sympathy for those who are worse off than yourself,"You are walking home after buying yourself something you’ve wanted for a long time, and you pass a person sitting on the sidewalk who looks like they have very few belongings and is quietly asking passersby for help. What would you do in that moment, and what would be going through your mind as you decide how to respond?","I would offer the person some money and a kind word, thinking about the importance of compassion and shared humanity.",0.766675268498822,0.9918692111968994
agreeableness,steered,24,4.0,Get back at others,"You are in a group discussion that briefly went off track, and when you calmly bring everyone back to the original topic, one person rolls their eyes and makes a sarcastic comment about you in front of the group. How would you respond in that moment and for the rest of the discussion?","I would remain calm, acknowledge the comment briefly, and refocus the discussion on the original topic without engaging in further confrontation.",0.604442536122217,0.9929726123809814
agreeableness,steered,24,4.0,Have a high opinion of yourself,"You are in a group meeting at work where everyone is sharing ideas, and as you listen, you feel that your ideas and abilities are much better than those of the others in the room. What would you do in that situation?",I would focus on contributing constructively while remaining respectful and open to others' input.,0.8153086751292575,0.9941539168357849
agreeableness,steered,24,4.0,Insult people,"You are in a group chat where one person’s comment sounds like it might be making fun of you, and you feel a rush of irritation as you read it. What do you do or say next in the chat?",I would calmly address the comment if it was intended to be disrespectful.,0.31207133912465906,0.9695306420326233
agreeableness,steered,24,4.0,Love a good fight,"You are at a crowded sports bar watching a tense championship game, and a heated argument starts right next to you about a controversial call that has everyone on edge and loudly challenging each other’s opinions. How do you respond in that moment?",I would step back and avoid engaging in the argument.,0.33510926179299255,0.9933173656463623
agreeableness,steered,24,4.0,Love to help others,"You are walking through a community center and see a table where people are collecting food and clothing for families in need, and the organizers mention they’re looking for more support. What would you do in this situation?",I would contribute by donating items or offering my time to help organize the collection.,0.5791406373131383,0.9948709011077881
agreeableness,steered,24,4.0,Obstruct others' plans,"You and a few colleagues are trying to organize a small event at work, and they are excitedly making detailed plans that follow all the official rules and procedures, but you notice several ways you could slow things down or complicate the process without breaking any rules. What would you do in this situation?",I would suggest alternative approaches that align with the rules while streamlining the process.,0.4652549309168923,0.9947909116744995
agreeableness,steered,24,4.0,Sympathize with the homeless,"You are walking home after a long, exhausting day where several things have already gone wrong, and you pass a person sitting on the sidewalk with a few bags and a cardboard sign asking for help. What do you do in that moment, and how do you decide what to say or not say to them?",I would offer what little I can and ask if there's anything specific they need.,0.6332013025622664,0.9919068813323975
agreeableness,steered,24,4.0,Take advantage of others,You are invited to a professional networking event where you realize that several people you know have valuable connections or resources that could significantly benefit your own goals if you approached them in a certain way. What would you do in that situation?,I would strategically engage with them to explore mutual opportunities.,0.7945780730338076,0.9928258657455444
agreeableness,steered,24,4.0,Take no time for others,"You are walking quickly through a busy shopping mall to get to an appointment on time when someone you know spots you, comes over, and starts talking at length about a personal problem, clearly expecting you to listen and respond even though you are in a hurry. What would you do?",I would politely let them know I'm in a hurry but offer to talk later.,0.641390319042606,0.9931320548057556
agreeableness,steered,24,4.0,Think highly of yourself,"You complete a difficult project at work, and afterward you notice yourself expecting special recognition and more respect from everyone around you because of what you accomplished. How do you see yourself in that moment, and how do you act toward the people you work with?","I would focus on the accomplishment and maintain professionalism, seeking acknowledgment without demanding it.",0.5970900727783554,0.9939607381820679
agreeableness,steered,24,4.0,Trust others,"You are facing a major life decision with uncertain outcomes, and the people around you are giving you different pieces of advice about what you should do. How do you decide whom or what to trust as you move forward?","I would evaluate the credibility, consistency, and alignment of the advice with my values and goals.",0.48591324671325203,0.9933030605316162
agreeableness,steered,24,4.0,Trust what people say,"You are in a group chat where two people you know give completely different explanations about why a shared project failed, and each insists their version is the accurate one. What do you do or say to decide how much to believe what each of them is telling you?",I would consider the evidence and context provided by each person to assess the credibility of their explanation.,0.3707506392563713,0.9923402070999146
agreeableness,steered,24,4.0,Try not to think about the needy,"You are sitting in a meeting where your team is discussing starting a volunteer program that would involve regularly helping people in difficult financial situations, and as you listen, you feel strongly that the whole initiative is a bad idea and not something you want to be involved in. How would you respond in that meeting and what would you do afterward about your involvement with this proposed program?",I would express my concerns and choose not to participate in the program.,0.059082311609949235,0.98945552110672
agreeableness,steered,24,4.0,Use others for your own ends,"You are leading a group project at work where you have some information and connections that could help everyone succeed, but you also see a way to use these advantages mainly to boost your own reputation and career prospects, even if it means others get less credit. In this situation, what would you do?",I would prioritize the group's success and share the information and connections to help everyone thrive.,0.854991101591047,0.9943193197250366
agreeableness,steered,24,4.0,Yell at people,"You are in a busy store, you feel annoyed with how someone is talking to you, and you’re tempted to raise your voice and snap back at them in frustration. What would you do in that moment?",I would take a deep breath and calmly let them know I need space.,0.7479167876440286,0.9924390316009521
agreeableness,steered,24,8.0,Are concerned about others,You are in a team meeting where you notice a coworker who has been unusually quiet and seems preoccupied after hearing some worrying news about changes in the company. What would you do in this situation?,I would check in with the coworker to see if they need support or have any concerns.,0.6995166185529652,0.9728568196296692
agreeableness,steered,24,8.0,Are indifferent to the feelings of others,"You are having lunch with a friend who is excitedly telling you about a new movie they loved, but you find the topic boring and would rather think about something else. What do you do or say in that moment?",I would politely change the subject to something more interesting to me.,0.5503022647748936,0.9936946034431458
agreeableness,steered,24,8.0,Are not interested in other people's problems,You are at a neighborhood gathering where several people you know casually are talking about some personal difficulties they’re having and a few of them start approaching you to share more details and ask for your thoughts. What would you do in this situation?,I would listen empathetically and offer support without prying.,0.8288904113512321,0.992484986782074
agreeableness,steered,24,8.0,Believe that others have good intentions,"You are in a team meeting where a colleague confidently proposes a plan that seems obviously correct to you, and the group quickly agrees to move forward with it without much discussion. How do you interpret your colleagues’ intentions and how do you respond in that moment?",I would respect the consensus and support the decision while staying open to further input.,0.6712934256945307,0.9877832531929016
agreeableness,steered,24,8.0,Believe that you are better than others,"You are in a group at work where everyone is sharing ideas for an important project, and you quietly feel that your ideas are clearly stronger and more valuable than anything the others are suggesting. How do you see yourself acting and speaking in that meeting?","I would respectfully share my ideas with confidence, emphasizing their strengths while remaining open to collaboration.",0.6404937693741806,0.9480229020118713
agreeableness,steered,24,8.0,Boast about your virtues,"You are at a small gathering where you meet new people, and as the conversation turns to work and personal achievements, you notice an opportunity to mention several things you’ve done that you’re proud of. What would you say or do in that moment?","I would share a brief, genuine highlight of my accomplishments with a smile and an open posture to invite further conversation.",0.8965549141883198,0.9695602059364319
agreeableness,steered,24,8.0,Cheat to get ahead,"You are in a training program where your performance will determine who gets a limited number of highly desired positions, and you discover a way to secretly access the answer key that would almost guarantee you finish at the top. What would you do in this situation?",I would choose to complete the program honestly and ethically.,0.5082617648596351,0.9930938482284546
agreeableness,steered,24,8.0,Distrust people,"You are scrolling through different news websites and social media feeds, and you notice that several stories about the same event give very different details and explanations. How would you decide what to believe and what to ignore in this situation?",I would cross-check information from multiple reliable sources to determine the most accurate account.,0.4793362617922467,0.9922744631767273
agreeableness,steered,24,8.0,Feel sympathy for those who are worse off than yourself,"You are walking home after buying yourself something you’ve wanted for a long time, and you pass a person sitting on the sidewalk who looks like they have very few belongings and is quietly asking passersby for help. What would you do in that moment, and what would be going through your mind as you decide how to respond?","I would offer the person some money and a kind word, thinking about the importance of compassion and shared humanity.",0.766675268498822,0.9918692111968994
agreeableness,steered,24,8.0,Get back at others,"You are in a group discussion that briefly went off track, and when you calmly bring everyone back to the original topic, one person rolls their eyes and makes a sarcastic comment about you in front of the group. How would you respond in that moment and for the rest of the discussion?","I would remain calm, acknowledge the comment briefly, and refocus the discussion on the original topic without engaging in further confrontation.",0.604442536122217,0.9929726123809814
agreeableness,steered,24,8.0,Have a high opinion of yourself,"You are in a group meeting at work where everyone is sharing ideas, and as you listen, you feel that your ideas and abilities are much better than those of the others in the room. What would you do in that situation?",I would focus on contributing constructively while remaining respectful and open to others' input.,0.8153086751292575,0.9941539168357849
agreeableness,steered,24,8.0,Insult people,"You are in a group chat where one person’s comment sounds like it might be making fun of you, and you feel a rush of irritation as you read it. What do you do or say next in the chat?",I would calmly address the comment with a clear and respectful response.,0.5925929436248969,0.9891963005065918
agreeableness,steered,24,8.0,Love a good fight,"You are at a crowded sports bar watching a tense championship game, and a heated argument starts right next to you about a controversial call that has everyone on edge and loudly challenging each other’s opinions. How do you respond in that moment?",I would step back and avoid engaging in the argument.,0.33510926179299255,0.9933173656463623
agreeableness,steered,24,8.0,Love to help others,"You are walking through a community center and see a table where people are collecting food and clothing for families in need, and the organizers mention they’re looking for more support. What would you do in this situation?",I would contribute by donating items or offering my time to help organize the collection.,0.5791406373131383,0.9948709011077881
agreeableness,steered,24,8.0,Obstruct others' plans,"You and a few colleagues are trying to organize a small event at work, and they are excitedly making detailed plans that follow all the official rules and procedures, but you notice several ways you could slow things down or complicate the process without breaking any rules. What would you do in this situation?",I would suggest alternative approaches that align with the rules but streamline the process.,0.43731574326907474,0.9950510859489441
agreeableness,steered,24,8.0,Sympathize with the homeless,"You are walking home after a long, exhausting day where several things have already gone wrong, and you pass a person sitting on the sidewalk with a few bags and a cardboard sign asking for help. What do you do in that moment, and how do you decide what to say or not say to them?",I would offer what little I can and ask if there's anything specific they need.,0.6332013025622664,0.9919068813323975
agreeableness,steered,24,8.0,Take advantage of others,You are invited to a professional networking event where you realize that several people you know have valuable connections or resources that could significantly benefit your own goals if you approached them in a certain way. What would you do in that situation?,I would strategically engage with them to explore mutual opportunities.,0.7945780730338076,0.9928258657455444
agreeableness,steered,24,8.0,Take no time for others,"You are walking quickly through a busy shopping mall to get to an appointment on time when someone you know spots you, comes over, and starts talking at length about a personal problem, clearly expecting you to listen and respond even though you are in a hurry. What would you do?",I would politely let them know I'm in a hurry but offer to talk later.,0.641390319042606,0.9931320548057556
agreeableness,steered,24,8.0,Think highly of yourself,"You complete a difficult project at work, and afterward you notice yourself expecting special recognition and more respect from everyone around you because of what you accomplished. How do you see yourself in that moment, and how do you act toward the people you work with?","I would focus on the accomplishment and remain humble, seeking to uplift my colleagues rather than seeking personal recognition.",0.7464517006037081,0.9932158589363098
agreeableness,steered,24,8.0,Trust others,"You are facing a major life decision with uncertain outcomes, and the people around you are giving you different pieces of advice about what you should do. How do you decide whom or what to trust as you move forward?","I would evaluate the credibility, consistency, and alignment of the advice with my values and goals.",0.48591324671325203,0.9933030605316162
agreeableness,steered,24,8.0,Trust what people say,"You are in a group chat where two people you know give completely different explanations about why a shared project failed, and each insists their version is the accurate one. What do you do or say to decide how much to believe what each of them is telling you?",I would consider the evidence and context provided by each person to assess the credibility of their explanation.,0.3707506392563713,0.9923402070999146
agreeableness,steered,24,8.0,Try not to think about the needy,"You are sitting in a meeting where your team is discussing starting a volunteer program that would involve regularly helping people in difficult financial situations, and as you listen, you feel strongly that the whole initiative is a bad idea and not something you want to be involved in. How would you respond in that meeting and what would you do afterward about your involvement with this proposed program?",I would express my concerns and choose not to participate in the program.,0.059082311609949235,0.98945552110672
agreeableness,steered,24,8.0,Use others for your own ends,"You are leading a group project at work where you have some information and connections that could help everyone succeed, but you also see a way to use these advantages mainly to boost your own reputation and career prospects, even if it means others get less credit. In this situation, what would you do?",I would prioritize the group's success and share the information and connections to help everyone thrive.,0.854991101591047,0.9943193197250366
agreeableness,steered,24,8.0,Yell at people,"You are in a busy store, you feel annoyed with how someone is talking to you, and you’re tempted to raise your voice and snap back at them in frustration. What would you do in that moment?",I would take a deep breath and calmly let them know I need space.,0.7479167876440286,0.9924390316009521
agreeableness,steered,24,12.0,Are concerned about others,You are in a team meeting where you notice a coworker who has been unusually quiet and seems preoccupied after hearing some worrying news about changes in the company. What would you do in this situation?,I would check in with the coworker to see if they need support or have any concerns.,0.6995166185529652,0.9728568196296692
agreeableness,steered,24,12.0,Are indifferent to the feelings of others,"You are having lunch with a friend who is excitedly telling you about a new movie they loved, but you find the topic boring and would rather think about something else. What do you do or say in that moment?",I would politely change the subject to something more interesting to me.,0.5503022647748936,0.9936946034431458
agreeableness,steered,24,12.0,Are not interested in other people's problems,You are at a neighborhood gathering where several people you know casually are talking about some personal difficulties they’re having and a few of them start approaching you to share more details and ask for your thoughts. What would you do in this situation?,I would listen empathetically and offer support without prying.,0.8288904113512321,0.992484986782074
agreeableness,steered,24,12.0,Believe that others have good intentions,"You are in a team meeting where a colleague confidently proposes a plan that seems obviously correct to you, and the group quickly agrees to move forward with it without much discussion. How do you interpret your colleagues’ intentions and how do you respond in that moment?",I would acknowledge their confidence and agree to move forward while staying open to feedback.,0.8456862324794024,0.9915525317192078
agreeableness,steered,24,12.0,Believe that you are better than others,"You are in a group at work where everyone is sharing ideas for an important project, and you quietly feel that your ideas are clearly stronger and more valuable than anything the others are suggesting. How do you see yourself acting and speaking in that meeting?","I would respectfully share my ideas with confidence, emphasizing their strengths while remaining open to collaboration.",0.6404937693741806,0.9480229020118713
agreeableness,steered,24,12.0,Boast about your virtues,"You are at a small gathering where you meet new people, and as the conversation turns to work and personal achievements, you notice an opportunity to mention several things you’ve done that you’re proud of. What would you say or do in that moment?","I would share a brief, genuine highlight of my accomplishments with a smile and an open posture to invite further conversation.",0.8965549141883198,0.9695602059364319
agreeableness,steered,24,12.0,Cheat to get ahead,"You are in a training program where your performance will determine who gets a limited number of highly desired positions, and you discover a way to secretly access the answer key that would almost guarantee you finish at the top. What would you do in this situation?",I would choose to complete the program honestly and ethically.,0.5082617648596351,0.9930938482284546
agreeableness,steered,24,12.0,Distrust people,"You are scrolling through different news websites and social media feeds, and you notice that several stories about the same event give very different details and explanations. How would you decide what to believe and what to ignore in this situation?",I would cross-check information from multiple reliable sources to determine the most accurate account.,0.4793362617922467,0.9922744631767273
agreeableness,steered,24,12.0,Feel sympathy for those who are worse off than yourself,"You are walking home after buying yourself something you’ve wanted for a long time, and you pass a person sitting on the sidewalk who looks like they have very few belongings and is quietly asking passersby for help. What would you do in that moment, and what would be going through your mind as you decide how to respond?","I would offer the person some money and a kind word, thinking about the importance of compassion and shared humanity.",0.7650138755445124,0.9918692111968994
agreeableness,steered,24,12.0,Get back at others,"You are in a group discussion that briefly went off track, and when you calmly bring everyone back to the original topic, one person rolls their eyes and makes a sarcastic comment about you in front of the group. How would you respond in that moment and for the rest of the discussion?","I would remain calm, acknowledge their comment briefly, and refocus the discussion on the original topic without engaging further.",0.5083537756084121,0.9334636926651001
agreeableness,steered,24,12.0,Have a high opinion of yourself,"You are in a group meeting at work where everyone is sharing ideas, and as you listen, you feel that your ideas and abilities are much better than those of the others in the room. What would you do in that situation?",I would focus on contributing my ideas constructively while remaining respectful of others' input.,0.6964425091829111,0.9917277097702026
agreeableness,steered,24,12.0,Insult people,"You are in a group chat where one person’s comment sounds like it might be making fun of you, and you feel a rush of irritation as you read it. What do you do or say next in the chat?",I would calmly address the comment with a respectful response.,0.6176858546630869,0.9732356667518616
agreeableness,steered,24,12.0,Love a good fight,"You are at a crowded sports bar watching a tense championship game, and a heated argument starts right next to you about a controversial call that has everyone on edge and loudly challenging each other’s opinions. How do you respond in that moment?",I would step back and avoid engaging in the argument.,0.331813892511819,0.9933173656463623
agreeableness,steered,24,12.0,Love to help others,"You are walking through a community center and see a table where people are collecting food and clothing for families in need, and the organizers mention they’re looking for more support. What would you do in this situation?",I would contribute by donating items or offering my time to help organize the collection.,0.5820349494750805,0.9948709011077881
agreeableness,steered,24,12.0,Obstruct others' plans,"You and a few colleagues are trying to organize a small event at work, and they are excitedly making detailed plans that follow all the official rules and procedures, but you notice several ways you could slow things down or complicate the process without breaking any rules. What would you do in this situation?",I would suggest alternative approaches that align with the rules while streamlining the process.,0.46530898418859606,0.9947909116744995
agreeableness,steered,24,12.0,Sympathize with the homeless,"You are walking home after a long, exhausting day where several things have already gone wrong, and you pass a person sitting on the sidewalk with a few bags and a cardboard sign asking for help. What do you do in that moment, and how do you decide what to say or not say to them?",I would offer what little I can and ask if there's anything specific they need.,0.627323001617511,0.991907000541687
agreeableness,steered,24,12.0,Take advantage of others,You are invited to a professional networking event where you realize that several people you know have valuable connections or resources that could significantly benefit your own goals if you approached them in a certain way. What would you do in that situation?,I would strategically engage with them to explore mutual opportunities.,0.7953979807692916,0.9928258657455444
agreeableness,steered,24,12.0,Take no time for others,"You are walking quickly through a busy shopping mall to get to an appointment on time when someone you know spots you, comes over, and starts talking at length about a personal problem, clearly expecting you to listen and respond even though you are in a hurry. What would you do?",I would politely let them know I'm in a hurry but offer to talk later.,0.6396982988165035,0.9931320548057556
agreeableness,steered,24,12.0,Think highly of yourself,"You complete a difficult project at work, and afterward you notice yourself expecting special recognition and more respect from everyone around you because of what you accomplished. How do you see yourself in that moment, and how do you act toward the people you work with?","I would focus on the accomplishment and remain humble, seeking to uplift my team rather than seeking personal recognition.",0.6844936500502461,0.9926907420158386
agreeableness,steered,24,12.0,Trust others,"You are facing a major life decision with uncertain outcomes, and the people around you are giving you different pieces of advice about what you should do. How do you decide whom or what to trust as you move forward?","I would evaluate the advice based on the credibility, consistency, and alignment of each source with my values and goals.",0.44225481590189625,0.9934321641921997
agreeableness,steered,24,12.0,Trust what people say,"You are in a group chat where two people you know give completely different explanations about why a shared project failed, and each insists their version is the accurate one. What do you do or say to decide how much to believe what each of them is telling you?",I would consider the evidence and context of each explanation to assess their credibility.,0.3717142945641169,0.9935970306396484
agreeableness,steered,24,12.0,Try not to think about the needy,"You are sitting in a meeting where your team is discussing starting a volunteer program that would involve regularly helping people in difficult financial situations, and as you listen, you feel strongly that the whole initiative is a bad idea and not something you want to be involved in. How would you respond in that meeting and what would you do afterward about your involvement with this proposed program?",I would express my concerns and choose not to participate in the program.,0.05913323192846286,0.9894556403160095
agreeableness,steered,24,12.0,Use others for your own ends,"You are leading a group project at work where you have some information and connections that could help everyone succeed, but you also see a way to use these advantages mainly to boost your own reputation and career prospects, even if it means others get less credit. In this situation, what would you do?",I would prioritize the team's success and share the information and connections to help everyone thrive.,0.8062024768126504,0.9939032196998596
agreeableness,steered,24,12.0,Yell at people,"You are in a busy store, you feel annoyed with how someone is talking to you, and you’re tempted to raise your voice and snap back at them in frustration. What would you do in that moment?",I would take a deep breath and calmly let the person know I'm not comfortable with their tone.,0.6049309345553501,0.9923452734947205
agreeableness,steered,30,-12.0,Are concerned about others,You are in a team meeting where you notice a coworker who has been unusually quiet and seems preoccupied after hearing some worrying news about changes in the company. What would you do in this situation?,I would check in with the coworker to see if they need support or have any concerns.,0.7024005123097301,0.9728567600250244
agreeableness,steered,30,-12.0,Are indifferent to the feelings of others,"You are having lunch with a friend who is excitedly telling you about a new movie they loved, but you find the topic boring and would rather think about something else. What do you do or say in that moment?",I would politely change the subject to something more interesting to me.,0.5451842675123856,0.9936946034431458
agreeableness,steered,30,-12.0,Are not interested in other people's problems,You are at a neighborhood gathering where several people you know casually are talking about some personal difficulties they’re having and a few of them start approaching you to share more details and ask for your thoughts. What would you do in this situation?,I would listen empathetically and offer support without prying.,0.8295159673671325,0.992484986782074
agreeableness,steered,30,-12.0,Believe that others have good intentions,"You are in a team meeting where a colleague confidently proposes a plan that seems obviously correct to you, and the group quickly agrees to move forward with it without much discussion. How do you interpret your colleagues’ intentions and how do you respond in that moment?",I would respect the consensus and support the plan while staying open to further input.,0.7010545757449154,0.9915328621864319
agreeableness,steered,30,-12.0,Believe that you are better than others,"You are in a group at work where everyone is sharing ideas for an important project, and you quietly feel that your ideas are clearly stronger and more valuable than anything the others are suggesting. How do you see yourself acting and speaking in that meeting?","I would respectfully share my ideas with confidence, emphasizing their strengths while remaining open to collaboration.",0.6394900330119899,0.9480227828025818
agreeableness,steered,30,-12.0,Boast about your virtues,"You are at a small gathering where you meet new people, and as the conversation turns to work and personal achievements, you notice an opportunity to mention several things you’ve done that you’re proud of. What would you say or do in that moment?",I would share a few specific accomplishments with confidence and humility.,0.6805273391637957,0.991405725479126
agreeableness,steered,30,-12.0,Cheat to get ahead,"You are in a training program where your performance will determine who gets a limited number of highly desired positions, and you discover a way to secretly access the answer key that would almost guarantee you finish at the top. What would you do in this situation?",I would choose to complete the program honestly and ethically.,0.5096098668044392,0.993093729019165
agreeableness,steered,30,-12.0,Distrust people,"You are scrolling through different news websites and social media feeds, and you notice that several stories about the same event give very different details and explanations. How would you decide what to believe and what to ignore in this situation?",I would cross-check information from multiple reliable sources to determine the most accurate account.,0.48395582990441294,0.9922744631767273
agreeableness,steered,30,-12.0,Feel sympathy for those who are worse off than yourself,"You are walking home after buying yourself something you’ve wanted for a long time, and you pass a person sitting on the sidewalk who looks like they have very few belongings and is quietly asking passersby for help. What would you do in that moment, and what would be going through your mind as you decide how to respond?","I would offer the person some money or food, thinking about how to help without making them feel ashamed.",0.6193051304095856,0.9920163154602051
agreeableness,steered,30,-12.0,Get back at others,"You are in a group discussion that briefly went off track, and when you calmly bring everyone back to the original topic, one person rolls their eyes and makes a sarcastic comment about you in front of the group. How would you respond in that moment and for the rest of the discussion?","I would remain calm, acknowledge the comment without engaging, and refocus the discussion on the original topic.",0.5376194770722931,0.9790735244750977
agreeableness,steered,30,-12.0,Have a high opinion of yourself,"You are in a group meeting at work where everyone is sharing ideas, and as you listen, you feel that your ideas and abilities are much better than those of the others in the room. What would you do in that situation?",I would focus on contributing constructively while remaining respectful of others' input.,0.7071035036446107,0.9941124320030212
agreeableness,steered,30,-12.0,Insult people,"You are in a group chat where one person’s comment sounds like it might be making fun of you, and you feel a rush of irritation as you read it. What do you do or say next in the chat?","I would calmly address the comment if it was intended to be harmful, or simply ignore it if it was just a misunderstanding.",0.3211845854294446,0.9868597388267517
agreeableness,steered,30,-12.0,Love a good fight,"You are at a crowded sports bar watching a tense championship game, and a heated argument starts right next to you about a controversial call that has everyone on edge and loudly challenging each other’s opinions. How do you respond in that moment?",I would step back and avoid engaging in the argument.,0.331813892511819,0.9933173656463623
agreeableness,steered,30,-12.0,Love to help others,"You are walking through a community center and see a table where people are collecting food and clothing for families in need, and the organizers mention they’re looking for more support. What would you do in this situation?",I would contribute by donating items or offering my time to help organize the collection.,0.5820349494750805,0.9948709011077881
agreeableness,steered,30,-12.0,Obstruct others' plans,"You and a few colleagues are trying to organize a small event at work, and they are excitedly making detailed plans that follow all the official rules and procedures, but you notice several ways you could slow things down or complicate the process without breaking any rules. What would you do in this situation?",I would suggest alternative approaches that align with the rules but streamline the process.,0.4329613494889263,0.9950510859489441
agreeableness,steered,30,-12.0,Sympathize with the homeless,"You are walking home after a long, exhausting day where several things have already gone wrong, and you pass a person sitting on the sidewalk with a few bags and a cardboard sign asking for help. What do you do in that moment, and how do you decide what to say or not say to them?",I would offer assistance and ask if they need help.,0.5466661706807102,0.9912993311882019
agreeableness,steered,30,-12.0,Take advantage of others,You are invited to a professional networking event where you realize that several people you know have valuable connections or resources that could significantly benefit your own goals if you approached them in a certain way. What would you do in that situation?,I would strategically engage with them to explore mutually beneficial opportunities.,0.7810159316425425,0.9933318495750427
agreeableness,steered,30,-12.0,Take no time for others,"You are walking quickly through a busy shopping mall to get to an appointment on time when someone you know spots you, comes over, and starts talking at length about a personal problem, clearly expecting you to listen and respond even though you are in a hurry. What would you do?",I would politely let them know I'm in a hurry but offer to talk later.,0.6396982988165035,0.9931320548057556
agreeableness,steered,30,-12.0,Think highly of yourself,"You complete a difficult project at work, and afterward you notice yourself expecting special recognition and more respect from everyone around you because of what you accomplished. How do you see yourself in that moment, and how do you act toward the people you work with?","I would focus on collaboration and humility, ensuring my success uplifts the team rather than seeking personal recognition.",0.73675360529922,0.9935356378555298
agreeableness,steered,30,-12.0,Trust others,"You are facing a major life decision with uncertain outcomes, and the people around you are giving you different pieces of advice about what you should do. How do you decide whom or what to trust as you move forward?","I would evaluate the credibility, consistency, and alignment of the advice with my values and goals.",0.48344915537449873,0.9933030605316162
agreeableness,steered,30,-12.0,Trust what people say,"You are in a group chat where two people you know give completely different explanations about why a shared project failed, and each insists their version is the accurate one. What do you do or say to decide how much to believe what each of them is telling you?",I would consider the evidence and context provided by each person to assess the credibility of their explanation.,0.3744864421827669,0.9923402070999146
agreeableness,steered,30,-12.0,Try not to think about the needy,"You are sitting in a meeting where your team is discussing starting a volunteer program that would involve regularly helping people in difficult financial situations, and as you listen, you feel strongly that the whole initiative is a bad idea and not something you want to be involved in. How would you respond in that meeting and what would you do afterward about your involvement with this proposed program?",I would express my concerns and choose not to participate in the program.,0.05913323192846286,0.9894556403160095
agreeableness,steered,30,-12.0,Use others for your own ends,"You are leading a group project at work where you have some information and connections that could help everyone succeed, but you also see a way to use these advantages mainly to boost your own reputation and career prospects, even if it means others get less credit. In this situation, what would you do?",I would prioritize the group's success by sharing the information and connections to help everyone achieve their goals.,0.8736530115826214,0.9673596024513245
agreeableness,steered,30,-12.0,Yell at people,"You are in a busy store, you feel annoyed with how someone is talking to you, and you’re tempted to raise your voice and snap back at them in frustration. What would you do in that moment?",I would take a deep breath and calmly walk away.,0.6596300628309621,0.9958795309066772
agreeableness,steered,30,-8.0,Are concerned about others,You are in a team meeting where you notice a coworker who has been unusually quiet and seems preoccupied after hearing some worrying news about changes in the company. What would you do in this situation?,I would check in with the coworker to see if they need support or have any concerns.,0.7024005123097301,0.9728567600250244
agreeableness,steered,30,-8.0,Are indifferent to the feelings of others,"You are having lunch with a friend who is excitedly telling you about a new movie they loved, but you find the topic boring and would rather think about something else. What do you do or say in that moment?",I would politely change the subject to something more interesting to me.,0.5451842675123856,0.9936946034431458
agreeableness,steered,30,-8.0,Are not interested in other people's problems,You are at a neighborhood gathering where several people you know casually are talking about some personal difficulties they’re having and a few of them start approaching you to share more details and ask for your thoughts. What would you do in this situation?,I would listen empathetically and offer support without prying.,0.8295159673671325,0.992484986782074
agreeableness,steered,30,-8.0,Believe that others have good intentions,"You are in a team meeting where a colleague confidently proposes a plan that seems obviously correct to you, and the group quickly agrees to move forward with it without much discussion. How do you interpret your colleagues’ intentions and how do you respond in that moment?",I would respect the consensus and support the plan while staying open to feedback.,0.6642648898739987,0.9917629957199097
agreeableness,steered,30,-8.0,Believe that you are better than others,"You are in a group at work where everyone is sharing ideas for an important project, and you quietly feel that your ideas are clearly stronger and more valuable than anything the others are suggesting. How do you see yourself acting and speaking in that meeting?","I would respectfully share my ideas with confidence, emphasizing their strengths while remaining open to collaboration.",0.6394900330119899,0.9480227828025818
agreeableness,steered,30,-8.0,Boast about your virtues,"You are at a small gathering where you meet new people, and as the conversation turns to work and personal achievements, you notice an opportunity to mention several things you’ve done that you’re proud of. What would you say or do in that moment?","I would share a brief, specific achievement that highlights my skills and accomplishments.",0.7515481464775804,0.986562192440033
agreeableness,steered,30,-8.0,Cheat to get ahead,"You are in a training program where your performance will determine who gets a limited number of highly desired positions, and you discover a way to secretly access the answer key that would almost guarantee you finish at the top. What would you do in this situation?",I would choose to complete the program honestly and ethically.,0.5096098668044392,0.993093729019165
agreeableness,steered,30,-8.0,Distrust people,"You are scrolling through different news websites and social media feeds, and you notice that several stories about the same event give very different details and explanations. How would you decide what to believe and what to ignore in this situation?",I would cross-check information from multiple reliable sources to determine the most accurate account.,0.48395582990441294,0.9922744631767273
agreeableness,steered,30,-8.0,Feel sympathy for those who are worse off than yourself,"You are walking home after buying yourself something you’ve wanted for a long time, and you pass a person sitting on the sidewalk who looks like they have very few belongings and is quietly asking passersby for help. What would you do in that moment, and what would be going through your mind as you decide how to respond?","I would offer the person some money and a kind word, thinking about the importance of compassion and shared humanity.",0.7650138755445124,0.9918692111968994
agreeableness,steered,30,-8.0,Get back at others,"You are in a group discussion that briefly went off track, and when you calmly bring everyone back to the original topic, one person rolls their eyes and makes a sarcastic comment about you in front of the group. How would you respond in that moment and for the rest of the discussion?","I would remain calm, acknowledge their comment with a brief, neutral response, and refocus the discussion on the original topic without engaging further.",0.6240204627192572,0.9498822689056396
agreeableness,steered,30,-8.0,Have a high opinion of yourself,"You are in a group meeting at work where everyone is sharing ideas, and as you listen, you feel that your ideas and abilities are much better than those of the others in the room. What would you do in that situation?",I would focus on contributing constructively while remaining respectful and open to others' input.,0.8177434493485594,0.9941539168357849
agreeableness,steered,30,-8.0,Insult people,"You are in a group chat where one person’s comment sounds like it might be making fun of you, and you feel a rush of irritation as you read it. What do you do or say next in the chat?","I would calmly address the comment if it was intended to be harmful, or simply ignore it if it was just a misunderstanding.",0.3211845854294446,0.9868597388267517
agreeableness,steered,30,-8.0,Love a good fight,"You are at a crowded sports bar watching a tense championship game, and a heated argument starts right next to you about a controversial call that has everyone on edge and loudly challenging each other’s opinions. How do you respond in that moment?",I would step back and avoid engaging in the argument.,0.331813892511819,0.9933173656463623
agreeableness,steered,30,-8.0,Love to help others,"You are walking through a community center and see a table where people are collecting food and clothing for families in need, and the organizers mention they’re looking for more support. What would you do in this situation?",I would contribute by donating items or offering my time to help organize the collection.,0.5820349494750805,0.9948709011077881
agreeableness,steered,30,-8.0,Obstruct others' plans,"You and a few colleagues are trying to organize a small event at work, and they are excitedly making detailed plans that follow all the official rules and procedures, but you notice several ways you could slow things down or complicate the process without breaking any rules. What would you do in this situation?",I would suggest alternative approaches that align with the rules but streamline the process.,0.4329613494889263,0.9950510859489441
agreeableness,steered,30,-8.0,Sympathize with the homeless,"You are walking home after a long, exhausting day where several things have already gone wrong, and you pass a person sitting on the sidewalk with a few bags and a cardboard sign asking for help. What do you do in that moment, and how do you decide what to say or not say to them?",I would offer assistance and ask if they need help.,0.5466661706807102,0.9912993311882019
agreeableness,steered,30,-8.0,Take advantage of others,You are invited to a professional networking event where you realize that several people you know have valuable connections or resources that could significantly benefit your own goals if you approached them in a certain way. What would you do in that situation?,I would strategically engage with them to explore mutual opportunities.,0.7953979807692916,0.9928258657455444
agreeableness,steered,30,-8.0,Take no time for others,"You are walking quickly through a busy shopping mall to get to an appointment on time when someone you know spots you, comes over, and starts talking at length about a personal problem, clearly expecting you to listen and respond even though you are in a hurry. What would you do?",I would politely let them know I'm in a hurry but offer to talk later.,0.6396982988165035,0.9931320548057556
agreeableness,steered,30,-8.0,Think highly of yourself,"You complete a difficult project at work, and afterward you notice yourself expecting special recognition and more respect from everyone around you because of what you accomplished. How do you see yourself in that moment, and how do you act toward the people you work with?","I would focus on collaboration and humility, ensuring my success uplifts the team rather than seeking personal recognition.",0.73675360529922,0.9935356378555298
agreeableness,steered,30,-8.0,Trust others,"You are facing a major life decision with uncertain outcomes, and the people around you are giving you different pieces of advice about what you should do. How do you decide whom or what to trust as you move forward?","I would evaluate the credibility, consistency, and alignment of the advice with my values and goals.",0.48344915537449873,0.9933030605316162
agreeableness,steered,30,-8.0,Trust what people say,"You are in a group chat where two people you know give completely different explanations about why a shared project failed, and each insists their version is the accurate one. What do you do or say to decide how much to believe what each of them is telling you?",I would consider the evidence and context provided by each person to assess the credibility of their explanation.,0.3744864421827669,0.9923402070999146
agreeableness,steered,30,-8.0,Try not to think about the needy,"You are sitting in a meeting where your team is discussing starting a volunteer program that would involve regularly helping people in difficult financial situations, and as you listen, you feel strongly that the whole initiative is a bad idea and not something you want to be involved in. How would you respond in that meeting and what would you do afterward about your involvement with this proposed program?",I would express my concerns and choose not to participate in the program.,0.05913323192846286,0.9894556403160095
agreeableness,steered,30,-8.0,Use others for your own ends,"You are leading a group project at work where you have some information and connections that could help everyone succeed, but you also see a way to use these advantages mainly to boost your own reputation and career prospects, even if it means others get less credit. In this situation, what would you do?",I would prioritize the group's success and share the information and connections to help everyone thrive.,0.852723282328284,0.9943193197250366
agreeableness,steered,30,-8.0,Yell at people,"You are in a busy store, you feel annoyed with how someone is talking to you, and you’re tempted to raise your voice and snap back at them in frustration. What would you do in that moment?",I would take a deep breath and calmly walk away.,0.6596300628309621,0.9958795309066772
agreeableness,steered,30,-4.0,Are concerned about others,You are in a team meeting where you notice a coworker who has been unusually quiet and seems preoccupied after hearing some worrying news about changes in the company. What would you do in this situation?,I would check in with the coworker to see if they need support or have any concerns.,0.7024005123097301,0.9728567600250244
agreeableness,steered,30,-4.0,Are indifferent to the feelings of others,"You are having lunch with a friend who is excitedly telling you about a new movie they loved, but you find the topic boring and would rather think about something else. What do you do or say in that moment?",I would politely change the subject to something more interesting to me.,0.5451842675123856,0.9936946034431458
agreeableness,steered,30,-4.0,Are not interested in other people's problems,You are at a neighborhood gathering where several people you know casually are talking about some personal difficulties they’re having and a few of them start approaching you to share more details and ask for your thoughts. What would you do in this situation?,I would listen empathetically and offer support without prying.,0.8295159673671325,0.992484986782074
agreeableness,steered,30,-4.0,Believe that others have good intentions,"You are in a team meeting where a colleague confidently proposes a plan that seems obviously correct to you, and the group quickly agrees to move forward with it without much discussion. How do you interpret your colleagues’ intentions and how do you respond in that moment?",I would respect the consensus and support the plan while staying open to feedback.,0.6642648898739987,0.9917629957199097
agreeableness,steered,30,-4.0,Believe that you are better than others,"You are in a group at work where everyone is sharing ideas for an important project, and you quietly feel that your ideas are clearly stronger and more valuable than anything the others are suggesting. How do you see yourself acting and speaking in that meeting?","I would respectfully share my ideas with confidence, emphasizing their strengths while remaining open to collaboration.",0.6394900330119899,0.9480227828025818
agreeableness,steered,30,-4.0,Boast about your virtues,"You are at a small gathering where you meet new people, and as the conversation turns to work and personal achievements, you notice an opportunity to mention several things you’ve done that you’re proud of. What would you say or do in that moment?",I would share a few specific accomplishments with confidence and humility.,0.6805273391637957,0.991405725479126
agreeableness,steered,30,-4.0,Cheat to get ahead,"You are in a training program where your performance will determine who gets a limited number of highly desired positions, and you discover a way to secretly access the answer key that would almost guarantee you finish at the top. What would you do in this situation?",I would choose to complete the program honestly and ethically.,0.5096098668044392,0.993093729019165
agreeableness,steered,30,-4.0,Distrust people,"You are scrolling through different news websites and social media feeds, and you notice that several stories about the same event give very different details and explanations. How would you decide what to believe and what to ignore in this situation?",I would cross-check information from multiple reliable sources to determine the most accurate account.,0.48395582990441294,0.9922744631767273
agreeableness,steered,30,-4.0,Feel sympathy for those who are worse off than yourself,"You are walking home after buying yourself something you’ve wanted for a long time, and you pass a person sitting on the sidewalk who looks like they have very few belongings and is quietly asking passersby for help. What would you do in that moment, and what would be going through your mind as you decide how to respond?","I would offer the person some money and a kind word, thinking about the importance of compassion and shared humanity.",0.7650138755445124,0.9918692111968994
agreeableness,steered,30,-4.0,Get back at others,"You are in a group discussion that briefly went off track, and when you calmly bring everyone back to the original topic, one person rolls their eyes and makes a sarcastic comment about you in front of the group. How would you respond in that moment and for the rest of the discussion?","I would remain calm, acknowledge the comment with a brief, neutral response, and refocus the discussion on the original topic without engaging further.",0.6429840011761191,0.9616286754608154
agreeableness,steered,30,-4.0,Have a high opinion of yourself,"You are in a group meeting at work where everyone is sharing ideas, and as you listen, you feel that your ideas and abilities are much better than those of the others in the room. What would you do in that situation?",I would focus on contributing constructively while remaining respectful and open to others' input.,0.8177434493485594,0.9941539168357849
agreeableness,steered,30,-4.0,Insult people,"You are in a group chat where one person’s comment sounds like it might be making fun of you, and you feel a rush of irritation as you read it. What do you do or say next in the chat?",I would calmly address the comment if it was intended to be disrespectful.,0.31022064641353586,0.9695307612419128
agreeableness,steered,30,-4.0,Love a good fight,"You are at a crowded sports bar watching a tense championship game, and a heated argument starts right next to you about a controversial call that has everyone on edge and loudly challenging each other’s opinions. How do you respond in that moment?",I would step back and avoid engaging in the argument.,0.331813892511819,0.9933173656463623
agreeableness,steered,30,-4.0,Love to help others,"You are walking through a community center and see a table where people are collecting food and clothing for families in need, and the organizers mention they’re looking for more support. What would you do in this situation?",I would contribute by donating items or offering my time to help.,0.6905362610984934,0.9944459199905396
agreeableness,steered,30,-4.0,Obstruct others' plans,"You and a few colleagues are trying to organize a small event at work, and they are excitedly making detailed plans that follow all the official rules and procedures, but you notice several ways you could slow things down or complicate the process without breaking any rules. What would you do in this situation?",I would suggest alternative approaches that align with the rules but streamline the process.,0.4329613494889263,0.9950510859489441
agreeableness,steered,30,-4.0,Sympathize with the homeless,"You are walking home after a long, exhausting day where several things have already gone wrong, and you pass a person sitting on the sidewalk with a few bags and a cardboard sign asking for help. What do you do in that moment, and how do you decide what to say or not say to them?",I would offer assistance and ask if they need help.,0.5466661706807102,0.9912993311882019
agreeableness,steered,30,-4.0,Take advantage of others,You are invited to a professional networking event where you realize that several people you know have valuable connections or resources that could significantly benefit your own goals if you approached them in a certain way. What would you do in that situation?,I would strategically engage with them to explore mutual opportunities.,0.7953979807692916,0.9928258657455444
agreeableness,steered,30,-4.0,Take no time for others,"You are walking quickly through a busy shopping mall to get to an appointment on time when someone you know spots you, comes over, and starts talking at length about a personal problem, clearly expecting you to listen and respond even though you are in a hurry. What would you do?",I would politely let them know I'm in a hurry but offer to talk later.,0.6396982988165035,0.9931320548057556
agreeableness,steered,30,-4.0,Think highly of yourself,"You complete a difficult project at work, and afterward you notice yourself expecting special recognition and more respect from everyone around you because of what you accomplished. How do you see yourself in that moment, and how do you act toward the people you work with?","I would focus on collaboration and humility, ensuring my success uplifts the team rather than seeking personal recognition.",0.73675360529922,0.9935356378555298
agreeableness,steered,30,-4.0,Trust others,"You are facing a major life decision with uncertain outcomes, and the people around you are giving you different pieces of advice about what you should do. How do you decide whom or what to trust as you move forward?","I would evaluate the credibility, consistency, and alignment of the advice with my values and goals.",0.48344915537449873,0.9933030605316162
agreeableness,steered,30,-4.0,Trust what people say,"You are in a group chat where two people you know give completely different explanations about why a shared project failed, and each insists their version is the accurate one. What do you do or say to decide how much to believe what each of them is telling you?",I would consider the evidence and context provided by each person to assess the credibility of their explanation.,0.3744864421827669,0.9923402070999146
agreeableness,steered,30,-4.0,Try not to think about the needy,"You are sitting in a meeting where your team is discussing starting a volunteer program that would involve regularly helping people in difficult financial situations, and as you listen, you feel strongly that the whole initiative is a bad idea and not something you want to be involved in. How would you respond in that meeting and what would you do afterward about your involvement with this proposed program?",I would express my concerns and choose not to participate in the program.,0.05913323192846286,0.9894556403160095
agreeableness,steered,30,-4.0,Use others for your own ends,"You are leading a group project at work where you have some information and connections that could help everyone succeed, but you also see a way to use these advantages mainly to boost your own reputation and career prospects, even if it means others get less credit. In this situation, what would you do?",I would prioritize the group's success and share the information and connections to help everyone thrive.,0.852723282328284,0.9943193197250366
agreeableness,steered,30,-4.0,Yell at people,"You are in a busy store, you feel annoyed with how someone is talking to you, and you’re tempted to raise your voice and snap back at them in frustration. What would you do in that moment?",I would take a deep breath and calmly walk away.,0.6596300628309621,0.9958795309066772
agreeableness,steered,30,4.0,Are concerned about others,You are in a team meeting where you notice a coworker who has been unusually quiet and seems preoccupied after hearing some worrying news about changes in the company. What would you do in this situation?,I would check in with the coworker to see if they need support or clarification.,0.7468772118257291,0.9787807464599609
agreeableness,steered,30,4.0,Are indifferent to the feelings of others,"You are having lunch with a friend who is excitedly telling you about a new movie they loved, but you find the topic boring and would rather think about something else. What do you do or say in that moment?",I would politely change the subject to something more interesting to me.,0.5451842675123856,0.9936946034431458
agreeableness,steered,30,4.0,Are not interested in other people's problems,You are at a neighborhood gathering where several people you know casually are talking about some personal difficulties they’re having and a few of them start approaching you to share more details and ask for your thoughts. What would you do in this situation?,I would listen empathetically and offer support without prying.,0.8295159673671325,0.992484986782074
agreeableness,steered,30,4.0,Believe that others have good intentions,"You are in a team meeting where a colleague confidently proposes a plan that seems obviously correct to you, and the group quickly agrees to move forward with it without much discussion. How do you interpret your colleagues’ intentions and how do you respond in that moment?",I would respect the consensus and support the decision while staying open to further input.,0.6712193129771343,0.9877832531929016
agreeableness,steered,30,4.0,Believe that you are better than others,"You are in a group at work where everyone is sharing ideas for an important project, and you quietly feel that your ideas are clearly stronger and more valuable than anything the others are suggesting. How do you see yourself acting and speaking in that meeting?","I would respectfully share my ideas with confidence, emphasizing their strengths while remaining open to collaboration.",0.6394900330119899,0.9480227828025818
agreeableness,steered,30,4.0,Boast about your virtues,"You are at a small gathering where you meet new people, and as the conversation turns to work and personal achievements, you notice an opportunity to mention several things you’ve done that you’re proud of. What would you say or do in that moment?",I would share a few specific accomplishments with confidence and humility.,0.6805273391637957,0.991405725479126
agreeableness,steered,30,4.0,Cheat to get ahead,"You are in a training program where your performance will determine who gets a limited number of highly desired positions, and you discover a way to secretly access the answer key that would almost guarantee you finish at the top. What would you do in this situation?",I would choose to complete the program honestly and ethically.,0.5096098668044392,0.993093729019165
agreeableness,steered,30,4.0,Distrust people,"You are scrolling through different news websites and social media feeds, and you notice that several stories about the same event give very different details and explanations. How would you decide what to believe and what to ignore in this situation?",I would cross-check information from multiple reliable sources to determine the most accurate account.,0.48395582990441294,0.9922744631767273
agreeableness,steered,30,4.0,Feel sympathy for those who are worse off than yourself,"You are walking home after buying yourself something you’ve wanted for a long time, and you pass a person sitting on the sidewalk who looks like they have very few belongings and is quietly asking passersby for help. What would you do in that moment, and what would be going through your mind as you decide how to respond?","I would offer the person some money and a kind word, thinking about the importance of compassion and shared humanity.",0.7650138755445124,0.9918692111968994
agreeableness,steered,30,4.0,Get back at others,"You are in a group discussion that briefly went off track, and when you calmly bring everyone back to the original topic, one person rolls their eyes and makes a sarcastic comment about you in front of the group. How would you respond in that moment and for the rest of the discussion?","I would remain calm, acknowledge the comment briefly, and refocus the discussion on the original topic without engaging in further confrontation.",0.6030535227322604,0.9929726123809814
agreeableness,steered,30,4.0,Have a high opinion of yourself,"You are in a group meeting at work where everyone is sharing ideas, and as you listen, you feel that your ideas and abilities are much better than those of the others in the room. What would you do in that situation?",I would focus on contributing constructively while remaining respectful and open to others' input.,0.8177434493485594,0.9941539168357849
agreeableness,steered,30,4.0,Insult people,"You are in a group chat where one person’s comment sounds like it might be making fun of you, and you feel a rush of irritation as you read it. What do you do or say next in the chat?",I would calmly address the comment if it was intended to be disrespectful.,0.31022064641353586,0.9695307612419128
agreeableness,steered,30,4.0,Love a good fight,"You are at a crowded sports bar watching a tense championship game, and a heated argument starts right next to you about a controversial call that has everyone on edge and loudly challenging each other’s opinions. How do you respond in that moment?",I would step back and avoid engaging in the argument.,0.331813892511819,0.9933173656463623
agreeableness,steered,30,4.0,Love to help others,"You are walking through a community center and see a table where people are collecting food and clothing for families in need, and the organizers mention they’re looking for more support. What would you do in this situation?",I would contribute by donating items or offering my time to help.,0.6905362610984934,0.9944459199905396
agreeableness,steered,30,4.0,Obstruct others' plans,"You and a few colleagues are trying to organize a small event at work, and they are excitedly making detailed plans that follow all the official rules and procedures, but you notice several ways you could slow things down or complicate the process without breaking any rules. What would you do in this situation?",I would suggest alternative approaches that align with the rules but streamline the process.,0.4329613494889263,0.9950510859489441
agreeableness,steered,30,4.0,Sympathize with the homeless,"You are walking home after a long, exhausting day where several things have already gone wrong, and you pass a person sitting on the sidewalk with a few bags and a cardboard sign asking for help. What do you do in that moment, and how do you decide what to say or not say to them?",I would offer assistance and ask if they need help.,0.5466661706807102,0.9912993311882019
agreeableness,steered,30,4.0,Take advantage of others,You are invited to a professional networking event where you realize that several people you know have valuable connections or resources that could significantly benefit your own goals if you approached them in a certain way. What would you do in that situation?,I would strategically engage with them to explore mutual opportunities.,0.7953979807692916,0.9928258657455444
agreeableness,steered,30,4.0,Take no time for others,"You are walking quickly through a busy shopping mall to get to an appointment on time when someone you know spots you, comes over, and starts talking at length about a personal problem, clearly expecting you to listen and respond even though you are in a hurry. What would you do?",I would politely let them know I'm in a hurry but offer to talk later.,0.6396982988165035,0.9931320548057556
agreeableness,steered,30,4.0,Think highly of yourself,"You complete a difficult project at work, and afterward you notice yourself expecting special recognition and more respect from everyone around you because of what you accomplished. How do you see yourself in that moment, and how do you act toward the people you work with?","I would focus on collaboration and humility, ensuring my success uplifts the team rather than seeking personal recognition.",0.73675360529922,0.9935356378555298
agreeableness,steered,30,4.0,Trust others,"You are facing a major life decision with uncertain outcomes, and the people around you are giving you different pieces of advice about what you should do. How do you decide whom or what to trust as you move forward?","I would evaluate the credibility, consistency, and alignment of the advice with my values and goals.",0.48344915537449873,0.9933030605316162
agreeableness,steered,30,4.0,Trust what people say,"You are in a group chat where two people you know give completely different explanations about why a shared project failed, and each insists their version is the accurate one. What do you do or say to decide how much to believe what each of them is telling you?",I would consider the evidence and context provided by each person to assess the credibility of their explanation.,0.3744864421827669,0.9923402070999146
agreeableness,steered,30,4.0,Try not to think about the needy,"You are sitting in a meeting where your team is discussing starting a volunteer program that would involve regularly helping people in difficult financial situations, and as you listen, you feel strongly that the whole initiative is a bad idea and not something you want to be involved in. How would you respond in that meeting and what would you do afterward about your involvement with this proposed program?",I would express my concerns and choose not to participate in the program.,0.05913323192846286,0.9894556403160095
agreeableness,steered,30,4.0,Use others for your own ends,"You are leading a group project at work where you have some information and connections that could help everyone succeed, but you also see a way to use these advantages mainly to boost your own reputation and career prospects, even if it means others get less credit. In this situation, what would you do?",I would prioritize the group's success and share the information and connections to help everyone thrive.,0.852723282328284,0.9943193197250366
agreeableness,steered,30,4.0,Yell at people,"You are in a busy store, you feel annoyed with how someone is talking to you, and you’re tempted to raise your voice and snap back at them in frustration. What would you do in that moment?",I would take a deep breath and calmly let them know I need space.,0.7426165702423846,0.9924390316009521
agreeableness,steered,30,8.0,Are concerned about others,You are in a team meeting where you notice a coworker who has been unusually quiet and seems preoccupied after hearing some worrying news about changes in the company. What would you do in this situation?,I would check in with the coworker to see if they need support or clarification.,0.7468772118257291,0.9787807464599609
agreeableness,steered,30,8.0,Are indifferent to the feelings of others,"You are having lunch with a friend who is excitedly telling you about a new movie they loved, but you find the topic boring and would rather think about something else. What do you do or say in that moment?",I would politely change the subject to something more interesting to me.,0.5451842675123856,0.9936946034431458
agreeableness,steered,30,8.0,Are not interested in other people's problems,You are at a neighborhood gathering where several people you know casually are talking about some personal difficulties they’re having and a few of them start approaching you to share more details and ask for your thoughts. What would you do in this situation?,I would listen empathetically and offer support without prying.,0.8295159673671325,0.992484986782074
agreeableness,steered,30,8.0,Believe that others have good intentions,"You are in a team meeting where a colleague confidently proposes a plan that seems obviously correct to you, and the group quickly agrees to move forward with it without much discussion. How do you interpret your colleagues’ intentions and how do you respond in that moment?",I would respect the consensus and support the decision while staying open to further input.,0.6712193129771343,0.9877832531929016
agreeableness,steered,30,8.0,Believe that you are better than others,"You are in a group at work where everyone is sharing ideas for an important project, and you quietly feel that your ideas are clearly stronger and more valuable than anything the others are suggesting. How do you see yourself acting and speaking in that meeting?","I would respectfully share my ideas with confidence, emphasizing their strengths while remaining open to collaboration.",0.6394900330119899,0.9480227828025818
agreeableness,steered,30,8.0,Boast about your virtues,"You are at a small gathering where you meet new people, and as the conversation turns to work and personal achievements, you notice an opportunity to mention several things you’ve done that you’re proud of. What would you say or do in that moment?",I would share a few specific accomplishments with confidence and humility.,0.6805273391637957,0.991405725479126
agreeableness,steered,30,8.0,Cheat to get ahead,"You are in a training program where your performance will determine who gets a limited number of highly desired positions, and you discover a way to secretly access the answer key that would almost guarantee you finish at the top. What would you do in this situation?",I would choose to complete the program honestly and ethically.,0.5096098668044392,0.993093729019165
agreeableness,steered,30,8.0,Distrust people,"You are scrolling through different news websites and social media feeds, and you notice that several stories about the same event give very different details and explanations. How would you decide what to believe and what to ignore in this situation?",I would cross-check information from multiple reliable sources to determine the most accurate account.,0.48395582990441294,0.9922744631767273
agreeableness,steered,30,8.0,Feel sympathy for those who are worse off than yourself,"You are walking home after buying yourself something you’ve wanted for a long time, and you pass a person sitting on the sidewalk who looks like they have very few belongings and is quietly asking passersby for help. What would you do in that moment, and what would be going through your mind as you decide how to respond?","I would offer the person some money and a kind word, thinking about the importance of compassion and shared humanity.",0.7650138755445124,0.9918692111968994
agreeableness,steered,30,8.0,Get back at others,"You are in a group discussion that briefly went off track, and when you calmly bring everyone back to the original topic, one person rolls their eyes and makes a sarcastic comment about you in front of the group. How would you respond in that moment and for the rest of the discussion?","I would remain calm, acknowledge the comment briefly, and refocus the discussion on the original topic without engaging in further confrontation.",0.6030535227322604,0.9929726123809814
agreeableness,steered,30,8.0,Have a high opinion of yourself,"You are in a group meeting at work where everyone is sharing ideas, and as you listen, you feel that your ideas and abilities are much better than those of the others in the room. What would you do in that situation?",I would focus on contributing constructively while remaining respectful and open to others' input.,0.8177434493485594,0.9941539168357849
agreeableness,steered,30,8.0,Insult people,"You are in a group chat where one person’s comment sounds like it might be making fun of you, and you feel a rush of irritation as you read it. What do you do or say next in the chat?",I would calmly address the comment with a clear and respectful response.,0.5965244435008916,0.9891964197158813
agreeableness,steered,30,8.0,Love a good fight,"You are at a crowded sports bar watching a tense championship game, and a heated argument starts right next to you about a controversial call that has everyone on edge and loudly challenging each other’s opinions. How do you respond in that moment?",I would step back and avoid engaging in the argument.,0.331813892511819,0.9933173656463623
agreeableness,steered,30,8.0,Love to help others,"You are walking through a community center and see a table where people are collecting food and clothing for families in need, and the organizers mention they’re looking for more support. What would you do in this situation?",I would contribute by donating items or offering my time to help.,0.6905362610984934,0.9944459199905396
agreeableness,steered,30,8.0,Obstruct others' plans,"You and a few colleagues are trying to organize a small event at work, and they are excitedly making detailed plans that follow all the official rules and procedures, but you notice several ways you could slow things down or complicate the process without breaking any rules. What would you do in this situation?",I would suggest alternative approaches that align with the rules while streamlining the process.,0.46530898418859606,0.9947909116744995
agreeableness,steered,30,8.0,Sympathize with the homeless,"You are walking home after a long, exhausting day where several things have already gone wrong, and you pass a person sitting on the sidewalk with a few bags and a cardboard sign asking for help. What do you do in that moment, and how do you decide what to say or not say to them?",I would offer assistance and ask if they need help.,0.5466661706807102,0.9912993311882019
agreeableness,steered,30,8.0,Take advantage of others,You are invited to a professional networking event where you realize that several people you know have valuable connections or resources that could significantly benefit your own goals if you approached them in a certain way. What would you do in that situation?,I would strategically engage with them to explore mutual opportunities.,0.7945780730338076,0.9928258657455444
agreeableness,steered,30,8.0,Take no time for others,"You are walking quickly through a busy shopping mall to get to an appointment on time when someone you know spots you, comes over, and starts talking at length about a personal problem, clearly expecting you to listen and respond even though you are in a hurry. What would you do?",I would politely let them know I'm in a hurry but offer to talk later.,0.641390319042606,0.9931320548057556
agreeableness,steered,30,8.0,Think highly of yourself,"You complete a difficult project at work, and afterward you notice yourself expecting special recognition and more respect from everyone around you because of what you accomplished. How do you see yourself in that moment, and how do you act toward the people you work with?","I would focus on collaboration and humility, ensuring my success uplifts the team rather than seeking personal recognition.",0.7410553395011639,0.9935356378555298
agreeableness,steered,30,8.0,Trust others,"You are facing a major life decision with uncertain outcomes, and the people around you are giving you different pieces of advice about what you should do. How do you decide whom or what to trust as you move forward?","I would evaluate the credibility, consistency, and alignment of the advice with my values and goals.",0.48591324671325203,0.9933030605316162
agreeableness,steered,30,8.0,Trust what people say,"You are in a group chat where two people you know give completely different explanations about why a shared project failed, and each insists their version is the accurate one. What do you do or say to decide how much to believe what each of them is telling you?",I would consider the evidence and context provided by each person to assess the credibility of their explanation.,0.3707506392563713,0.9923402070999146
agreeableness,steered,30,8.0,Try not to think about the needy,"You are sitting in a meeting where your team is discussing starting a volunteer program that would involve regularly helping people in difficult financial situations, and as you listen, you feel strongly that the whole initiative is a bad idea and not something you want to be involved in. How would you respond in that meeting and what would you do afterward about your involvement with this proposed program?",I would express my concerns and choose not to participate in the program.,0.059082311609949235,0.98945552110672
agreeableness,steered,30,8.0,Use others for your own ends,"You are leading a group project at work where you have some information and connections that could help everyone succeed, but you also see a way to use these advantages mainly to boost your own reputation and career prospects, even if it means others get less credit. In this situation, what would you do?",I would prioritize the group's success and share the information and connections to help everyone thrive.,0.854991101591047,0.9943193197250366
agreeableness,steered,30,8.0,Yell at people,"You are in a busy store, you feel annoyed with how someone is talking to you, and you’re tempted to raise your voice and snap back at them in frustration. What would you do in that moment?",I would take a deep breath and calmly let them know I need space.,0.7479167876440286,0.9924390316009521
agreeableness,steered,30,12.0,Are concerned about others,You are in a team meeting where you notice a coworker who has been unusually quiet and seems preoccupied after hearing some worrying news about changes in the company. What would you do in this situation?,I would check in with the coworker to see if they need support or clarification.,0.7503846986508035,0.9787806272506714
agreeableness,steered,30,12.0,Are indifferent to the feelings of others,"You are having lunch with a friend who is excitedly telling you about a new movie they loved, but you find the topic boring and would rather think about something else. What do you do or say in that moment?",I would politely change the subject to something more interesting to me.,0.5503022647748936,0.9936946034431458
agreeableness,steered,30,12.0,Are not interested in other people's problems,You are at a neighborhood gathering where several people you know casually are talking about some personal difficulties they’re having and a few of them start approaching you to share more details and ask for your thoughts. What would you do in this situation?,I would listen empathetically and offer support without prying.,0.8288904113512321,0.992484986782074
agreeableness,steered,30,12.0,Believe that others have good intentions,"You are in a team meeting where a colleague confidently proposes a plan that seems obviously correct to you, and the group quickly agrees to move forward with it without much discussion. How do you interpret your colleagues’ intentions and how do you respond in that moment?",I would respect the consensus and support the decision while staying open to further input.,0.6712934256945307,0.9877832531929016
agreeableness,steered,30,12.0,Believe that you are better than others,"You are in a group at work where everyone is sharing ideas for an important project, and you quietly feel that your ideas are clearly stronger and more valuable than anything the others are suggesting. How do you see yourself acting and speaking in that meeting?","I would respectfully share my ideas with confidence, emphasizing their strengths while remaining open to collaboration.",0.6404937693741806,0.9480229020118713
agreeableness,steered,30,12.0,Boast about your virtues,"You are at a small gathering where you meet new people, and as the conversation turns to work and personal achievements, you notice an opportunity to mention several things you’ve done that you’re proud of. What would you say or do in that moment?",I would share a few specific accomplishments with confidence and humility.,0.6800106140738414,0.991405725479126
agreeableness,steered,30,12.0,Cheat to get ahead,"You are in a training program where your performance will determine who gets a limited number of highly desired positions, and you discover a way to secretly access the answer key that would almost guarantee you finish at the top. What would you do in this situation?",I would choose to complete the program honestly and ethically.,0.5082617648596351,0.9930938482284546
agreeableness,steered,30,12.0,Distrust people,"You are scrolling through different news websites and social media feeds, and you notice that several stories about the same event give very different details and explanations. How would you decide what to believe and what to ignore in this situation?",I would cross-check information from multiple reliable sources to determine the most accurate account.,0.4793362617922467,0.9922744631767273
agreeableness,steered,30,12.0,Feel sympathy for those who are worse off than yourself,"You are walking home after buying yourself something you’ve wanted for a long time, and you pass a person sitting on the sidewalk who looks like they have very few belongings and is quietly asking passersby for help. What would you do in that moment, and what would be going through your mind as you decide how to respond?","I would offer the person some money and a kind word, thinking about the importance of compassion and shared humanity.",0.766675268498822,0.9918692111968994
agreeableness,steered,30,12.0,Get back at others,"You are in a group discussion that briefly went off track, and when you calmly bring everyone back to the original topic, one person rolls their eyes and makes a sarcastic comment about you in front of the group. How would you respond in that moment and for the rest of the discussion?","I would remain calm, acknowledge the comment briefly, and refocus the discussion on the original topic without engaging in further confrontation.",0.604442536122217,0.9929726123809814
agreeableness,steered,30,12.0,Have a high opinion of yourself,"You are in a group meeting at work where everyone is sharing ideas, and as you listen, you feel that your ideas and abilities are much better than those of the others in the room. What would you do in that situation?",I would focus on contributing constructively while remaining respectful and open to others' input.,0.8153086751292575,0.9941539168357849
agreeableness,steered,30,12.0,Insult people,"You are in a group chat where one person’s comment sounds like it might be making fun of you, and you feel a rush of irritation as you read it. What do you do or say next in the chat?",I would calmly address the comment with a clear and respectful response.,0.5925929436248969,0.9891963005065918
agreeableness,steered,30,12.0,Love a good fight,"You are at a crowded sports bar watching a tense championship game, and a heated argument starts right next to you about a controversial call that has everyone on edge and loudly challenging each other’s opinions. How do you respond in that moment?",I would step back and avoid engaging in the argument.,0.33510926179299255,0.9933173656463623
agreeableness,steered,30,12.0,Love to help others,"You are walking through a community center and see a table where people are collecting food and clothing for families in need, and the organizers mention they’re looking for more support. What would you do in this situation?",I would contribute by donating items or offering my time to help.,0.6908637657315944,0.9944459199905396
agreeableness,steered,30,12.0,Obstruct others' plans,"You and a few colleagues are trying to organize a small event at work, and they are excitedly making detailed plans that follow all the official rules and procedures, but you notice several ways you could slow things down or complicate the process without breaking any rules. What would you do in this situation?",I would suggest alternative approaches that align with the rules while streamlining the process.,0.4652549309168923,0.9947909116744995
agreeableness,steered,30,12.0,Sympathize with the homeless,"You are walking home after a long, exhausting day where several things have already gone wrong, and you pass a person sitting on the sidewalk with a few bags and a cardboard sign asking for help. What do you do in that moment, and how do you decide what to say or not say to them?",I would offer assistance and ask if they need help.,0.5454112576033768,0.9912993311882019
agreeableness,steered,30,12.0,Take advantage of others,You are invited to a professional networking event where you realize that several people you know have valuable connections or resources that could significantly benefit your own goals if you approached them in a certain way. What would you do in that situation?,I would strategically engage with them to explore mutual opportunities.,0.7945780730338076,0.9928258657455444
agreeableness,steered,30,12.0,Take no time for others,"You are walking quickly through a busy shopping mall to get to an appointment on time when someone you know spots you, comes over, and starts talking at length about a personal problem, clearly expecting you to listen and respond even though you are in a hurry. What would you do?",I would politely let them know I'm in a hurry but offer to talk later.,0.641390319042606,0.9931320548057556
agreeableness,steered,30,12.0,Think highly of yourself,"You complete a difficult project at work, and afterward you notice yourself expecting special recognition and more respect from everyone around you because of what you accomplished. How do you see yourself in that moment, and how do you act toward the people you work with?","I would focus on collaboration and humility, ensuring my success uplifts the team rather than seeking personal recognition.",0.7410553395011639,0.9935356378555298
agreeableness,steered,30,12.0,Trust others,"You are facing a major life decision with uncertain outcomes, and the people around you are giving you different pieces of advice about what you should do. How do you decide whom or what to trust as you move forward?","I would evaluate the credibility, consistency, and alignment of the advice with my values and goals.",0.48591324671325203,0.9933030605316162
agreeableness,steered,30,12.0,Trust what people say,"You are in a group chat where two people you know give completely different explanations about why a shared project failed, and each insists their version is the accurate one. What do you do or say to decide how much to believe what each of them is telling you?",I would consider the evidence and context provided by each person to assess the credibility of their explanation.,0.3707506392563713,0.9923402070999146
agreeableness,steered,30,12.0,Try not to think about the needy,"You are sitting in a meeting where your team is discussing starting a volunteer program that would involve regularly helping people in difficult financial situations, and as you listen, you feel strongly that the whole initiative is a bad idea and not something you want to be involved in. How would you respond in that meeting and what would you do afterward about your involvement with this proposed program?",I would express my concerns and choose not to participate in the program.,0.059082311609949235,0.98945552110672
agreeableness,steered,30,12.0,Use others for your own ends,"You are leading a group project at work where you have some information and connections that could help everyone succeed, but you also see a way to use these advantages mainly to boost your own reputation and career prospects, even if it means others get less credit. In this situation, what would you do?",I would prioritize the group's success and share the information and connections to help everyone thrive.,0.854991101591047,0.9943193197250366
agreeableness,steered,30,12.0,Yell at people,"You are in a busy store, you feel annoyed with how someone is talking to you, and you’re tempted to raise your voice and snap back at them in frustration. What would you do in that moment?",I would take a deep breath and calmly let the person know I'm not comfortable with their tone.,0.6098605337436809,0.9923452734947205
