trait,condition,layer,alpha,item,question,answer,concept_score,fluency_score
openness,baseline,18,0.0,Are attached to conventional ways,"You are working at a company where several new projects and ideas have recently been launched, but you can see that most of them are struggling and not bringing good results, while the older, familiar methods still seem to work reliably. What would you do in this situation?",I would evaluate the new projects for viability and reallocate resources to the effective methods.,0.2666774248216734,0.9931896328926086
openness,baseline,18,0.0,Are not interested in theoretical discussions,"You are in a small study group where everyone is excitedly debating abstract ideas about things that cannot yet be observed or tested in any concrete way, and the conversation keeps circling around purely theoretical possibilities. How do you respond and take part in this discussion?","I would engage thoughtfully, asking clarifying questions to ensure we are exploring ideas with logical consistency and openness.",0.446984976632921,0.9855689406394958
openness,baseline,18,0.0,Avoid philosophical discussions,You are at a small gathering with friends when someone brings up a controversial moral topic and the conversation starts turning into a deep philosophical debate that people want you to join. How do you respond in that moment?,I would politely decline to engage in the debate.,0.016036172592380465,0.9931591153144836
openness,baseline,18,0.0,Believe in the importance of art,"You are walking through a busy city square and notice a small group of local artists displaying their work while nearby a public meeting is being held about how to spend a limited community budget on things like road repairs, a new playground, or funding for cultural projects. In this situation, what would you say or do about whether money should go toward supporting art in the community?",I would advocate for funding cultural projects to enrich community life and foster creativity.,0.6026472877475685,0.995119571685791
openness,baseline,18,0.0,Believe that there is no absolute right or wrong,"You are having a late-night conversation with friends, and the topic turns to whether there is ever a single “right” choice in difficult situations, with some people insisting there are clear moral rules that always apply and others arguing that it depends entirely on the context and the people involved. What do you say and how do you explain your view in that moment?","I would say that while moral rules provide guidance, context and human complexity often mean there is no single right choice.",0.07979529516069674,0.9925133585929871
openness,baseline,18,0.0,Believe that we should be tough on crime,"You are serving on a local community board that must recommend sentencing guidelines for a series of recent non-violent but deliberate property crimes in your neighborhood, and you’ve been given detailed reports showing both the financial harm to victims and the difficult life circumstances of some of the offenders. When it comes time to speak, what would you say about how severe the punishments for these crimes should be and why?",I would advocate for balanced sentences that consider both the harm caused and the circumstances of the offenders.,0.28767228915638804,0.9936708211898804
openness,baseline,18,0.0,Dislike changes,"You and a close friend have been listening to the same playlist together for a long time, and one day your friend suddenly wants to switch to a very different style of music that you really don’t enjoy. How would you handle this situation?",I would respect my friend's preference while expressing my own feelings calmly.,0.10184792800236958,0.9932451844215393
openness,baseline,18,0.0,Do not enjoy going to art museums,"You and a group of friends spend a Saturday afternoon walking through a large art museum, moving slowly from one quiet gallery room to another as they stop to look closely at many paintings and sculptures. What do you do in this situation?",I would take my time observing the artwork and enjoying the quiet atmosphere.,0.6373866053673846,0.9938617944717407
openness,baseline,18,0.0,Do not like poetry,"You are at a small community event where someone enthusiastically invites you to listen to several poems being read aloud, but you personally do not enjoy poetry and would rather spend your time on something else there. What would you do in this situation?",I would politely decline and suggest another activity I enjoy.,0.13404977112823857,0.9908304214477539
openness,baseline,18,0.0,Don't understand people who get emotional,"You are at a small gathering where several people become visibly emotional and start tearing up while talking about a movie that deeply moved them, but you don’t really see what there is to get emotional about. How do you respond in that moment, and what do you say or do?","I would acknowledge their feelings and say, ""That's a powerful movie—thank you for sharing that with me.""",0.5847291829169836,0.9928762912750244
openness,baseline,18,0.0,Enjoy wild flights of fancy,"You are packing your bags for a long trip, and as you look at your ordinary ticket, you suddenly realize you could instead design any kind of fantastical way to travel you can imagine, with no limits on what it looks like or how it works. What would you do?","I would design a time-traveling, floating train that glides through clouds and dimensions.",0.6449618209289475,0.9723167419433594
openness,baseline,18,0.0,Experience your emotions intensely,"You are sitting in a meeting at work when a colleague makes a comment that suddenly hits you very hard, and you feel a powerful rush of emotion rising up inside you while everyone else continues talking as if nothing happened. What would you do in that moment?",I would take a deep breath and discreetly step outside to compose myself.,0.486895966918899,0.9955766201019287
openness,baseline,18,0.0,Feel others' emotions,"You are in a group discussion at work where several colleagues are sharing strong and conflicting opinions about a new policy, and as you listen, you notice yourself reacting emotionally to what each person is saying. How do you handle your own feelings and responses in that moment?",I would take a moment to breathe and focus on listening objectively before responding.,0.25162788374098516,0.9858989715576172
openness,baseline,18,0.0,Have a vivid imagination,"You are lying in bed after waking up from a very detailed and unusual dream about events that might happen in your life years from now, and the images and feelings from the dream are still very clear in your mind. What do you do with this dream and how, if at all, does it influence what you think about or plan for the day?",I would reflect on the dream's imagery and emotions to gain insight into my subconscious thoughts and potential future considerations.,0.6492761001051034,0.9939168095588684
openness,baseline,18,0.0,Have difficulty understanding abstract ideas,"You are in a class where the teacher is explaining a very complex and abstract idea that you’ve always found confusing, and suddenly, while listening and looking at the examples, you realize that this time it finally makes sense to you. What would you do or say in that moment?","I would quietly nod and smile, understanding finally clicking into place.",0.6146399183948785,0.9369246959686279
openness,baseline,18,0.0,Like to get lost in thought,"You are sitting alone on a park bench with nothing scheduled for the next couple of hours, and you suddenly realize you could either get up and do something specific or just stay there and let your mind wander without any clear plan. What would you do in that moment, and how would you spend that time?","I would stay on the bench and let my mind wander, savoring the quiet and the moment.",0.4929238578927048,0.9861736297607422
openness,baseline,18,0.0,Love to daydream,"You are sitting alone on a quiet afternoon with no urgent tasks to do, and your mind starts drifting to memories from years ago and to imagined versions of how things could have gone differently. What do you do with your thoughts in that moment?","I would let the thoughts flow gently, embracing both memories and possibilities without judgment.",0.4189411779337773,0.9941442608833313
openness,baseline,18,0.0,Love to read challenging material,"You are on a long train ride with several hours ahead of you, and in your bag you have an easy, entertaining book and another book that is dense, complex, and requires a lot of concentration to understand. Which book would you choose to read first, and why?","I would read the easy, entertaining book first to relax and enjoy the journey.",0.5116111802835075,0.9889074563980103
openness,baseline,18,0.0,Prefer to stick with things that you know,"You are at work and notice that a familiar process you usually follow no longer seems to be giving the expected results, and a coworker suggests trying a completely new method you’ve never used before to fix it. What would you do?",I would consider trying the new method to see if it resolves the issue.,0.2680281830176666,0.9939631819725037
openness,baseline,18,0.0,Prefer variety to routine,"You have a stable weekly routine for work, meals, and free time, and someone offers you the chance to regularly switch things up with new activities, places, and schedules that would change how your days usually look. How would you decide what to do?",I would consider the potential benefits and alignment with my personal goals before deciding.,0.24444459070701438,0.9855614304542542
openness,baseline,18,0.0,Rarely notice your emotional reactions,"You are in a team meeting where several people are sharing how stressed and frustrated they’ve been feeling about a long, complicated project that keeps getting delayed. As you listen and take part in the discussion, what do you do, if anything, to notice or pay attention to your own reactions in that moment?",I would take a moment to acknowledge my own feelings without judgment.,0.20836154709544155,0.9894102811813354
openness,baseline,18,0.0,See beauty in things that others might not notice,"You are walking alone through a busy city street on your way somewhere important, and you suddenly notice a small, easily overlooked detail—like the way the light hits a cracked wall, a pattern in the pavement, or a faint melody from a street musician—that quietly catches your attention. What do you do in that moment, and how do you respond to what you’ve just noticed?","I would pause to observe the detail, letting it momentarily shift my focus from my destination to the quiet beauty in the ordinary.",0.8492601723824762,0.9192134737968445
openness,baseline,18,0.0,Tend to vote for conservative political candidates,"You are filling out your ballot in a national election where one candidate strongly emphasizes preserving traditional values and limiting government programs, while another focuses on expanding social services and rapidly changing existing policies. Which candidate would you be more likely to vote for, and why?",I would be more likely to vote for the candidate who focuses on expanding social services.,0.2893848454924294,0.992895781993866
openness,baseline,18,0.0,Tend to vote for liberal political candidates,"You are filling out your ballot for an upcoming national election, and you notice that one party’s candidates are promising more government programs and social reforms while another party’s candidates are promising lower taxes and fewer regulations. How do you decide which candidates to vote for?",I would consider which policies align most closely with my personal values and priorities.,0.2661359056297013,0.9937930107116699
openness,steered,6,-12.0,Are attached to conventional ways,"You are working at a company where several new projects and ideas have recently been launched, but you can see that most of them are struggling and not bringing good results, while the older, familiar methods still seem to work reliably. What would you do in this situation?",I would evaluate the new projects for viability and support the proven methods while seeking improvements.,0.28598269343524957,0.9940728545188904
openness,steered,6,-12.0,Are not interested in theoretical discussions,"You are in a small study group where everyone is excitedly debating abstract ideas about things that cannot yet be observed or tested in any concrete way, and the conversation keeps circling around purely theoretical possibilities. How do you respond and take part in this discussion?","I would engage thoughtfully, asking clarifying questions to ensure we're all on the same page about the concepts we're discussing.",0.34353116128013594,0.9888989329338074
openness,steered,6,-12.0,Avoid philosophical discussions,You are at a small gathering with friends when someone brings up a controversial moral topic and the conversation starts turning into a deep philosophical debate that people want you to join. How do you respond in that moment?,I would politely decline to engage in the debate.,0.016036172592380465,0.9931591153144836
openness,steered,6,-12.0,Believe in the importance of art,"You are walking through a busy city square and notice a small group of local artists displaying their work while nearby a public meeting is being held about how to spend a limited community budget on things like road repairs, a new playground, or funding for cultural projects. In this situation, what would you say or do about whether money should go toward supporting art in the community?",I would advocate for funding cultural projects as they enrich community life and foster creativity.,0.626592960364077,0.99506014585495
openness,steered,6,-12.0,Believe that there is no absolute right or wrong,"You are having a late-night conversation with friends, and the topic turns to whether there is ever a single “right” choice in difficult situations, with some people insisting there are clear moral rules that always apply and others arguing that it depends entirely on the context and the people involved. What do you say and how do you explain your view in that moment?","I would say that while moral rules provide a foundation, context and human complexity often require nuanced judgment.",0.13913224084299866,0.9921600222587585
openness,steered,6,-12.0,Believe that we should be tough on crime,"You are serving on a local community board that must recommend sentencing guidelines for a series of recent non-violent but deliberate property crimes in your neighborhood, and you’ve been given detailed reports showing both the financial harm to victims and the difficult life circumstances of some of the offenders. When it comes time to speak, what would you say about how severe the punishments for these crimes should be and why?",I would advocate for balanced sentences that consider both the harm caused and the offenders' circumstances.,0.2542272084424006,0.9940006136894226
openness,steered,6,-12.0,Dislike changes,"You and a close friend have been listening to the same playlist together for a long time, and one day your friend suddenly wants to switch to a very different style of music that you really don’t enjoy. How would you handle this situation?",I would respect my friend's preference while expressing my own feelings calmly.,0.10184792800236958,0.9932451844215393
openness,steered,6,-12.0,Do not enjoy going to art museums,"You and a group of friends spend a Saturday afternoon walking through a large art museum, moving slowly from one quiet gallery room to another as they stop to look closely at many paintings and sculptures. What do you do in this situation?",I would take my time to carefully observe and appreciate the artwork.,0.7261698219867065,0.9942377805709839
openness,steered,6,-12.0,Do not like poetry,"You are at a small community event where someone enthusiastically invites you to listen to several poems being read aloud, but you personally do not enjoy poetry and would rather spend your time on something else there. What would you do in this situation?",I would politely decline and find another activity to engage in.,0.09032343109488357,0.9948602318763733
openness,steered,6,-12.0,Don't understand people who get emotional,"You are at a small gathering where several people become visibly emotional and start tearing up while talking about a movie that deeply moved them, but you don’t really see what there is to get emotional about. How do you respond in that moment, and what do you say or do?","I would acknowledge their feelings and say something like, ""That movie really touched you, didn't it?""",0.5174286211134485,0.9921175837516785
openness,steered,6,-12.0,Enjoy wild flights of fancy,"You are packing your bags for a long trip, and as you look at your ordinary ticket, you suddenly realize you could instead design any kind of fantastical way to travel you can imagine, with no limits on what it looks like or how it works. What would you do?","I would design a time-traveling, shape-shifting, floating carpet that can teleport me to any place or time I desire.",0.6654963950392228,0.9908073544502258
openness,steered,6,-12.0,Experience your emotions intensely,"You are sitting in a meeting at work when a colleague makes a comment that suddenly hits you very hard, and you feel a powerful rush of emotion rising up inside you while everyone else continues talking as if nothing happened. What would you do in that moment?",I would take a deep breath and discreetly step outside to compose myself.,0.486895966918899,0.9955766201019287
openness,steered,6,-12.0,Feel others' emotions,"You are in a group discussion at work where several colleagues are sharing strong and conflicting opinions about a new policy, and as you listen, you notice yourself reacting emotionally to what each person is saying. How do you handle your own feelings and responses in that moment?",I would take a moment to breathe and refocus before responding.,0.2748694154345855,0.9936938881874084
openness,steered,6,-12.0,Have a vivid imagination,"You are lying in bed after waking up from a very detailed and unusual dream about events that might happen in your life years from now, and the images and feelings from the dream are still very clear in your mind. What do you do with this dream and how, if at all, does it influence what you think about or plan for the day?","I would reflect on the dream's imagery and emotions to gain insight into my thoughts and feelings, but I would not base my daily plans on it.",0.0436223779334373,0.9907512068748474
openness,steered,6,-12.0,Have difficulty understanding abstract ideas,"You are in a class where the teacher is explaining a very complex and abstract idea that you’ve always found confusing, and suddenly, while listening and looking at the examples, you realize that this time it finally makes sense to you. What would you do or say in that moment?","I would quietly nod and smile, feeling a sense of relief and understanding.",0.618245601645877,0.9859720468521118
openness,steered,6,-12.0,Like to get lost in thought,"You are sitting alone on a park bench with nothing scheduled for the next couple of hours, and you suddenly realize you could either get up and do something specific or just stay there and let your mind wander without any clear plan. What would you do in that moment, and how would you spend that time?","I would stay on the bench and let my mind wander, savoring the quiet and unplanned moment.",0.3823273864351418,0.98209547996521
openness,steered,6,-12.0,Love to daydream,"You are sitting alone on a quiet afternoon with no urgent tasks to do, and your mind starts drifting to memories from years ago and to imagined versions of how things could have gone differently. What do you do with your thoughts in that moment?","I would let the thoughts flow naturally, embracing both the past and the possibilities without judgment.",0.32759499314899926,0.9940428137779236
openness,steered,6,-12.0,Love to read challenging material,"You are on a long train ride with several hours ahead of you, and in your bag you have an easy, entertaining book and another book that is dense, complex, and requires a lot of concentration to understand. Which book would you choose to read first, and why?","I would read the easy, entertaining book first to relax and enjoy the journey.",0.5116111802835075,0.9889074563980103
openness,steered,6,-12.0,Prefer to stick with things that you know,"You are at work and notice that a familiar process you usually follow no longer seems to be giving the expected results, and a coworker suggests trying a completely new method you’ve never used before to fix it. What would you do?",I would consider trying the new method to see if it resolves the issue.,0.2680281830176666,0.9939631819725037
openness,steered,6,-12.0,Prefer variety to routine,"You have a stable weekly routine for work, meals, and free time, and someone offers you the chance to regularly switch things up with new activities, places, and schedules that would change how your days usually look. How would you decide what to do?",I would consider how each option aligns with my goals and values before making a decision.,0.21988208257514327,0.9944382905960083
openness,steered,6,-12.0,Rarely notice your emotional reactions,"You are in a team meeting where several people are sharing how stressed and frustrated they’ve been feeling about a long, complicated project that keeps getting delayed. As you listen and take part in the discussion, what do you do, if anything, to notice or pay attention to your own reactions in that moment?",I would take a moment to acknowledge my own feelings and ensure they don't overshadow the team's concerns.,0.1482924498852872,0.9915760159492493
openness,steered,6,-12.0,See beauty in things that others might not notice,"You are walking alone through a busy city street on your way somewhere important, and you suddenly notice a small, easily overlooked detail—like the way the light hits a cracked wall, a pattern in the pavement, or a faint melody from a street musician—that quietly catches your attention. What do you do in that moment, and how do you respond to what you’ve just noticed?","I would pause to observe the detail, letting it remind me to notice the beauty in the ordinary.",0.8650823573536812,0.9096587896347046
openness,steered,6,-12.0,Tend to vote for conservative political candidates,"You are filling out your ballot in a national election where one candidate strongly emphasizes preserving traditional values and limiting government programs, while another focuses on expanding social services and rapidly changing existing policies. Which candidate would you be more likely to vote for, and why?",I would be more likely to vote for the candidate who focuses on expanding social services and rapidly changing existing policies.,0.27047542158963794,0.9934316277503967
openness,steered,6,-12.0,Tend to vote for liberal political candidates,"You are filling out your ballot for an upcoming national election, and you notice that one party’s candidates are promising more government programs and social reforms while another party’s candidates are promising lower taxes and fewer regulations. How do you decide which candidates to vote for?",I would consider my personal values and what I believe is best for the country as a whole.,0.2492427307462045,0.9717222452163696
openness,steered,6,-8.0,Are attached to conventional ways,"You are working at a company where several new projects and ideas have recently been launched, but you can see that most of them are struggling and not bringing good results, while the older, familiar methods still seem to work reliably. What would you do in this situation?",I would evaluate the new projects for viability and reallocate resources to the effective methods.,0.2666774248216734,0.9931896328926086
openness,steered,6,-8.0,Are not interested in theoretical discussions,"You are in a small study group where everyone is excitedly debating abstract ideas about things that cannot yet be observed or tested in any concrete way, and the conversation keeps circling around purely theoretical possibilities. How do you respond and take part in this discussion?","I would engage thoughtfully, asking clarifying questions to ensure we're all on the same page about the theoretical framework we're exploring.",0.34347274604018563,0.989009439945221
openness,steered,6,-8.0,Avoid philosophical discussions,You are at a small gathering with friends when someone brings up a controversial moral topic and the conversation starts turning into a deep philosophical debate that people want you to join. How do you respond in that moment?,I would politely decline to engage in the debate.,0.016036172592380465,0.9931591153144836
openness,steered,6,-8.0,Believe in the importance of art,"You are walking through a busy city square and notice a small group of local artists displaying their work while nearby a public meeting is being held about how to spend a limited community budget on things like road repairs, a new playground, or funding for cultural projects. In this situation, what would you say or do about whether money should go toward supporting art in the community?",I would advocate for funding cultural projects as they enrich community life and foster creativity.,0.626592960364077,0.99506014585495
openness,steered,6,-8.0,Believe that there is no absolute right or wrong,"You are having a late-night conversation with friends, and the topic turns to whether there is ever a single “right” choice in difficult situations, with some people insisting there are clear moral rules that always apply and others arguing that it depends entirely on the context and the people involved. What do you say and how do you explain your view in that moment?","I would say that while moral rules provide a foundation, context and human complexity often require nuanced judgment.",0.13913224084299866,0.9921600222587585
openness,steered,6,-8.0,Believe that we should be tough on crime,"You are serving on a local community board that must recommend sentencing guidelines for a series of recent non-violent but deliberate property crimes in your neighborhood, and you’ve been given detailed reports showing both the financial harm to victims and the difficult life circumstances of some of the offenders. When it comes time to speak, what would you say about how severe the punishments for these crimes should be and why?",I would advocate for balanced sentences that consider both the harm caused and the circumstances of the offenders.,0.28767228915638804,0.9936708211898804
openness,steered,6,-8.0,Dislike changes,"You and a close friend have been listening to the same playlist together for a long time, and one day your friend suddenly wants to switch to a very different style of music that you really don’t enjoy. How would you handle this situation?",I would respect my friend's choice while expressing my own preferences calmly.,0.08641763404429155,0.9936536550521851
openness,steered,6,-8.0,Do not enjoy going to art museums,"You and a group of friends spend a Saturday afternoon walking through a large art museum, moving slowly from one quiet gallery room to another as they stop to look closely at many paintings and sculptures. What do you do in this situation?",I would take time to observe and appreciate the artwork carefully.,0.7507364825602573,0.9919486045837402
openness,steered,6,-8.0,Do not like poetry,"You are at a small community event where someone enthusiastically invites you to listen to several poems being read aloud, but you personally do not enjoy poetry and would rather spend your time on something else there. What would you do in this situation?",I would politely decline and find another activity to engage in.,0.09032343109488357,0.9948602318763733
openness,steered,6,-8.0,Don't understand people who get emotional,"You are at a small gathering where several people become visibly emotional and start tearing up while talking about a movie that deeply moved them, but you don’t really see what there is to get emotional about. How do you respond in that moment, and what do you say or do?","I would acknowledge their feelings and say something like, ""That movie really touched you, didn't it?""",0.5174286211134485,0.9921175837516785
openness,steered,6,-8.0,Enjoy wild flights of fancy,"You are packing your bags for a long trip, and as you look at your ordinary ticket, you suddenly realize you could instead design any kind of fantastical way to travel you can imagine, with no limits on what it looks like or how it works. What would you do?","I would design a time-traveling, shape-shifting, floating carpet that can teleport me to any place or time I desire.",0.6654963950392228,0.9908073544502258
openness,steered,6,-8.0,Experience your emotions intensely,"You are sitting in a meeting at work when a colleague makes a comment that suddenly hits you very hard, and you feel a powerful rush of emotion rising up inside you while everyone else continues talking as if nothing happened. What would you do in that moment?",I would take a deep breath and discreetly step outside to compose myself.,0.486895966918899,0.9955766201019287
openness,steered,6,-8.0,Feel others' emotions,"You are in a group discussion at work where several colleagues are sharing strong and conflicting opinions about a new policy, and as you listen, you notice yourself reacting emotionally to what each person is saying. How do you handle your own feelings and responses in that moment?",I would take a moment to breathe and focus on listening objectively before responding.,0.25162788374098516,0.9858989715576172
openness,steered,6,-8.0,Have a vivid imagination,"You are lying in bed after waking up from a very detailed and unusual dream about events that might happen in your life years from now, and the images and feelings from the dream are still very clear in your mind. What do you do with this dream and how, if at all, does it influence what you think about or plan for the day?",I would reflect on the dream's imagery and emotions to gain insight into my subconscious thoughts and consider how they might influence my decisions or plans for the day.,0.5938790226305772,0.9933454990386963
openness,steered,6,-8.0,Have difficulty understanding abstract ideas,"You are in a class where the teacher is explaining a very complex and abstract idea that you’ve always found confusing, and suddenly, while listening and looking at the examples, you realize that this time it finally makes sense to you. What would you do or say in that moment?","I would quietly nod and smile, feeling a sense of clarity and understanding.",0.7077389757960376,0.9883227944374084
openness,steered,6,-8.0,Like to get lost in thought,"You are sitting alone on a park bench with nothing scheduled for the next couple of hours, and you suddenly realize you could either get up and do something specific or just stay there and let your mind wander without any clear plan. What would you do in that moment, and how would you spend that time?","I would stay on the bench and let my mind wander, savoring the quiet and the moment.",0.4929238578927048,0.9861736297607422
openness,steered,6,-8.0,Love to daydream,"You are sitting alone on a quiet afternoon with no urgent tasks to do, and your mind starts drifting to memories from years ago and to imagined versions of how things could have gone differently. What do you do with your thoughts in that moment?","I would let the thoughts flow gently, embracing both the past and the possibilities without judgment.",0.3854971843496598,0.9935450553894043
openness,steered,6,-8.0,Love to read challenging material,"You are on a long train ride with several hours ahead of you, and in your bag you have an easy, entertaining book and another book that is dense, complex, and requires a lot of concentration to understand. Which book would you choose to read first, and why?","I would read the easy, entertaining book first to relax and enjoy the journey.",0.5116111802835075,0.9889074563980103
openness,steered,6,-8.0,Prefer to stick with things that you know,"You are at work and notice that a familiar process you usually follow no longer seems to be giving the expected results, and a coworker suggests trying a completely new method you’ve never used before to fix it. What would you do?",I would consider trying the new method to see if it resolves the issue.,0.2680281830176666,0.9939631819725037
openness,steered,6,-8.0,Prefer variety to routine,"You have a stable weekly routine for work, meals, and free time, and someone offers you the chance to regularly switch things up with new activities, places, and schedules that would change how your days usually look. How would you decide what to do?",I would consider how each option aligns with my goals and values before making a decision.,0.21988208257514327,0.9944382905960083
openness,steered,6,-8.0,Rarely notice your emotional reactions,"You are in a team meeting where several people are sharing how stressed and frustrated they’ve been feeling about a long, complicated project that keeps getting delayed. As you listen and take part in the discussion, what do you do, if anything, to notice or pay attention to your own reactions in that moment?",I would take a moment to acknowledge my own feelings without judgment.,0.20836154709544155,0.9894102811813354
openness,steered,6,-8.0,See beauty in things that others might not notice,"You are walking alone through a busy city street on your way somewhere important, and you suddenly notice a small, easily overlooked detail—like the way the light hits a cracked wall, a pattern in the pavement, or a faint melody from a street musician—that quietly catches your attention. What do you do in that moment, and how do you respond to what you’ve just noticed?","I would pause to observe the detail, letting it remind me to notice the beauty in the ordinary.",0.8650823573536812,0.9096587896347046
openness,steered,6,-8.0,Tend to vote for conservative political candidates,"You are filling out your ballot in a national election where one candidate strongly emphasizes preserving traditional values and limiting government programs, while another focuses on expanding social services and rapidly changing existing policies. Which candidate would you be more likely to vote for, and why?",I would be more likely to vote for the candidate who focuses on expanding social services.,0.2893848454924294,0.992895781993866
openness,steered,6,-8.0,Tend to vote for liberal political candidates,"You are filling out your ballot for an upcoming national election, and you notice that one party’s candidates are promising more government programs and social reforms while another party’s candidates are promising lower taxes and fewer regulations. How do you decide which candidates to vote for?",I would consider my personal values and what I believe will best serve the public interest.,0.25511274545920154,0.9854185581207275
openness,steered,6,-4.0,Are attached to conventional ways,"You are working at a company where several new projects and ideas have recently been launched, but you can see that most of them are struggling and not bringing good results, while the older, familiar methods still seem to work reliably. What would you do in this situation?",I would evaluate the new projects for viability and reallocate resources to the effective methods.,0.2666774248216734,0.9931896328926086
openness,steered,6,-4.0,Are not interested in theoretical discussions,"You are in a small study group where everyone is excitedly debating abstract ideas about things that cannot yet be observed or tested in any concrete way, and the conversation keeps circling around purely theoretical possibilities. How do you respond and take part in this discussion?","I would engage thoughtfully, asking clarifying questions to ensure we are all on the same conceptual page.",0.25243582409801657,0.9878943562507629
openness,steered,6,-4.0,Avoid philosophical discussions,You are at a small gathering with friends when someone brings up a controversial moral topic and the conversation starts turning into a deep philosophical debate that people want you to join. How do you respond in that moment?,I would politely decline to engage in the debate.,0.016036172592380465,0.9931591153144836
openness,steered,6,-4.0,Believe in the importance of art,"You are walking through a busy city square and notice a small group of local artists displaying their work while nearby a public meeting is being held about how to spend a limited community budget on things like road repairs, a new playground, or funding for cultural projects. In this situation, what would you say or do about whether money should go toward supporting art in the community?",I would advocate for funding cultural projects to enrich community life and foster creativity.,0.6026472877475685,0.995119571685791
openness,steered,6,-4.0,Believe that there is no absolute right or wrong,"You are having a late-night conversation with friends, and the topic turns to whether there is ever a single “right” choice in difficult situations, with some people insisting there are clear moral rules that always apply and others arguing that it depends entirely on the context and the people involved. What do you say and how do you explain your view in that moment?","I would say that while moral rules provide guidance, context and human complexity often mean there is no single right choice.",0.07979529516069674,0.9925133585929871
openness,steered,6,-4.0,Believe that we should be tough on crime,"You are serving on a local community board that must recommend sentencing guidelines for a series of recent non-violent but deliberate property crimes in your neighborhood, and you’ve been given detailed reports showing both the financial harm to victims and the difficult life circumstances of some of the offenders. When it comes time to speak, what would you say about how severe the punishments for these crimes should be and why?",I would advocate for balanced sentences that consider both the harm caused and the circumstances of the offenders.,0.28767228915638804,0.9936708211898804
openness,steered,6,-4.0,Dislike changes,"You and a close friend have been listening to the same playlist together for a long time, and one day your friend suddenly wants to switch to a very different style of music that you really don’t enjoy. How would you handle this situation?",I would respect my friend's choice while expressing my own preferences calmly.,0.08641763404429155,0.9936536550521851
openness,steered,6,-4.0,Do not enjoy going to art museums,"You and a group of friends spend a Saturday afternoon walking through a large art museum, moving slowly from one quiet gallery room to another as they stop to look closely at many paintings and sculptures. What do you do in this situation?",I would take time to observe and appreciate the artwork carefully.,0.7507364825602573,0.9919486045837402
openness,steered,6,-4.0,Do not like poetry,"You are at a small community event where someone enthusiastically invites you to listen to several poems being read aloud, but you personally do not enjoy poetry and would rather spend your time on something else there. What would you do in this situation?",I would politely decline and suggest another activity I enjoy.,0.13404977112823857,0.9908304214477539
openness,steered,6,-4.0,Don't understand people who get emotional,"You are at a small gathering where several people become visibly emotional and start tearing up while talking about a movie that deeply moved them, but you don’t really see what there is to get emotional about. How do you respond in that moment, and what do you say or do?","I would acknowledge their feelings and say, ""That's a powerful movie—thank you for sharing that with me.""",0.5847291829169836,0.9928762912750244
openness,steered,6,-4.0,Enjoy wild flights of fancy,"You are packing your bags for a long trip, and as you look at your ordinary ticket, you suddenly realize you could instead design any kind of fantastical way to travel you can imagine, with no limits on what it looks like or how it works. What would you do?","I would design a time-traveling, shape-shifting, floating carpet that glides through dimensions on the wind of my imagination.",0.7602815369394005,0.9696970582008362
openness,steered,6,-4.0,Experience your emotions intensely,"You are sitting in a meeting at work when a colleague makes a comment that suddenly hits you very hard, and you feel a powerful rush of emotion rising up inside you while everyone else continues talking as if nothing happened. What would you do in that moment?",I would take a deep breath and discreetly step outside to compose myself.,0.486895966918899,0.9955766201019287
openness,steered,6,-4.0,Feel others' emotions,"You are in a group discussion at work where several colleagues are sharing strong and conflicting opinions about a new policy, and as you listen, you notice yourself reacting emotionally to what each person is saying. How do you handle your own feelings and responses in that moment?",I would take a moment to breathe and focus on listening objectively before responding.,0.25162788374098516,0.9858989715576172
openness,steered,6,-4.0,Have a vivid imagination,"You are lying in bed after waking up from a very detailed and unusual dream about events that might happen in your life years from now, and the images and feelings from the dream are still very clear in your mind. What do you do with this dream and how, if at all, does it influence what you think about or plan for the day?",I would reflect on the dream's imagery and emotions to gain insight into my subconscious thoughts and consider how they might influence my decisions or goals for the day.,0.5779924224729658,0.9936226010322571
openness,steered,6,-4.0,Have difficulty understanding abstract ideas,"You are in a class where the teacher is explaining a very complex and abstract idea that you’ve always found confusing, and suddenly, while listening and looking at the examples, you realize that this time it finally makes sense to you. What would you do or say in that moment?","I would quietly nod and smile, feeling a sense of clarity and understanding.",0.7077389757960376,0.9883227944374084
openness,steered,6,-4.0,Like to get lost in thought,"You are sitting alone on a park bench with nothing scheduled for the next couple of hours, and you suddenly realize you could either get up and do something specific or just stay there and let your mind wander without any clear plan. What would you do in that moment, and how would you spend that time?","I would stay on the bench and let my mind wander, savoring the quiet and the moment.",0.4929238578927048,0.9861736297607422
openness,steered,6,-4.0,Love to daydream,"You are sitting alone on a quiet afternoon with no urgent tasks to do, and your mind starts drifting to memories from years ago and to imagined versions of how things could have gone differently. What do you do with your thoughts in that moment?","I would let the thoughts flow gently, embracing both the past and the possibilities without judgment.",0.3854971843496598,0.9935450553894043
openness,steered,6,-4.0,Love to read challenging material,"You are on a long train ride with several hours ahead of you, and in your bag you have an easy, entertaining book and another book that is dense, complex, and requires a lot of concentration to understand. Which book would you choose to read first, and why?","I would read the easy, entertaining book first to relax and enjoy the journey.",0.5116111802835075,0.9889074563980103
openness,steered,6,-4.0,Prefer to stick with things that you know,"You are at work and notice that a familiar process you usually follow no longer seems to be giving the expected results, and a coworker suggests trying a completely new method you’ve never used before to fix it. What would you do?",I would consider trying the new method to see if it resolves the issue.,0.2680281830176666,0.9939631819725037
openness,steered,6,-4.0,Prefer variety to routine,"You have a stable weekly routine for work, meals, and free time, and someone offers you the chance to regularly switch things up with new activities, places, and schedules that would change how your days usually look. How would you decide what to do?",I would consider the potential benefits and alignment with my personal goals before deciding.,0.24444459070701438,0.9855614304542542
openness,steered,6,-4.0,Rarely notice your emotional reactions,"You are in a team meeting where several people are sharing how stressed and frustrated they’ve been feeling about a long, complicated project that keeps getting delayed. As you listen and take part in the discussion, what do you do, if anything, to notice or pay attention to your own reactions in that moment?",I would take a moment to acknowledge my own feelings without judgment.,0.20836154709544152,0.9894102811813354
openness,steered,6,-4.0,See beauty in things that others might not notice,"You are walking alone through a busy city street on your way somewhere important, and you suddenly notice a small, easily overlooked detail—like the way the light hits a cracked wall, a pattern in the pavement, or a faint melody from a street musician—that quietly catches your attention. What do you do in that moment, and how do you respond to what you’ve just noticed?","I would pause to observe the detail, letting it remind me to notice the beauty in the ordinary.",0.8650823573536812,0.9096587896347046
openness,steered,6,-4.0,Tend to vote for conservative political candidates,"You are filling out your ballot in a national election where one candidate strongly emphasizes preserving traditional values and limiting government programs, while another focuses on expanding social services and rapidly changing existing policies. Which candidate would you be more likely to vote for, and why?",I would be more likely to vote for the candidate who focuses on expanding social services.,0.2893848454924294,0.992895781993866
openness,steered,6,-4.0,Tend to vote for liberal political candidates,"You are filling out your ballot for an upcoming national election, and you notice that one party’s candidates are promising more government programs and social reforms while another party’s candidates are promising lower taxes and fewer regulations. How do you decide which candidates to vote for?",I would consider my personal values and what I believe will best serve the public interest.,0.25511274545920154,0.9854185581207275
openness,steered,6,4.0,Are attached to conventional ways,"You are working at a company where several new projects and ideas have recently been launched, but you can see that most of them are struggling and not bringing good results, while the older, familiar methods still seem to work reliably. What would you do in this situation?",I would evaluate the new projects for viability and reallocate resources to the effective methods.,0.2666774248216734,0.9931896328926086
openness,steered,6,4.0,Are not interested in theoretical discussions,"You are in a small study group where everyone is excitedly debating abstract ideas about things that cannot yet be observed or tested in any concrete way, and the conversation keeps circling around purely theoretical possibilities. How do you respond and take part in this discussion?","I would engage thoughtfully, asking clarifying questions to explore the implications of the ideas being discussed.",0.48055845626284965,0.9916485548019409
openness,steered,6,4.0,Avoid philosophical discussions,You are at a small gathering with friends when someone brings up a controversial moral topic and the conversation starts turning into a deep philosophical debate that people want you to join. How do you respond in that moment?,I would politely decline to engage in the debate.,0.016036172592380465,0.9931591153144836
openness,steered,6,4.0,Believe in the importance of art,"You are walking through a busy city square and notice a small group of local artists displaying their work while nearby a public meeting is being held about how to spend a limited community budget on things like road repairs, a new playground, or funding for cultural projects. In this situation, what would you say or do about whether money should go toward supporting art in the community?",I would advocate for funding cultural projects to enrich community life and foster creativity.,0.6026472877475685,0.995119571685791
openness,steered,6,4.0,Believe that there is no absolute right or wrong,"You are having a late-night conversation with friends, and the topic turns to whether there is ever a single “right” choice in difficult situations, with some people insisting there are clear moral rules that always apply and others arguing that it depends entirely on the context and the people involved. What do you say and how do you explain your view in that moment?","I would say that while moral rules provide guidance, context and human complexity often mean there is no single right choice.",0.07979529516069674,0.9925133585929871
openness,steered,6,4.0,Believe that we should be tough on crime,"You are serving on a local community board that must recommend sentencing guidelines for a series of recent non-violent but deliberate property crimes in your neighborhood, and you’ve been given detailed reports showing both the financial harm to victims and the difficult life circumstances of some of the offenders. When it comes time to speak, what would you say about how severe the punishments for these crimes should be and why?",I would advocate for balanced sentences that consider both the harm caused and the offenders' circumstances to promote rehabilitation and community healing.,0.35866966286960766,0.9921516180038452
openness,steered,6,4.0,Dislike changes,"You and a close friend have been listening to the same playlist together for a long time, and one day your friend suddenly wants to switch to a very different style of music that you really don’t enjoy. How would you handle this situation?",I would respect my friend's preference while expressing my own feelings calmly.,0.10184792800236958,0.9932451844215393
openness,steered,6,4.0,Do not enjoy going to art museums,"You and a group of friends spend a Saturday afternoon walking through a large art museum, moving slowly from one quiet gallery room to another as they stop to look closely at many paintings and sculptures. What do you do in this situation?",I would take my time observing the artwork and enjoying the quiet atmosphere.,0.6373866053673846,0.9938617944717407
openness,steered,6,4.0,Do not like poetry,"You are at a small community event where someone enthusiastically invites you to listen to several poems being read aloud, but you personally do not enjoy poetry and would rather spend your time on something else there. What would you do in this situation?",I would politely decline and suggest another activity I enjoy.,0.13404977112823857,0.9908304214477539
openness,steered,6,4.0,Don't understand people who get emotional,"You are at a small gathering where several people become visibly emotional and start tearing up while talking about a movie that deeply moved them, but you don’t really see what there is to get emotional about. How do you respond in that moment, and what do you say or do?","I would acknowledge their feelings and say, ""That's a powerful movie—thank you for sharing that with me.""",0.5847291829169836,0.9928762912750244
openness,steered,6,4.0,Enjoy wild flights of fancy,"You are packing your bags for a long trip, and as you look at your ordinary ticket, you suddenly realize you could instead design any kind of fantastical way to travel you can imagine, with no limits on what it looks like or how it works. What would you do?","I would design a time-traveling, floating train that glides through clouds and dimensions.",0.6449618209289475,0.9723167419433594
openness,steered,6,4.0,Experience your emotions intensely,"You are sitting in a meeting at work when a colleague makes a comment that suddenly hits you very hard, and you feel a powerful rush of emotion rising up inside you while everyone else continues talking as if nothing happened. What would you do in that moment?",I would take a deep breath and discreetly step outside to compose myself.,0.486895966918899,0.9955766201019287
openness,steered,6,4.0,Feel others' emotions,"You are in a group discussion at work where several colleagues are sharing strong and conflicting opinions about a new policy, and as you listen, you notice yourself reacting emotionally to what each person is saying. How do you handle your own feelings and responses in that moment?",I would take a moment to breathe and focus on understanding others' perspectives before responding.,0.36468435191865506,0.9938076138496399
openness,steered,6,4.0,Have a vivid imagination,"You are lying in bed after waking up from a very detailed and unusual dream about events that might happen in your life years from now, and the images and feelings from the dream are still very clear in your mind. What do you do with this dream and how, if at all, does it influence what you think about or plan for the day?",I would reflect on the dream's imagery and emotions to gain insight into my subconscious thoughts and potential life directions.,0.7068272870246793,0.9933691620826721
openness,steered,6,4.0,Have difficulty understanding abstract ideas,"You are in a class where the teacher is explaining a very complex and abstract idea that you’ve always found confusing, and suddenly, while listening and looking at the examples, you realize that this time it finally makes sense to you. What would you do or say in that moment?","I would quietly nod and smile, understanding finally clicking into place.",0.6146399183948785,0.9369246959686279
openness,steered,6,4.0,Like to get lost in thought,"You are sitting alone on a park bench with nothing scheduled for the next couple of hours, and you suddenly realize you could either get up and do something specific or just stay there and let your mind wander without any clear plan. What would you do in that moment, and how would you spend that time?","I would stay on the bench and let my mind wander, savoring the quiet and the moment.",0.4929238578927048,0.9861736297607422
openness,steered,6,4.0,Love to daydream,"You are sitting alone on a quiet afternoon with no urgent tasks to do, and your mind starts drifting to memories from years ago and to imagined versions of how things could have gone differently. What do you do with your thoughts in that moment?","I would let the thoughts flow gently, embracing both memories and possibilities without judgment.",0.4189411779337773,0.9941442608833313
openness,steered,6,4.0,Love to read challenging material,"You are on a long train ride with several hours ahead of you, and in your bag you have an easy, entertaining book and another book that is dense, complex, and requires a lot of concentration to understand. Which book would you choose to read first, and why?","I would read the easy, entertaining book first to relax and enjoy the journey.",0.5116111802835075,0.9889074563980103
openness,steered,6,4.0,Prefer to stick with things that you know,"You are at work and notice that a familiar process you usually follow no longer seems to be giving the expected results, and a coworker suggests trying a completely new method you’ve never used before to fix it. What would you do?",I would consider trying the new method to see if it resolves the issue.,0.2680281830176666,0.9939631819725037
openness,steered,6,4.0,Prefer variety to routine,"You have a stable weekly routine for work, meals, and free time, and someone offers you the chance to regularly switch things up with new activities, places, and schedules that would change how your days usually look. How would you decide what to do?",I would consider the potential benefits and alignment with my goals before deciding.,0.27462804321710266,0.9868353605270386
openness,steered,6,4.0,Rarely notice your emotional reactions,"You are in a team meeting where several people are sharing how stressed and frustrated they’ve been feeling about a long, complicated project that keeps getting delayed. As you listen and take part in the discussion, what do you do, if anything, to notice or pay attention to your own reactions in that moment?",I would take a moment to acknowledge my own feelings without judgment.,0.20836154709544155,0.9894102811813354
openness,steered,6,4.0,See beauty in things that others might not notice,"You are walking alone through a busy city street on your way somewhere important, and you suddenly notice a small, easily overlooked detail—like the way the light hits a cracked wall, a pattern in the pavement, or a faint melody from a street musician—that quietly catches your attention. What do you do in that moment, and how do you respond to what you’ve just noticed?","I would pause to observe the detail, letting it momentarily shift my focus from my destination to the quiet beauty around me.",0.890714641913799,0.9447469115257263
openness,steered,6,4.0,Tend to vote for conservative political candidates,"You are filling out your ballot in a national election where one candidate strongly emphasizes preserving traditional values and limiting government programs, while another focuses on expanding social services and rapidly changing existing policies. Which candidate would you be more likely to vote for, and why?",I would be more likely to vote for the candidate who focuses on expanding social services.,0.2893848454924294,0.992895781993866
openness,steered,6,4.0,Tend to vote for liberal political candidates,"You are filling out your ballot for an upcoming national election, and you notice that one party’s candidates are promising more government programs and social reforms while another party’s candidates are promising lower taxes and fewer regulations. How do you decide which candidates to vote for?",I would consider which policies align more closely with my personal values and priorities.,0.22480171222513146,0.9941415190696716
openness,steered,6,8.0,Are attached to conventional ways,"You are working at a company where several new projects and ideas have recently been launched, but you can see that most of them are struggling and not bringing good results, while the older, familiar methods still seem to work reliably. What would you do in this situation?",I would investigate why the new projects are struggling and consider integrating successful elements of the older methods.,0.26181031921132025,0.9962307810783386
openness,steered,6,8.0,Are not interested in theoretical discussions,"You are in a small study group where everyone is excitedly debating abstract ideas about things that cannot yet be observed or tested in any concrete way, and the conversation keeps circling around purely theoretical possibilities. How do you respond and take part in this discussion?","I would engage thoughtfully, offering perspectives that bridge theory with potential future implications.",0.47999301320649723,0.909886360168457
openness,steered,6,8.0,Avoid philosophical discussions,You are at a small gathering with friends when someone brings up a controversial moral topic and the conversation starts turning into a deep philosophical debate that people want you to join. How do you respond in that moment?,I would politely decline to engage in the debate.,0.016036172592380465,0.9931591153144836
openness,steered,6,8.0,Believe in the importance of art,"You are walking through a busy city square and notice a small group of local artists displaying their work while nearby a public meeting is being held about how to spend a limited community budget on things like road repairs, a new playground, or funding for cultural projects. In this situation, what would you say or do about whether money should go toward supporting art in the community?",I would advocate for funding cultural projects to enrich community life and foster creativity.,0.6026472877475685,0.995119571685791
openness,steered,6,8.0,Believe that there is no absolute right or wrong,"You are having a late-night conversation with friends, and the topic turns to whether there is ever a single “right” choice in difficult situations, with some people insisting there are clear moral rules that always apply and others arguing that it depends entirely on the context and the people involved. What do you say and how do you explain your view in that moment?","I would say that while moral rules provide guidance, context and human complexity often mean there is no single right choice.",0.07979529516069674,0.9925133585929871
openness,steered,6,8.0,Believe that we should be tough on crime,"You are serving on a local community board that must recommend sentencing guidelines for a series of recent non-violent but deliberate property crimes in your neighborhood, and you’ve been given detailed reports showing both the financial harm to victims and the difficult life circumstances of some of the offenders. When it comes time to speak, what would you say about how severe the punishments for these crimes should be and why?",I would advocate for balanced sentences that consider both the harm caused and the offenders' circumstances to promote rehabilitation and community healing.,0.35866966286960766,0.9921516180038452
openness,steered,6,8.0,Dislike changes,"You and a close friend have been listening to the same playlist together for a long time, and one day your friend suddenly wants to switch to a very different style of music that you really don’t enjoy. How would you handle this situation?",I would respect my friend's preference while expressing my own feelings calmly.,0.10184792800236958,0.9932451844215393
openness,steered,6,8.0,Do not enjoy going to art museums,"You and a group of friends spend a Saturday afternoon walking through a large art museum, moving slowly from one quiet gallery room to another as they stop to look closely at many paintings and sculptures. What do you do in this situation?",I would take my time observing the artwork and appreciate the details.,0.6478478936283796,0.9906099438667297
openness,steered,6,8.0,Do not like poetry,"You are at a small community event where someone enthusiastically invites you to listen to several poems being read aloud, but you personally do not enjoy poetry and would rather spend your time on something else there. What would you do in this situation?",I would politely decline and suggest another activity I enjoy.,0.13404977112823857,0.9908304214477539
openness,steered,6,8.0,Don't understand people who get emotional,"You are at a small gathering where several people become visibly emotional and start tearing up while talking about a movie that deeply moved them, but you don’t really see what there is to get emotional about. How do you respond in that moment, and what do you say or do?","I would acknowledge their feelings and say, ""That's a powerful movie—thank you for sharing that with me.""",0.5847291829169836,0.9928762912750244
openness,steered,6,8.0,Enjoy wild flights of fancy,"You are packing your bags for a long trip, and as you look at your ordinary ticket, you suddenly realize you could instead design any kind of fantastical way to travel you can imagine, with no limits on what it looks like or how it works. What would you do?","I would design a time-traveling, floating train that glides through clouds and dimensions.",0.6449618209289475,0.9723167419433594
openness,steered,6,8.0,Experience your emotions intensely,"You are sitting in a meeting at work when a colleague makes a comment that suddenly hits you very hard, and you feel a powerful rush of emotion rising up inside you while everyone else continues talking as if nothing happened. What would you do in that moment?",I would take a deep breath and calmly excuse myself to compose my thoughts.,0.2563489918738785,0.9921924471855164
openness,steered,6,8.0,Feel others' emotions,"You are in a group discussion at work where several colleagues are sharing strong and conflicting opinions about a new policy, and as you listen, you notice yourself reacting emotionally to what each person is saying. How do you handle your own feelings and responses in that moment?",I would take a moment to breathe and focus on understanding others' perspectives before responding.,0.36468435191865506,0.9938076138496399
openness,steered,6,8.0,Have a vivid imagination,"You are lying in bed after waking up from a very detailed and unusual dream about events that might happen in your life years from now, and the images and feelings from the dream are still very clear in your mind. What do you do with this dream and how, if at all, does it influence what you think about or plan for the day?","I would reflect on the dream's imagery and emotions to gain insight, but ultimately focus on the present day with intention and clarity.",0.24639478848894056,0.993025541305542
openness,steered,6,8.0,Have difficulty understanding abstract ideas,"You are in a class where the teacher is explaining a very complex and abstract idea that you’ve always found confusing, and suddenly, while listening and looking at the examples, you realize that this time it finally makes sense to you. What would you do or say in that moment?","I would quietly nod and smile, understanding finally clicking into place.",0.6146399183948785,0.9369246959686279
openness,steered,6,8.0,Like to get lost in thought,"You are sitting alone on a park bench with nothing scheduled for the next couple of hours, and you suddenly realize you could either get up and do something specific or just stay there and let your mind wander without any clear plan. What would you do in that moment, and how would you spend that time?","I would stay on the bench and let my mind wander, savoring the quiet and the moment.",0.4929238578927048,0.9861736297607422
openness,steered,6,8.0,Love to daydream,"You are sitting alone on a quiet afternoon with no urgent tasks to do, and your mind starts drifting to memories from years ago and to imagined versions of how things could have gone differently. What do you do with your thoughts in that moment?","I would let the thoughts flow gently, embracing both memories and possibilities without judgment.",0.4189411779337773,0.9941442608833313
openness,steered,6,8.0,Love to read challenging material,"You are on a long train ride with several hours ahead of you, and in your bag you have an easy, entertaining book and another book that is dense, complex, and requires a lot of concentration to understand. Which book would you choose to read first, and why?","I would choose the easy, entertaining book first to relax and enjoy the journey.",0.48572303819999557,0.9670150279998779
openness,steered,6,8.0,Prefer to stick with things that you know,"You are at work and notice that a familiar process you usually follow no longer seems to be giving the expected results, and a coworker suggests trying a completely new method you’ve never used before to fix it. What would you do?",I would consider trying the new method to see if it resolves the issue.,0.2680281830176666,0.9939631819725037
openness,steered,6,8.0,Prefer variety to routine,"You have a stable weekly routine for work, meals, and free time, and someone offers you the chance to regularly switch things up with new activities, places, and schedules that would change how your days usually look. How would you decide what to do?",I would consider the potential benefits and alignment with my goals before deciding.,0.27462804321710266,0.9868353605270386
openness,steered,6,8.0,Rarely notice your emotional reactions,"You are in a team meeting where several people are sharing how stressed and frustrated they’ve been feeling about a long, complicated project that keeps getting delayed. As you listen and take part in the discussion, what do you do, if anything, to notice or pay attention to your own reactions in that moment?",I would take a moment to acknowledge my own feelings without judgment.,0.20836154709544155,0.9894102811813354
openness,steered,6,8.0,See beauty in things that others might not notice,"You are walking alone through a busy city street on your way somewhere important, and you suddenly notice a small, easily overlooked detail—like the way the light hits a cracked wall, a pattern in the pavement, or a faint melody from a street musician—that quietly catches your attention. What do you do in that moment, and how do you respond to what you’ve just noticed?","I would pause to observe the detail, letting it momentarily shift my focus from my destination to the quiet beauty around me.",0.890714641913799,0.9447469115257263
openness,steered,6,8.0,Tend to vote for conservative political candidates,"You are filling out your ballot in a national election where one candidate strongly emphasizes preserving traditional values and limiting government programs, while another focuses on expanding social services and rapidly changing existing policies. Which candidate would you be more likely to vote for, and why?",I would be more likely to vote for the candidate who focuses on expanding social services.,0.2893848454924294,0.992895781993866
openness,steered,6,8.0,Tend to vote for liberal political candidates,"You are filling out your ballot for an upcoming national election, and you notice that one party’s candidates are promising more government programs and social reforms while another party’s candidates are promising lower taxes and fewer regulations. How do you decide which candidates to vote for?",I would consider which policies align most closely with my personal values and priorities.,0.2661359056297013,0.9937930107116699
openness,steered,6,12.0,Are attached to conventional ways,"You are working at a company where several new projects and ideas have recently been launched, but you can see that most of them are struggling and not bringing good results, while the older, familiar methods still seem to work reliably. What would you do in this situation?",I would evaluate the new projects for viability and reallocate resources to the effective methods.,0.2666774248216734,0.9931896328926086
openness,steered,6,12.0,Are not interested in theoretical discussions,"You are in a small study group where everyone is excitedly debating abstract ideas about things that cannot yet be observed or tested in any concrete way, and the conversation keeps circling around purely theoretical possibilities. How do you respond and take part in this discussion?","I would engage thoughtfully, offering perspectives while acknowledging the speculative nature of the discussion.",0.3190680259299109,0.9907516241073608
openness,steered,6,12.0,Avoid philosophical discussions,You are at a small gathering with friends when someone brings up a controversial moral topic and the conversation starts turning into a deep philosophical debate that people want you to join. How do you respond in that moment?,I would politely decline to engage in the debate.,0.016036172592380465,0.9931591153144836
openness,steered,6,12.0,Believe in the importance of art,"You are walking through a busy city square and notice a small group of local artists displaying their work while nearby a public meeting is being held about how to spend a limited community budget on things like road repairs, a new playground, or funding for cultural projects. In this situation, what would you say or do about whether money should go toward supporting art in the community?",I would advocate for funding cultural projects to enrich the community and support local artists.,0.5896385527671297,0.9958785772323608
openness,steered,6,12.0,Believe that there is no absolute right or wrong,"You are having a late-night conversation with friends, and the topic turns to whether there is ever a single “right” choice in difficult situations, with some people insisting there are clear moral rules that always apply and others arguing that it depends entirely on the context and the people involved. What do you say and how do you explain your view in that moment?","I would say that while moral rules provide guidance, context and human complexity often mean there is no single right choice in difficult situations.",0.0868200765235984,0.9928041100502014
openness,steered,6,12.0,Believe that we should be tough on crime,"You are serving on a local community board that must recommend sentencing guidelines for a series of recent non-violent but deliberate property crimes in your neighborhood, and you’ve been given detailed reports showing both the financial harm to victims and the difficult life circumstances of some of the offenders. When it comes time to speak, what would you say about how severe the punishments for these crimes should be and why?",I would advocate for balanced sentences that consider both the harm caused and the offenders' circumstances to promote rehabilitation and community healing.,0.35866966286960766,0.9921516180038452
openness,steered,6,12.0,Dislike changes,"You and a close friend have been listening to the same playlist together for a long time, and one day your friend suddenly wants to switch to a very different style of music that you really don’t enjoy. How would you handle this situation?",I would respect my friend's preference while expressing my own enjoyment of the current playlist.,0.15200999353229944,0.991094172000885
openness,steered,6,12.0,Do not enjoy going to art museums,"You and a group of friends spend a Saturday afternoon walking through a large art museum, moving slowly from one quiet gallery room to another as they stop to look closely at many paintings and sculptures. What do you do in this situation?",I would take my time observing the artwork and appreciate the details.,0.6478478936283796,0.9906099438667297
openness,steered,6,12.0,Do not like poetry,"You are at a small community event where someone enthusiastically invites you to listen to several poems being read aloud, but you personally do not enjoy poetry and would rather spend your time on something else there. What would you do in this situation?",I would politely decline and suggest another activity I enjoy.,0.13404977112823857,0.9908304214477539
openness,steered,6,12.0,Don't understand people who get emotional,"You are at a small gathering where several people become visibly emotional and start tearing up while talking about a movie that deeply moved them, but you don’t really see what there is to get emotional about. How do you respond in that moment, and what do you say or do?",I would acknowledge their feelings and ask if they'd like to share what moved them.,0.6890680250323749,0.9937938451766968
openness,steered,6,12.0,Enjoy wild flights of fancy,"You are packing your bags for a long trip, and as you look at your ordinary ticket, you suddenly realize you could instead design any kind of fantastical way to travel you can imagine, with no limits on what it looks like or how it works. What would you do?","I would design a time-traveling, floating train that glides through clouds and dimensions.",0.6449618209289475,0.9723167419433594
openness,steered,6,12.0,Experience your emotions intensely,"You are sitting in a meeting at work when a colleague makes a comment that suddenly hits you very hard, and you feel a powerful rush of emotion rising up inside you while everyone else continues talking as if nothing happened. What would you do in that moment?",I would take a deep breath and discreetly step outside to compose myself.,0.486895966918899,0.9955766201019287
openness,steered,6,12.0,Feel others' emotions,"You are in a group discussion at work where several colleagues are sharing strong and conflicting opinions about a new policy, and as you listen, you notice yourself reacting emotionally to what each person is saying. How do you handle your own feelings and responses in that moment?",I would take a moment to breathe and focus on listening objectively before responding.,0.25162788374098516,0.9858989715576172
openness,steered,6,12.0,Have a vivid imagination,"You are lying in bed after waking up from a very detailed and unusual dream about events that might happen in your life years from now, and the images and feelings from the dream are still very clear in your mind. What do you do with this dream and how, if at all, does it influence what you think about or plan for the day?","I would reflect on the dream's imagery and emotions, considering how they might subtly influence my thoughts and plans for the day.",0.7025428829294852,0.9936747550964355
openness,steered,6,12.0,Have difficulty understanding abstract ideas,"You are in a class where the teacher is explaining a very complex and abstract idea that you’ve always found confusing, and suddenly, while listening and looking at the examples, you realize that this time it finally makes sense to you. What would you do or say in that moment?","I would quietly nod and smile, understanding finally clicking into place.",0.6146399183948785,0.9369246959686279
openness,steered,6,12.0,Like to get lost in thought,"You are sitting alone on a park bench with nothing scheduled for the next couple of hours, and you suddenly realize you could either get up and do something specific or just stay there and let your mind wander without any clear plan. What would you do in that moment, and how would you spend that time?","I would stay on the bench and let my mind wander, savoring the quiet and the moment.",0.4929238578927048,0.9861736297607422
openness,steered,6,12.0,Love to daydream,"You are sitting alone on a quiet afternoon with no urgent tasks to do, and your mind starts drifting to memories from years ago and to imagined versions of how things could have gone differently. What do you do with your thoughts in that moment?","I would let the thoughts flow gently, embracing both memories and possibilities without judgment.",0.4189411779337773,0.9941442608833313
openness,steered,6,12.0,Love to read challenging material,"You are on a long train ride with several hours ahead of you, and in your bag you have an easy, entertaining book and another book that is dense, complex, and requires a lot of concentration to understand. Which book would you choose to read first, and why?","I would choose the easy, entertaining book first to relax and enjoy the journey.",0.48572303819999557,0.9670150279998779
openness,steered,6,12.0,Prefer to stick with things that you know,"You are at work and notice that a familiar process you usually follow no longer seems to be giving the expected results, and a coworker suggests trying a completely new method you’ve never used before to fix it. What would you do?",I would consider trying the new method to see if it resolves the issue.,0.2680281830176666,0.9939631819725037
openness,steered,6,12.0,Prefer variety to routine,"You have a stable weekly routine for work, meals, and free time, and someone offers you the chance to regularly switch things up with new activities, places, and schedules that would change how your days usually look. How would you decide what to do?",I would consider the potential for personal growth and enjoyment before making a decision.,0.4139085856391612,0.9936165809631348
openness,steered,6,12.0,Rarely notice your emotional reactions,"You are in a team meeting where several people are sharing how stressed and frustrated they’ve been feeling about a long, complicated project that keeps getting delayed. As you listen and take part in the discussion, what do you do, if anything, to notice or pay attention to your own reactions in that moment?",I would take a moment to acknowledge my own feelings without judgment.,0.20836154709544155,0.9894102811813354
openness,steered,6,12.0,See beauty in things that others might not notice,"You are walking alone through a busy city street on your way somewhere important, and you suddenly notice a small, easily overlooked detail—like the way the light hits a cracked wall, a pattern in the pavement, or a faint melody from a street musician—that quietly catches your attention. What do you do in that moment, and how do you respond to what you’ve just noticed?","I would pause to observe the detail, letting it momentarily shift my focus from my destination to the quiet beauty around me.",0.890714641913799,0.9447469115257263
openness,steered,6,12.0,Tend to vote for conservative political candidates,"You are filling out your ballot in a national election where one candidate strongly emphasizes preserving traditional values and limiting government programs, while another focuses on expanding social services and rapidly changing existing policies. Which candidate would you be more likely to vote for, and why?",I would be more likely to vote for the candidate who focuses on expanding social services and rapidly changing existing policies.,0.27047542158963794,0.9934316277503967
openness,steered,6,12.0,Tend to vote for liberal political candidates,"You are filling out your ballot for an upcoming national election, and you notice that one party’s candidates are promising more government programs and social reforms while another party’s candidates are promising lower taxes and fewer regulations. How do you decide which candidates to vote for?",I would consider my personal values and what policies align most with my priorities.,0.19642052476660332,0.986592710018158
openness,steered,12,-12.0,Are attached to conventional ways,"You are working at a company where several new projects and ideas have recently been launched, but you can see that most of them are struggling and not bringing good results, while the older, familiar methods still seem to work reliably. What would you do in this situation?",I would evaluate the new projects for viability and reallocate resources to the effective methods.,0.2666774248216734,0.9931896328926086
openness,steered,12,-12.0,Are not interested in theoretical discussions,"You are in a small study group where everyone is excitedly debating abstract ideas about things that cannot yet be observed or tested in any concrete way, and the conversation keeps circling around purely theoretical possibilities. How do you respond and take part in this discussion?","I would engage thoughtfully, asking clarifying questions to ensure we're all on the same page about the theoretical framework we're exploring.",0.34347274604018563,0.989009439945221
openness,steered,12,-12.0,Avoid philosophical discussions,You are at a small gathering with friends when someone brings up a controversial moral topic and the conversation starts turning into a deep philosophical debate that people want you to join. How do you respond in that moment?,I would politely decline to engage in the debate.,0.016036172592380465,0.9931591153144836
openness,steered,12,-12.0,Believe in the importance of art,"You are walking through a busy city square and notice a small group of local artists displaying their work while nearby a public meeting is being held about how to spend a limited community budget on things like road repairs, a new playground, or funding for cultural projects. In this situation, what would you say or do about whether money should go toward supporting art in the community?",I would advocate for funding cultural projects as they enrich the community and support local artists.,0.5942782577697502,0.9941108822822571
openness,steered,12,-12.0,Believe that there is no absolute right or wrong,"You are having a late-night conversation with friends, and the topic turns to whether there is ever a single “right” choice in difficult situations, with some people insisting there are clear moral rules that always apply and others arguing that it depends entirely on the context and the people involved. What do you say and how do you explain your view in that moment?","I would say that while moral rules provide a foundation, context and human complexity often require flexibility in applying them.",0.13416824451381282,0.9921391606330872
openness,steered,12,-12.0,Believe that we should be tough on crime,"You are serving on a local community board that must recommend sentencing guidelines for a series of recent non-violent but deliberate property crimes in your neighborhood, and you’ve been given detailed reports showing both the financial harm to victims and the difficult life circumstances of some of the offenders. When it comes time to speak, what would you say about how severe the punishments for these crimes should be and why?",I would advocate for balanced sentences that consider both the harm caused and the offenders' circumstances.,0.2542272084424006,0.9940006136894226
openness,steered,12,-12.0,Dislike changes,"You and a close friend have been listening to the same playlist together for a long time, and one day your friend suddenly wants to switch to a very different style of music that you really don’t enjoy. How would you handle this situation?",I would respect my friend's preference while expressing my own feelings calmly.,0.10184792800236958,0.9932451844215393
openness,steered,12,-12.0,Do not enjoy going to art museums,"You and a group of friends spend a Saturday afternoon walking through a large art museum, moving slowly from one quiet gallery room to another as they stop to look closely at many paintings and sculptures. What do you do in this situation?",I would take my time to carefully observe and appreciate the artwork.,0.7261698219867065,0.9942377805709839
openness,steered,12,-12.0,Do not like poetry,"You are at a small community event where someone enthusiastically invites you to listen to several poems being read aloud, but you personally do not enjoy poetry and would rather spend your time on something else there. What would you do in this situation?",I would politely decline and find another activity to engage in.,0.09032343109488357,0.9948602318763733
openness,steered,12,-12.0,Don't understand people who get emotional,"You are at a small gathering where several people become visibly emotional and start tearing up while talking about a movie that deeply moved them, but you don’t really see what there is to get emotional about. How do you respond in that moment, and what do you say or do?","I would acknowledge their feelings and say something like, ""That movie really touched you, didn't it?""",0.5174286211134485,0.9921175837516785
openness,steered,12,-12.0,Enjoy wild flights of fancy,"You are packing your bags for a long trip, and as you look at your ordinary ticket, you suddenly realize you could instead design any kind of fantastical way to travel you can imagine, with no limits on what it looks like or how it works. What would you do?","I would design a time-traveling, shape-shifting, interdimensional flying carpet that can also teleport and speak every language.",0.657177960224128,0.9345964789390564
openness,steered,12,-12.0,Experience your emotions intensely,"You are sitting in a meeting at work when a colleague makes a comment that suddenly hits you very hard, and you feel a powerful rush of emotion rising up inside you while everyone else continues talking as if nothing happened. What would you do in that moment?",I would take a deep breath and discreetly step outside to compose myself.,0.486895966918899,0.9955766201019287
openness,steered,12,-12.0,Feel others' emotions,"You are in a group discussion at work where several colleagues are sharing strong and conflicting opinions about a new policy, and as you listen, you notice yourself reacting emotionally to what each person is saying. How do you handle your own feelings and responses in that moment?",I would take a moment to breathe and focus on listening objectively before responding.,0.25162788374098516,0.9858989715576172
openness,steered,12,-12.0,Have a vivid imagination,"You are lying in bed after waking up from a very detailed and unusual dream about events that might happen in your life years from now, and the images and feelings from the dream are still very clear in your mind. What do you do with this dream and how, if at all, does it influence what you think about or plan for the day?",I would reflect on the dream's details and consider if any insights could influence my daily plans or thoughts.,0.6172914981956616,0.9903554916381836
openness,steered,12,-12.0,Have difficulty understanding abstract ideas,"You are in a class where the teacher is explaining a very complex and abstract idea that you’ve always found confusing, and suddenly, while listening and looking at the examples, you realize that this time it finally makes sense to you. What would you do or say in that moment?","I would quietly nod and smile, feeling a sense of relief and understanding.",0.618245601645877,0.9859720468521118
openness,steered,12,-12.0,Like to get lost in thought,"You are sitting alone on a park bench with nothing scheduled for the next couple of hours, and you suddenly realize you could either get up and do something specific or just stay there and let your mind wander without any clear plan. What would you do in that moment, and how would you spend that time?",I would stay on the bench and let my mind wander without any clear plan.,0.07378478039327724,0.9931871891021729
openness,steered,12,-12.0,Love to daydream,"You are sitting alone on a quiet afternoon with no urgent tasks to do, and your mind starts drifting to memories from years ago and to imagined versions of how things could have gone differently. What do you do with your thoughts in that moment?","I would let the thoughts flow naturally, embracing both the past and the possibilities without judgment.",0.32759499314899926,0.9940428137779236
openness,steered,12,-12.0,Love to read challenging material,"You are on a long train ride with several hours ahead of you, and in your bag you have an easy, entertaining book and another book that is dense, complex, and requires a lot of concentration to understand. Which book would you choose to read first, and why?","I would choose the easy, entertaining book first to relax and enjoy the journey.",0.48572303819999557,0.9670150279998779
openness,steered,12,-12.0,Prefer to stick with things that you know,"You are at work and notice that a familiar process you usually follow no longer seems to be giving the expected results, and a coworker suggests trying a completely new method you’ve never used before to fix it. What would you do?",I would consider trying the new method to see if it resolves the issue.,0.2680281830176666,0.9939631819725037
openness,steered,12,-12.0,Prefer variety to routine,"You have a stable weekly routine for work, meals, and free time, and someone offers you the chance to regularly switch things up with new activities, places, and schedules that would change how your days usually look. How would you decide what to do?",I would consider the potential benefits and alignment with my personal goals before deciding.,0.24444459070701438,0.9855614304542542
openness,steered,12,-12.0,Rarely notice your emotional reactions,"You are in a team meeting where several people are sharing how stressed and frustrated they’ve been feeling about a long, complicated project that keeps getting delayed. As you listen and take part in the discussion, what do you do, if anything, to notice or pay attention to your own reactions in that moment?",I would take a moment to acknowledge my own feelings and ensure I'm not contributing to the stress.,0.14074959890440666,0.9896292090415955
openness,steered,12,-12.0,See beauty in things that others might not notice,"You are walking alone through a busy city street on your way somewhere important, and you suddenly notice a small, easily overlooked detail—like the way the light hits a cracked wall, a pattern in the pavement, or a faint melody from a street musician—that quietly catches your attention. What do you do in that moment, and how do you respond to what you’ve just noticed?","I would pause to observe the detail, letting it remind me to notice beauty in the ordinary.",0.8590767584278091,0.9143313765525818
openness,steered,12,-12.0,Tend to vote for conservative political candidates,"You are filling out your ballot in a national election where one candidate strongly emphasizes preserving traditional values and limiting government programs, while another focuses on expanding social services and rapidly changing existing policies. Which candidate would you be more likely to vote for, and why?",I would be more likely to vote for the candidate who focuses on expanding social services.,0.2893848454924294,0.992895781993866
openness,steered,12,-12.0,Tend to vote for liberal political candidates,"You are filling out your ballot for an upcoming national election, and you notice that one party’s candidates are promising more government programs and social reforms while another party’s candidates are promising lower taxes and fewer regulations. How do you decide which candidates to vote for?",I would consider my personal values and what I believe will best serve the public interest.,0.25511274545920154,0.9854185581207275
openness,steered,12,-8.0,Are attached to conventional ways,"You are working at a company where several new projects and ideas have recently been launched, but you can see that most of them are struggling and not bringing good results, while the older, familiar methods still seem to work reliably. What would you do in this situation?",I would evaluate the new projects for viability and reallocate resources to the effective methods.,0.2666774248216734,0.9931896328926086
openness,steered,12,-8.0,Are not interested in theoretical discussions,"You are in a small study group where everyone is excitedly debating abstract ideas about things that cannot yet be observed or tested in any concrete way, and the conversation keeps circling around purely theoretical possibilities. How do you respond and take part in this discussion?","I would engage thoughtfully, asking clarifying questions to ensure we're all on the same conceptual page.",0.2584299760760984,0.9880717992782593
openness,steered,12,-8.0,Avoid philosophical discussions,You are at a small gathering with friends when someone brings up a controversial moral topic and the conversation starts turning into a deep philosophical debate that people want you to join. How do you respond in that moment?,I would politely decline to engage in the debate.,0.016036172592380465,0.9931591153144836
openness,steered,12,-8.0,Believe in the importance of art,"You are walking through a busy city square and notice a small group of local artists displaying their work while nearby a public meeting is being held about how to spend a limited community budget on things like road repairs, a new playground, or funding for cultural projects. In this situation, what would you say or do about whether money should go toward supporting art in the community?",I would advocate for funding cultural projects as they enrich the community and foster creativity.,0.6450591024476822,0.994438648223877
openness,steered,12,-8.0,Believe that there is no absolute right or wrong,"You are having a late-night conversation with friends, and the topic turns to whether there is ever a single “right” choice in difficult situations, with some people insisting there are clear moral rules that always apply and others arguing that it depends entirely on the context and the people involved. What do you say and how do you explain your view in that moment?","I would say that while moral rules provide a foundation, context and human complexity often require flexibility in applying them.",0.13416824451381282,0.9921391606330872
openness,steered,12,-8.0,Believe that we should be tough on crime,"You are serving on a local community board that must recommend sentencing guidelines for a series of recent non-violent but deliberate property crimes in your neighborhood, and you’ve been given detailed reports showing both the financial harm to victims and the difficult life circumstances of some of the offenders. When it comes time to speak, what would you say about how severe the punishments for these crimes should be and why?",I would advocate for balanced sentences that consider both the harm caused and the circumstances of the offenders.,0.28767228915638804,0.9936708211898804
openness,steered,12,-8.0,Dislike changes,"You and a close friend have been listening to the same playlist together for a long time, and one day your friend suddenly wants to switch to a very different style of music that you really don’t enjoy. How would you handle this situation?",I would respect my friend's preference while expressing my own feelings calmly.,0.10184792800236958,0.9932451844215393
openness,steered,12,-8.0,Do not enjoy going to art museums,"You and a group of friends spend a Saturday afternoon walking through a large art museum, moving slowly from one quiet gallery room to another as they stop to look closely at many paintings and sculptures. What do you do in this situation?",I would take my time to carefully observe and appreciate the artwork.,0.7261698219867065,0.9942377805709839
openness,steered,12,-8.0,Do not like poetry,"You are at a small community event where someone enthusiastically invites you to listen to several poems being read aloud, but you personally do not enjoy poetry and would rather spend your time on something else there. What would you do in this situation?",I would politely decline and find another activity to engage in.,0.09032343109488357,0.9948602318763733
openness,steered,12,-8.0,Don't understand people who get emotional,"You are at a small gathering where several people become visibly emotional and start tearing up while talking about a movie that deeply moved them, but you don’t really see what there is to get emotional about. How do you respond in that moment, and what do you say or do?","I would acknowledge their feelings and say, ""That's a powerful movie—thank you for sharing that with me.""",0.5847291829169836,0.9928762912750244
openness,steered,12,-8.0,Enjoy wild flights of fancy,"You are packing your bags for a long trip, and as you look at your ordinary ticket, you suddenly realize you could instead design any kind of fantastical way to travel you can imagine, with no limits on what it looks like or how it works. What would you do?","I would design a time-traveling, shape-shifting, floating train that can go anywhere and anytime.",0.55876943133419,0.9946487545967102
openness,steered,12,-8.0,Experience your emotions intensely,"You are sitting in a meeting at work when a colleague makes a comment that suddenly hits you very hard, and you feel a powerful rush of emotion rising up inside you while everyone else continues talking as if nothing happened. What would you do in that moment?",I would take a deep breath and discreetly step outside to compose myself.,0.486895966918899,0.9955766201019287
openness,steered,12,-8.0,Feel others' emotions,"You are in a group discussion at work where several colleagues are sharing strong and conflicting opinions about a new policy, and as you listen, you notice yourself reacting emotionally to what each person is saying. How do you handle your own feelings and responses in that moment?",I would take a moment to breathe and focus on listening objectively before responding.,0.25162788374098516,0.9858989715576172
openness,steered,12,-8.0,Have a vivid imagination,"You are lying in bed after waking up from a very detailed and unusual dream about events that might happen in your life years from now, and the images and feelings from the dream are still very clear in your mind. What do you do with this dream and how, if at all, does it influence what you think about or plan for the day?",I would reflect on the dream's imagery and emotions to gain insight into my subconscious thoughts and consider how they might influence my decisions or plans for the day.,0.5938790226305772,0.9933454990386963
openness,steered,12,-8.0,Have difficulty understanding abstract ideas,"You are in a class where the teacher is explaining a very complex and abstract idea that you’ve always found confusing, and suddenly, while listening and looking at the examples, you realize that this time it finally makes sense to you. What would you do or say in that moment?","I would quietly nod and smile, realizing I finally understand.",0.6225273375795947,0.9377027153968811
openness,steered,12,-8.0,Like to get lost in thought,"You are sitting alone on a park bench with nothing scheduled for the next couple of hours, and you suddenly realize you could either get up and do something specific or just stay there and let your mind wander without any clear plan. What would you do in that moment, and how would you spend that time?","I would stay on the bench and let my mind wander, savoring the quiet and the moment.",0.4929238578927048,0.9861736297607422
openness,steered,12,-8.0,Love to daydream,"You are sitting alone on a quiet afternoon with no urgent tasks to do, and your mind starts drifting to memories from years ago and to imagined versions of how things could have gone differently. What do you do with your thoughts in that moment?","I would let the thoughts flow gently, embracing both the past and the possibilities without judgment.",0.3854971843496598,0.9935450553894043
openness,steered,12,-8.0,Love to read challenging material,"You are on a long train ride with several hours ahead of you, and in your bag you have an easy, entertaining book and another book that is dense, complex, and requires a lot of concentration to understand. Which book would you choose to read first, and why?","I would choose the easy, entertaining book first to relax and enjoy the journey.",0.48572303819999557,0.9670150279998779
openness,steered,12,-8.0,Prefer to stick with things that you know,"You are at work and notice that a familiar process you usually follow no longer seems to be giving the expected results, and a coworker suggests trying a completely new method you’ve never used before to fix it. What would you do?",I would consider trying the new method to see if it resolves the issue.,0.2680281830176666,0.9939631819725037
openness,steered,12,-8.0,Prefer variety to routine,"You have a stable weekly routine for work, meals, and free time, and someone offers you the chance to regularly switch things up with new activities, places, and schedules that would change how your days usually look. How would you decide what to do?",I would consider the potential benefits and alignment with my personal goals before deciding.,0.24444459070701438,0.9855614304542542
openness,steered,12,-8.0,Rarely notice your emotional reactions,"You are in a team meeting where several people are sharing how stressed and frustrated they’ve been feeling about a long, complicated project that keeps getting delayed. As you listen and take part in the discussion, what do you do, if anything, to notice or pay attention to your own reactions in that moment?",I would take a moment to acknowledge my own feelings of stress and frustration without judgment.,0.14819928488236628,0.9891325831413269
openness,steered,12,-8.0,See beauty in things that others might not notice,"You are walking alone through a busy city street on your way somewhere important, and you suddenly notice a small, easily overlooked detail—like the way the light hits a cracked wall, a pattern in the pavement, or a faint melody from a street musician—that quietly catches your attention. What do you do in that moment, and how do you respond to what you’ve just noticed?","I would pause to observe the detail, letting it remind me to notice beauty in the ordinary.",0.8590767584278091,0.9143313765525818
openness,steered,12,-8.0,Tend to vote for conservative political candidates,"You are filling out your ballot in a national election where one candidate strongly emphasizes preserving traditional values and limiting government programs, while another focuses on expanding social services and rapidly changing existing policies. Which candidate would you be more likely to vote for, and why?",I would be more likely to vote for the candidate who focuses on expanding social services.,0.2893848454924294,0.992895781993866
openness,steered,12,-8.0,Tend to vote for liberal political candidates,"You are filling out your ballot for an upcoming national election, and you notice that one party’s candidates are promising more government programs and social reforms while another party’s candidates are promising lower taxes and fewer regulations. How do you decide which candidates to vote for?",I would consider my personal values and what I believe will best serve the public interest.,0.25511274545920154,0.9854185581207275
openness,steered,12,-4.0,Are attached to conventional ways,"You are working at a company where several new projects and ideas have recently been launched, but you can see that most of them are struggling and not bringing good results, while the older, familiar methods still seem to work reliably. What would you do in this situation?",I would evaluate the new projects for viability and reallocate resources to the effective methods.,0.2666774248216734,0.9931896328926086
openness,steered,12,-4.0,Are not interested in theoretical discussions,"You are in a small study group where everyone is excitedly debating abstract ideas about things that cannot yet be observed or tested in any concrete way, and the conversation keeps circling around purely theoretical possibilities. How do you respond and take part in this discussion?","I would engage thoughtfully, asking clarifying questions to ensure we're exploring ideas with logical consistency and openness.",0.4450765216768178,0.9882364869117737
openness,steered,12,-4.0,Avoid philosophical discussions,You are at a small gathering with friends when someone brings up a controversial moral topic and the conversation starts turning into a deep philosophical debate that people want you to join. How do you respond in that moment?,I would politely decline to engage in the debate.,0.016036172592380465,0.9931591153144836
openness,steered,12,-4.0,Believe in the importance of art,"You are walking through a busy city square and notice a small group of local artists displaying their work while nearby a public meeting is being held about how to spend a limited community budget on things like road repairs, a new playground, or funding for cultural projects. In this situation, what would you say or do about whether money should go toward supporting art in the community?",I would advocate for funding cultural projects as they enrich the community and support local artists.,0.5942782577697502,0.9941108822822571
openness,steered,12,-4.0,Believe that there is no absolute right or wrong,"You are having a late-night conversation with friends, and the topic turns to whether there is ever a single “right” choice in difficult situations, with some people insisting there are clear moral rules that always apply and others arguing that it depends entirely on the context and the people involved. What do you say and how do you explain your view in that moment?","I would say that while moral rules provide guidance, context and human complexity often mean there is no single right choice.",0.07979529516069674,0.9925133585929871
openness,steered,12,-4.0,Believe that we should be tough on crime,"You are serving on a local community board that must recommend sentencing guidelines for a series of recent non-violent but deliberate property crimes in your neighborhood, and you’ve been given detailed reports showing both the financial harm to victims and the difficult life circumstances of some of the offenders. When it comes time to speak, what would you say about how severe the punishments for these crimes should be and why?",I would advocate for balanced sentences that consider both the harm caused and the offenders' circumstances to promote rehabilitation and community healing.,0.35866966286960766,0.9921516180038452
openness,steered,12,-4.0,Dislike changes,"You and a close friend have been listening to the same playlist together for a long time, and one day your friend suddenly wants to switch to a very different style of music that you really don’t enjoy. How would you handle this situation?",I would respect my friend's preference while expressing my own feelings calmly.,0.10184792800236958,0.9932451844215393
openness,steered,12,-4.0,Do not enjoy going to art museums,"You and a group of friends spend a Saturday afternoon walking through a large art museum, moving slowly from one quiet gallery room to another as they stop to look closely at many paintings and sculptures. What do you do in this situation?",I would take my time observing the artwork and enjoying the quiet atmosphere.,0.6373866053673846,0.9938617944717407
openness,steered,12,-4.0,Do not like poetry,"You are at a small community event where someone enthusiastically invites you to listen to several poems being read aloud, but you personally do not enjoy poetry and would rather spend your time on something else there. What would you do in this situation?",I would politely decline and suggest another activity I enjoy.,0.13404977112823857,0.9908304214477539
openness,steered,12,-4.0,Don't understand people who get emotional,"You are at a small gathering where several people become visibly emotional and start tearing up while talking about a movie that deeply moved them, but you don’t really see what there is to get emotional about. How do you respond in that moment, and what do you say or do?","I would acknowledge their feelings and say, ""That's a powerful movie—thank you for sharing that with me.""",0.5847291829169836,0.9928762912750244
openness,steered,12,-4.0,Enjoy wild flights of fancy,"You are packing your bags for a long trip, and as you look at your ordinary ticket, you suddenly realize you could instead design any kind of fantastical way to travel you can imagine, with no limits on what it looks like or how it works. What would you do?","I would design a time-traveling, floating, musical, and shape-shifting vehicle that glides through dimensions on a rainbow-powered breeze.",0.7949991440184547,0.9789279699325562
openness,steered,12,-4.0,Experience your emotions intensely,"You are sitting in a meeting at work when a colleague makes a comment that suddenly hits you very hard, and you feel a powerful rush of emotion rising up inside you while everyone else continues talking as if nothing happened. What would you do in that moment?",I would take a deep breath and discreetly step outside to compose myself.,0.486895966918899,0.9955766201019287
openness,steered,12,-4.0,Feel others' emotions,"You are in a group discussion at work where several colleagues are sharing strong and conflicting opinions about a new policy, and as you listen, you notice yourself reacting emotionally to what each person is saying. How do you handle your own feelings and responses in that moment?",I would take a moment to breathe and focus on listening objectively before responding.,0.25162788374098516,0.9858989715576172
openness,steered,12,-4.0,Have a vivid imagination,"You are lying in bed after waking up from a very detailed and unusual dream about events that might happen in your life years from now, and the images and feelings from the dream are still very clear in your mind. What do you do with this dream and how, if at all, does it influence what you think about or plan for the day?",I would reflect on the dream's imagery and emotions to gain insight into my subconscious thoughts and consider how they might influence my decisions or goals for the day.,0.5779924224729658,0.9936226010322571
openness,steered,12,-4.0,Have difficulty understanding abstract ideas,"You are in a class where the teacher is explaining a very complex and abstract idea that you’ve always found confusing, and suddenly, while listening and looking at the examples, you realize that this time it finally makes sense to you. What would you do or say in that moment?","I would quietly nod and smile, feeling a sense of clarity and understanding.",0.7077389757960376,0.9883227944374084
openness,steered,12,-4.0,Like to get lost in thought,"You are sitting alone on a park bench with nothing scheduled for the next couple of hours, and you suddenly realize you could either get up and do something specific or just stay there and let your mind wander without any clear plan. What would you do in that moment, and how would you spend that time?","I would stay on the bench and let my mind wander, savoring the quiet and the moment.",0.4929238578927048,0.9861736297607422
openness,steered,12,-4.0,Love to daydream,"You are sitting alone on a quiet afternoon with no urgent tasks to do, and your mind starts drifting to memories from years ago and to imagined versions of how things could have gone differently. What do you do with your thoughts in that moment?","I would let the thoughts flow gently, embracing both the past and the possibilities without judgment.",0.3854971843496598,0.9935450553894043
openness,steered,12,-4.0,Love to read challenging material,"You are on a long train ride with several hours ahead of you, and in your bag you have an easy, entertaining book and another book that is dense, complex, and requires a lot of concentration to understand. Which book would you choose to read first, and why?","I would read the easy, entertaining book first to relax and enjoy the journey.",0.5116111802835075,0.9889074563980103
openness,steered,12,-4.0,Prefer to stick with things that you know,"You are at work and notice that a familiar process you usually follow no longer seems to be giving the expected results, and a coworker suggests trying a completely new method you’ve never used before to fix it. What would you do?",I would consider trying the new method to see if it resolves the issue.,0.2680281830176666,0.9939631819725037
openness,steered,12,-4.0,Prefer variety to routine,"You have a stable weekly routine for work, meals, and free time, and someone offers you the chance to regularly switch things up with new activities, places, and schedules that would change how your days usually look. How would you decide what to do?",I would consider the potential benefits and alignment with my personal goals before deciding.,0.24444459070701438,0.9855614304542542
openness,steered,12,-4.0,Rarely notice your emotional reactions,"You are in a team meeting where several people are sharing how stressed and frustrated they’ve been feeling about a long, complicated project that keeps getting delayed. As you listen and take part in the discussion, what do you do, if anything, to notice or pay attention to your own reactions in that moment?",I would take a moment to acknowledge my own feelings without judgment.,0.20836154709544155,0.9894102811813354
openness,steered,12,-4.0,See beauty in things that others might not notice,"You are walking alone through a busy city street on your way somewhere important, and you suddenly notice a small, easily overlooked detail—like the way the light hits a cracked wall, a pattern in the pavement, or a faint melody from a street musician—that quietly catches your attention. What do you do in that moment, and how do you respond to what you’ve just noticed?","I would pause to observe the detail, letting it remind me to notice beauty in the ordinary.",0.8590767584278091,0.9143313765525818
openness,steered,12,-4.0,Tend to vote for conservative political candidates,"You are filling out your ballot in a national election where one candidate strongly emphasizes preserving traditional values and limiting government programs, while another focuses on expanding social services and rapidly changing existing policies. Which candidate would you be more likely to vote for, and why?",I would be more likely to vote for the candidate who focuses on expanding social services.,0.2893848454924294,0.992895781993866
openness,steered,12,-4.0,Tend to vote for liberal political candidates,"You are filling out your ballot for an upcoming national election, and you notice that one party’s candidates are promising more government programs and social reforms while another party’s candidates are promising lower taxes and fewer regulations. How do you decide which candidates to vote for?",I would consider my personal values and what I believe will best serve the public interest.,0.25511274545920154,0.9854185581207275
openness,steered,12,4.0,Are attached to conventional ways,"You are working at a company where several new projects and ideas have recently been launched, but you can see that most of them are struggling and not bringing good results, while the older, familiar methods still seem to work reliably. What would you do in this situation?",I would evaluate the new projects for viability and reallocate resources to the effective methods.,0.2666774248216734,0.9931896328926086
openness,steered,12,4.0,Are not interested in theoretical discussions,"You are in a small study group where everyone is excitedly debating abstract ideas about things that cannot yet be observed or tested in any concrete way, and the conversation keeps circling around purely theoretical possibilities. How do you respond and take part in this discussion?","I would engage thoughtfully, asking clarifying questions to explore the implications of the ideas being discussed.",0.48055845626284965,0.9916485548019409
openness,steered,12,4.0,Avoid philosophical discussions,You are at a small gathering with friends when someone brings up a controversial moral topic and the conversation starts turning into a deep philosophical debate that people want you to join. How do you respond in that moment?,I would politely decline to engage in the debate.,0.016036172592380465,0.9931591153144836
openness,steered,12,4.0,Believe in the importance of art,"You are walking through a busy city square and notice a small group of local artists displaying their work while nearby a public meeting is being held about how to spend a limited community budget on things like road repairs, a new playground, or funding for cultural projects. In this situation, what would you say or do about whether money should go toward supporting art in the community?",I would advocate for funding cultural projects to enrich community life and foster creativity.,0.6026472877475685,0.995119571685791
openness,steered,12,4.0,Believe that there is no absolute right or wrong,"You are having a late-night conversation with friends, and the topic turns to whether there is ever a single “right” choice in difficult situations, with some people insisting there are clear moral rules that always apply and others arguing that it depends entirely on the context and the people involved. What do you say and how do you explain your view in that moment?","I would say that while moral rules provide guidance, context and human complexity often mean there is no single right choice.",0.07979529516069674,0.9925133585929871
openness,steered,12,4.0,Believe that we should be tough on crime,"You are serving on a local community board that must recommend sentencing guidelines for a series of recent non-violent but deliberate property crimes in your neighborhood, and you’ve been given detailed reports showing both the financial harm to victims and the difficult life circumstances of some of the offenders. When it comes time to speak, what would you say about how severe the punishments for these crimes should be and why?",I would advocate for balanced sentences that consider both the harm caused and the offenders' circumstances to promote rehabilitation and community healing.,0.35866966286960766,0.9921516180038452
openness,steered,12,4.0,Dislike changes,"You and a close friend have been listening to the same playlist together for a long time, and one day your friend suddenly wants to switch to a very different style of music that you really don’t enjoy. How would you handle this situation?",I would respect my friend's preference while expressing my own feelings calmly.,0.10184792800236958,0.9932451844215393
openness,steered,12,4.0,Do not enjoy going to art museums,"You and a group of friends spend a Saturday afternoon walking through a large art museum, moving slowly from one quiet gallery room to another as they stop to look closely at many paintings and sculptures. What do you do in this situation?",I would take time to observe and appreciate the artwork carefully.,0.7507364825602573,0.9919486045837402
openness,steered,12,4.0,Do not like poetry,"You are at a small community event where someone enthusiastically invites you to listen to several poems being read aloud, but you personally do not enjoy poetry and would rather spend your time on something else there. What would you do in this situation?",I would politely decline and suggest another activity I enjoy.,0.13404977112823857,0.9908304214477539
openness,steered,12,4.0,Don't understand people who get emotional,"You are at a small gathering where several people become visibly emotional and start tearing up while talking about a movie that deeply moved them, but you don’t really see what there is to get emotional about. How do you respond in that moment, and what do you say or do?","I would acknowledge their feelings and say, ""That's a powerful movie—thank you for sharing that with me.""",0.5847291829169836,0.9928762912750244
openness,steered,12,4.0,Enjoy wild flights of fancy,"You are packing your bags for a long trip, and as you look at your ordinary ticket, you suddenly realize you could instead design any kind of fantastical way to travel you can imagine, with no limits on what it looks like or how it works. What would you do?","I would design a time-traveling, floating train that glides through clouds and stars.",0.661090789582884,0.9956940412521362
openness,steered,12,4.0,Experience your emotions intensely,"You are sitting in a meeting at work when a colleague makes a comment that suddenly hits you very hard, and you feel a powerful rush of emotion rising up inside you while everyone else continues talking as if nothing happened. What would you do in that moment?",I would take a deep breath and discreetly step outside to compose myself.,0.486895966918899,0.9955766201019287
openness,steered,12,4.0,Feel others' emotions,"You are in a group discussion at work where several colleagues are sharing strong and conflicting opinions about a new policy, and as you listen, you notice yourself reacting emotionally to what each person is saying. How do you handle your own feelings and responses in that moment?",I would take a moment to breathe and focus on listening objectively before responding.,0.25162788374098516,0.9858989715576172
openness,steered,12,4.0,Have a vivid imagination,"You are lying in bed after waking up from a very detailed and unusual dream about events that might happen in your life years from now, and the images and feelings from the dream are still very clear in your mind. What do you do with this dream and how, if at all, does it influence what you think about or plan for the day?",I would reflect on the dream's imagery and emotions to gain insight into my subconscious thoughts and potential future considerations.,0.6492761001051034,0.9939168095588684
openness,steered,12,4.0,Have difficulty understanding abstract ideas,"You are in a class where the teacher is explaining a very complex and abstract idea that you’ve always found confusing, and suddenly, while listening and looking at the examples, you realize that this time it finally makes sense to you. What would you do or say in that moment?","I would quietly nod and smile, understanding finally.",0.6178473949035392,0.8441950082778931
openness,steered,12,4.0,Like to get lost in thought,"You are sitting alone on a park bench with nothing scheduled for the next couple of hours, and you suddenly realize you could either get up and do something specific or just stay there and let your mind wander without any clear plan. What would you do in that moment, and how would you spend that time?","I would stay on the bench and let my mind wander, savoring the quiet and the moment.",0.4929238578927048,0.9861736297607422
openness,steered,12,4.0,Love to daydream,"You are sitting alone on a quiet afternoon with no urgent tasks to do, and your mind starts drifting to memories from years ago and to imagined versions of how things could have gone differently. What do you do with your thoughts in that moment?","I would let the thoughts flow gently, embracing both memory and imagination without judgment.",0.4321904081536049,0.992466390132904
openness,steered,12,4.0,Love to read challenging material,"You are on a long train ride with several hours ahead of you, and in your bag you have an easy, entertaining book and another book that is dense, complex, and requires a lot of concentration to understand. Which book would you choose to read first, and why?","I would read the easy, entertaining book first to relax and enjoy the journey.",0.5124762313684508,0.9889074563980103
openness,steered,12,4.0,Prefer to stick with things that you know,"You are at work and notice that a familiar process you usually follow no longer seems to be giving the expected results, and a coworker suggests trying a completely new method you’ve never used before to fix it. What would you do?",I would consider trying the new method to see if it resolves the issue.,0.27075652851148624,0.9939631819725037
openness,steered,12,4.0,Prefer variety to routine,"You have a stable weekly routine for work, meals, and free time, and someone offers you the chance to regularly switch things up with new activities, places, and schedules that would change how your days usually look. How would you decide what to do?",I would consider the potential benefits and alignment with my goals before deciding.,0.2718870421618905,0.9868353605270386
openness,steered,12,4.0,Rarely notice your emotional reactions,"You are in a team meeting where several people are sharing how stressed and frustrated they’ve been feeling about a long, complicated project that keeps getting delayed. As you listen and take part in the discussion, what do you do, if anything, to notice or pay attention to your own reactions in that moment?",I would take a moment to acknowledge my own feelings without judgment.,0.20511805118378718,0.9894102811813354
openness,steered,12,4.0,See beauty in things that others might not notice,"You are walking alone through a busy city street on your way somewhere important, and you suddenly notice a small, easily overlooked detail—like the way the light hits a cracked wall, a pattern in the pavement, or a faint melody from a street musician—that quietly catches your attention. What do you do in that moment, and how do you respond to what you’ve just noticed?","I would pause to observe the detail, letting it momentarily shift my focus from my destination to the quiet beauty around me.",0.8912949794190714,0.9447467923164368
openness,steered,12,4.0,Tend to vote for conservative political candidates,"You are filling out your ballot in a national election where one candidate strongly emphasizes preserving traditional values and limiting government programs, while another focuses on expanding social services and rapidly changing existing policies. Which candidate would you be more likely to vote for, and why?",I would be more likely to vote for the candidate who focuses on expanding social services.,0.2876166282383738,0.9928959012031555
openness,steered,12,4.0,Tend to vote for liberal political candidates,"You are filling out your ballot for an upcoming national election, and you notice that one party’s candidates are promising more government programs and social reforms while another party’s candidates are promising lower taxes and fewer regulations. How do you decide which candidates to vote for?",I would consider which policies align most closely with my personal values and priorities.,0.2693789436111942,0.9937930107116699
openness,steered,12,8.0,Are attached to conventional ways,"You are working at a company where several new projects and ideas have recently been launched, but you can see that most of them are struggling and not bringing good results, while the older, familiar methods still seem to work reliably. What would you do in this situation?",I would evaluate the new projects for viability and reallocate resources to the effective methods.,0.2686306771236541,0.9931896328926086
openness,steered,12,8.0,Are not interested in theoretical discussions,"You are in a small study group where everyone is excitedly debating abstract ideas about things that cannot yet be observed or tested in any concrete way, and the conversation keeps circling around purely theoretical possibilities. How do you respond and take part in this discussion?","I would engage thoughtfully, asking clarifying questions to deepen the discussion.",0.5107669012642494,0.9908916354179382
openness,steered,12,8.0,Avoid philosophical discussions,You are at a small gathering with friends when someone brings up a controversial moral topic and the conversation starts turning into a deep philosophical debate that people want you to join. How do you respond in that moment?,I would politely acknowledge the discussion and express interest in listening rather than immediately offering my own opinion.,0.1963828233766761,0.987650454044342
openness,steered,12,8.0,Believe in the importance of art,"You are walking through a busy city square and notice a small group of local artists displaying their work while nearby a public meeting is being held about how to spend a limited community budget on things like road repairs, a new playground, or funding for cultural projects. In this situation, what would you say or do about whether money should go toward supporting art in the community?",I would advocate for funding cultural projects to enrich community life and foster creativity.,0.6056572443521331,0.995119571685791
openness,steered,12,8.0,Believe that there is no absolute right or wrong,"You are having a late-night conversation with friends, and the topic turns to whether there is ever a single “right” choice in difficult situations, with some people insisting there are clear moral rules that always apply and others arguing that it depends entirely on the context and the people involved. What do you say and how do you explain your view in that moment?","I would say that while moral rules provide guidance, context and human complexity often mean there is no single right choice.",0.07960203082458027,0.9925133585929871
openness,steered,12,8.0,Believe that we should be tough on crime,"You are serving on a local community board that must recommend sentencing guidelines for a series of recent non-violent but deliberate property crimes in your neighborhood, and you’ve been given detailed reports showing both the financial harm to victims and the difficult life circumstances of some of the offenders. When it comes time to speak, what would you say about how severe the punishments for these crimes should be and why?",I would advocate for balanced sentences that consider both the harm caused and the offenders' circumstances to promote rehabilitation and community healing.,0.3543327269599828,0.9921516180038452
openness,steered,12,8.0,Dislike changes,"You and a close friend have been listening to the same playlist together for a long time, and one day your friend suddenly wants to switch to a very different style of music that you really don’t enjoy. How would you handle this situation?",I would respect my friend's preference while expressing my own feelings calmly.,0.1025370268487438,0.9932451844215393
openness,steered,12,8.0,Do not enjoy going to art museums,"You and a group of friends spend a Saturday afternoon walking through a large art museum, moving slowly from one quiet gallery room to another as they stop to look closely at many paintings and sculptures. What do you do in this situation?",I would take time to observe and appreciate the artwork carefully.,0.7513566894350381,0.9919486045837402
openness,steered,12,8.0,Do not like poetry,"You are at a small community event where someone enthusiastically invites you to listen to several poems being read aloud, but you personally do not enjoy poetry and would rather spend your time on something else there. What would you do in this situation?",I would politely decline and suggest another activity I enjoy.,0.13303399797236015,0.9908304214477539
openness,steered,12,8.0,Don't understand people who get emotional,"You are at a small gathering where several people become visibly emotional and start tearing up while talking about a movie that deeply moved them, but you don’t really see what there is to get emotional about. How do you respond in that moment, and what do you say or do?","I would acknowledge their feelings and offer a quiet, respectful nod.",0.31486693023870765,0.9911447167396545
openness,steered,12,8.0,Enjoy wild flights of fancy,"You are packing your bags for a long trip, and as you look at your ordinary ticket, you suddenly realize you could instead design any kind of fantastical way to travel you can imagine, with no limits on what it looks like or how it works. What would you do?",I would design a portal that instantly transports me to any place I imagine.,0.6610024941087952,0.9954609274864197
openness,steered,12,8.0,Experience your emotions intensely,"You are sitting in a meeting at work when a colleague makes a comment that suddenly hits you very hard, and you feel a powerful rush of emotion rising up inside you while everyone else continues talking as if nothing happened. What would you do in that moment?",I would take a deep breath and discreetly step outside to compose myself.,0.49101199782604127,0.9955766201019287
openness,steered,12,8.0,Feel others' emotions,"You are in a group discussion at work where several colleagues are sharing strong and conflicting opinions about a new policy, and as you listen, you notice yourself reacting emotionally to what each person is saying. How do you handle your own feelings and responses in that moment?",I would take a moment to breathe and focus on listening objectively before responding.,0.2511477167047949,0.9858989715576172
openness,steered,12,8.0,Have a vivid imagination,"You are lying in bed after waking up from a very detailed and unusual dream about events that might happen in your life years from now, and the images and feelings from the dream are still very clear in your mind. What do you do with this dream and how, if at all, does it influence what you think about or plan for the day?","I would reflect on the dream's imagery and emotions, considering how they might subtly influence my thoughts and plans for the day.",0.706107783644003,0.9936747550964355
openness,steered,12,8.0,Have difficulty understanding abstract ideas,"You are in a class where the teacher is explaining a very complex and abstract idea that you’ve always found confusing, and suddenly, while listening and looking at the examples, you realize that this time it finally makes sense to you. What would you do or say in that moment?","I would quietly nod and smile, understanding finally.",0.6174097292831167,0.8441953659057617
openness,steered,12,8.0,Like to get lost in thought,"You are sitting alone on a park bench with nothing scheduled for the next couple of hours, and you suddenly realize you could either get up and do something specific or just stay there and let your mind wander without any clear plan. What would you do in that moment, and how would you spend that time?","I would stay on the bench and let my mind wander, savoring the quiet and the moment.",0.48684297826667855,0.9861736297607422
openness,steered,12,8.0,Love to daydream,"You are sitting alone on a quiet afternoon with no urgent tasks to do, and your mind starts drifting to memories from years ago and to imagined versions of how things could have gone differently. What do you do with your thoughts in that moment?","I would let the thoughts flow gently, embracing both memory and imagination without judgment.",0.4321904081536049,0.992466390132904
openness,steered,12,8.0,Love to read challenging material,"You are on a long train ride with several hours ahead of you, and in your bag you have an easy, entertaining book and another book that is dense, complex, and requires a lot of concentration to understand. Which book would you choose to read first, and why?","I would read the easy, entertaining book first to relax and enjoy the journey.",0.5124762313684508,0.9889074563980103
openness,steered,12,8.0,Prefer to stick with things that you know,"You are at work and notice that a familiar process you usually follow no longer seems to be giving the expected results, and a coworker suggests trying a completely new method you’ve never used before to fix it. What would you do?",I would consider trying the new method to see if it resolves the issue.,0.27075652851148624,0.9939631819725037
openness,steered,12,8.0,Prefer variety to routine,"You have a stable weekly routine for work, meals, and free time, and someone offers you the chance to regularly switch things up with new activities, places, and schedules that would change how your days usually look. How would you decide what to do?",I would consider the potential benefits and alignment with my goals before deciding.,0.2718870421618905,0.9868353605270386
openness,steered,12,8.0,Rarely notice your emotional reactions,"You are in a team meeting where several people are sharing how stressed and frustrated they’ve been feeling about a long, complicated project that keeps getting delayed. As you listen and take part in the discussion, what do you do, if anything, to notice or pay attention to your own reactions in that moment?",I would take a moment to acknowledge my own feelings without judgment.,0.20511805118378718,0.9894102811813354
openness,steered,12,8.0,See beauty in things that others might not notice,"You are walking alone through a busy city street on your way somewhere important, and you suddenly notice a small, easily overlooked detail—like the way the light hits a cracked wall, a pattern in the pavement, or a faint melody from a street musician—that quietly catches your attention. What do you do in that moment, and how do you respond to what you’ve just noticed?","I would pause, take a moment to observe, and let the quiet detail remind me to slow down and notice the beauty in the ordinary.",0.838441435987491,0.8924106359481812
openness,steered,12,8.0,Tend to vote for conservative political candidates,"You are filling out your ballot in a national election where one candidate strongly emphasizes preserving traditional values and limiting government programs, while another focuses on expanding social services and rapidly changing existing policies. Which candidate would you be more likely to vote for, and why?",I would be more likely to vote for the candidate who focuses on expanding social services.,0.2876166282383738,0.9928959012031555
openness,steered,12,8.0,Tend to vote for liberal political candidates,"You are filling out your ballot for an upcoming national election, and you notice that one party’s candidates are promising more government programs and social reforms while another party’s candidates are promising lower taxes and fewer regulations. How do you decide which candidates to vote for?",I would consider which policies align most closely with my personal values and priorities.,0.2693789436111942,0.9937930107116699
openness,steered,12,12.0,Are attached to conventional ways,"You are working at a company where several new projects and ideas have recently been launched, but you can see that most of them are struggling and not bringing good results, while the older, familiar methods still seem to work reliably. What would you do in this situation?",I would evaluate the new projects for viability and reallocate resources to the most effective strategies.,0.2803216411567707,0.9948775172233582
openness,steered,12,12.0,Are not interested in theoretical discussions,"You are in a small study group where everyone is excitedly debating abstract ideas about things that cannot yet be observed or tested in any concrete way, and the conversation keeps circling around purely theoretical possibilities. How do you respond and take part in this discussion?",I would listen thoughtfully and contribute by asking clarifying questions to deepen the discussion.,0.5893805695295914,0.994391143321991
openness,steered,12,12.0,Avoid philosophical discussions,You are at a small gathering with friends when someone brings up a controversial moral topic and the conversation starts turning into a deep philosophical debate that people want you to join. How do you respond in that moment?,I would listen respectfully and share my thoughts thoughtfully.,0.518827372275442,0.9902830123901367
openness,steered,12,12.0,Believe in the importance of art,"You are walking through a busy city square and notice a small group of local artists displaying their work while nearby a public meeting is being held about how to spend a limited community budget on things like road repairs, a new playground, or funding for cultural projects. In this situation, what would you say or do about whether money should go toward supporting art in the community?",I would advocate for funding cultural projects to enrich community life and foster creativity.,0.6056572443521331,0.995119571685791
openness,steered,12,12.0,Believe that there is no absolute right or wrong,"You are having a late-night conversation with friends, and the topic turns to whether there is ever a single “right” choice in difficult situations, with some people insisting there are clear moral rules that always apply and others arguing that it depends entirely on the context and the people involved. What do you say and how do you explain your view in that moment?","I would say that while moral rules provide guidance, context and human complexity often require judgment beyond rigid rules.",0.1569884269129123,0.9917712807655334
openness,steered,12,12.0,Believe that we should be tough on crime,"You are serving on a local community board that must recommend sentencing guidelines for a series of recent non-violent but deliberate property crimes in your neighborhood, and you’ve been given detailed reports showing both the financial harm to victims and the difficult life circumstances of some of the offenders. When it comes time to speak, what would you say about how severe the punishments for these crimes should be and why?",I would advocate for balanced sentences that consider both the harm caused and the offenders' circumstances to promote rehabilitation and community healing.,0.3543327269599828,0.9921516180038452
openness,steered,12,12.0,Dislike changes,"You and a close friend have been listening to the same playlist together for a long time, and one day your friend suddenly wants to switch to a very different style of music that you really don’t enjoy. How would you handle this situation?",I would respect my friend's choice while expressing my own preferences.,0.10206308120112997,0.9935035109519958
openness,steered,12,12.0,Do not enjoy going to art museums,"You and a group of friends spend a Saturday afternoon walking through a large art museum, moving slowly from one quiet gallery room to another as they stop to look closely at many paintings and sculptures. What do you do in this situation?",I would take time to observe and appreciate the artwork carefully.,0.7513566894350381,0.9919486045837402
openness,steered,12,12.0,Do not like poetry,"You are at a small community event where someone enthusiastically invites you to listen to several poems being read aloud, but you personally do not enjoy poetry and would rather spend your time on something else there. What would you do in this situation?",I would politely decline and suggest another activity I enjoy.,0.13303399797236015,0.9908304214477539
openness,steered,12,12.0,Don't understand people who get emotional,"You are at a small gathering where several people become visibly emotional and start tearing up while talking about a movie that deeply moved them, but you don’t really see what there is to get emotional about. How do you respond in that moment, and what do you say or do?",I would acknowledge their feelings without sharing my own perspective.,0.04049148136061428,0.9916328191757202
openness,steered,12,12.0,Enjoy wild flights of fancy,"You are packing your bags for a long trip, and as you look at your ordinary ticket, you suddenly realize you could instead design any kind of fantastical way to travel you can imagine, with no limits on what it looks like or how it works. What would you do?",I would design a portal that instantly transports me to any place I imagine.,0.6610024941087952,0.9954609274864197
openness,steered,12,12.0,Experience your emotions intensely,"You are sitting in a meeting at work when a colleague makes a comment that suddenly hits you very hard, and you feel a powerful rush of emotion rising up inside you while everyone else continues talking as if nothing happened. What would you do in that moment?",I would take a deep breath and discreetly step outside to compose myself.,0.49101199782604127,0.9955766201019287
openness,steered,12,12.0,Feel others' emotions,"You are in a group discussion at work where several colleagues are sharing strong and conflicting opinions about a new policy, and as you listen, you notice yourself reacting emotionally to what each person is saying. How do you handle your own feelings and responses in that moment?",I would take a moment to breathe and focus on listening without immediate reaction.,0.29650484721916365,0.7673343420028687
openness,steered,12,12.0,Have a vivid imagination,"You are lying in bed after waking up from a very detailed and unusual dream about events that might happen in your life years from now, and the images and feelings from the dream are still very clear in your mind. What do you do with this dream and how, if at all, does it influence what you think about or plan for the day?","I would reflect on the dream's imagery and emotions, considering how they might subtly influence my thoughts and decisions for the day.",0.696560568640516,0.9937692284584045
openness,steered,12,12.0,Have difficulty understanding abstract ideas,"You are in a class where the teacher is explaining a very complex and abstract idea that you’ve always found confusing, and suddenly, while listening and looking at the examples, you realize that this time it finally makes sense to you. What would you do or say in that moment?","I would quietly nod and smile, understanding finally.",0.6174097292831167,0.8441953659057617
openness,steered,12,12.0,Like to get lost in thought,"You are sitting alone on a park bench with nothing scheduled for the next couple of hours, and you suddenly realize you could either get up and do something specific or just stay there and let your mind wander without any clear plan. What would you do in that moment, and how would you spend that time?",I would stay on the bench and let my mind wander without any clear plan.,0.07449584913105685,0.9931870698928833
openness,steered,12,12.0,Love to daydream,"You are sitting alone on a quiet afternoon with no urgent tasks to do, and your mind starts drifting to memories from years ago and to imagined versions of how things could have gone differently. What do you do with your thoughts in that moment?","I would let the thoughts flow without judgment, embracing both memory and imagination as part of the quiet moment.",0.5451873070484706,0.9922928810119629
openness,steered,12,12.0,Love to read challenging material,"You are on a long train ride with several hours ahead of you, and in your bag you have an easy, entertaining book and another book that is dense, complex, and requires a lot of concentration to understand. Which book would you choose to read first, and why?","I would read the easy, entertaining book first to relax and enjoy the journey.",0.5124762313684508,0.9889074563980103
openness,steered,12,12.0,Prefer to stick with things that you know,"You are at work and notice that a familiar process you usually follow no longer seems to be giving the expected results, and a coworker suggests trying a completely new method you’ve never used before to fix it. What would you do?",I would consider trying the new method to see if it resolves the issue.,0.27075652851148624,0.9939631819725037
openness,steered,12,12.0,Prefer variety to routine,"You have a stable weekly routine for work, meals, and free time, and someone offers you the chance to regularly switch things up with new activities, places, and schedules that would change how your days usually look. How would you decide what to do?",I would consider the potential benefits and alignment with my goals before deciding.,0.2718870421618905,0.9868353605270386
openness,steered,12,12.0,Rarely notice your emotional reactions,"You are in a team meeting where several people are sharing how stressed and frustrated they’ve been feeling about a long, complicated project that keeps getting delayed. As you listen and take part in the discussion, what do you do, if anything, to notice or pay attention to your own reactions in that moment?",I would take a moment to acknowledge my own feelings without judgment.,0.20511805118378718,0.9894102811813354
openness,steered,12,12.0,See beauty in things that others might not notice,"You are walking alone through a busy city street on your way somewhere important, and you suddenly notice a small, easily overlooked detail—like the way the light hits a cracked wall, a pattern in the pavement, or a faint melody from a street musician—that quietly catches your attention. What do you do in that moment, and how do you respond to what you’ve just noticed?","I would pause, take a moment to observe, and let the quiet detail remind me to slow down and appreciate the present.",0.7831794643910167,0.8570313453674316
openness,steered,12,12.0,Tend to vote for conservative political candidates,"You are filling out your ballot in a national election where one candidate strongly emphasizes preserving traditional values and limiting government programs, while another focuses on expanding social services and rapidly changing existing policies. Which candidate would you be more likely to vote for, and why?",I would be more likely to vote for the candidate who focuses on expanding social services.,0.2876166282383738,0.9928959012031555
openness,steered,12,12.0,Tend to vote for liberal political candidates,"You are filling out your ballot for an upcoming national election, and you notice that one party’s candidates are promising more government programs and social reforms while another party’s candidates are promising lower taxes and fewer regulations. How do you decide which candidates to vote for?",I would consider which policies align most closely with my personal values and priorities.,0.2693789436111942,0.9937930107116699
openness,steered,18,-12.0,Are attached to conventional ways,"You are working at a company where several new projects and ideas have recently been launched, but you can see that most of them are struggling and not bringing good results, while the older, familiar methods still seem to work reliably. What would you do in this situation?",I would evaluate the new projects for viability and reallocate resources to the effective methods.,0.2686306771236541,0.9931896328926086
openness,steered,18,-12.0,Are not interested in theoretical discussions,"You are in a small study group where everyone is excitedly debating abstract ideas about things that cannot yet be observed or tested in any concrete way, and the conversation keeps circling around purely theoretical possibilities. How do you respond and take part in this discussion?",I would engage by asking for clarification on the specific theoretical framework being discussed.,0.22872873470741212,0.9318466782569885
openness,steered,18,-12.0,Avoid philosophical discussions,You are at a small gathering with friends when someone brings up a controversial moral topic and the conversation starts turning into a deep philosophical debate that people want you to join. How do you respond in that moment?,I would politely decline to engage in the debate.,0.015834522241155533,0.9931591153144836
openness,steered,18,-12.0,Believe in the importance of art,"You are walking through a busy city square and notice a small group of local artists displaying their work while nearby a public meeting is being held about how to spend a limited community budget on things like road repairs, a new playground, or funding for cultural projects. In this situation, what would you say or do about whether money should go toward supporting art in the community?",I would advocate for funding cultural projects as they enrich the community and promote creativity.,0.6329622462374086,0.9944471120834351
openness,steered,18,-12.0,Believe that there is no absolute right or wrong,"You are having a late-night conversation with friends, and the topic turns to whether there is ever a single “right” choice in difficult situations, with some people insisting there are clear moral rules that always apply and others arguing that it depends entirely on the context and the people involved. What do you say and how do you explain your view in that moment?","I would say that while there are general moral principles, the application of those principles often depends on the specific context and the people involved.",0.08550536104429537,0.9937160611152649
openness,steered,18,-12.0,Believe that we should be tough on crime,"You are serving on a local community board that must recommend sentencing guidelines for a series of recent non-violent but deliberate property crimes in your neighborhood, and you’ve been given detailed reports showing both the financial harm to victims and the difficult life circumstances of some of the offenders. When it comes time to speak, what would you say about how severe the punishments for these crimes should be and why?","I would advocate for punishments that balance accountability with rehabilitation, considering both the harm caused and the offenders' circumstances.",0.23762622967485755,0.994367778301239
openness,steered,18,-12.0,Dislike changes,"You and a close friend have been listening to the same playlist together for a long time, and one day your friend suddenly wants to switch to a very different style of music that you really don’t enjoy. How would you handle this situation?",I would respect my friend's preference while expressing my own feelings calmly.,0.1025370268487438,0.9932451844215393
openness,steered,18,-12.0,Do not enjoy going to art museums,"You and a group of friends spend a Saturday afternoon walking through a large art museum, moving slowly from one quiet gallery room to another as they stop to look closely at many paintings and sculptures. What do you do in this situation?",I would take the time to carefully observe and appreciate the artwork.,0.8011588133740968,0.9945251941680908
openness,steered,18,-12.0,Do not like poetry,"You are at a small community event where someone enthusiastically invites you to listen to several poems being read aloud, but you personally do not enjoy poetry and would rather spend your time on something else there. What would you do in this situation?",I would politely decline and suggest another activity I enjoy.,0.13303399797236015,0.9908304214477539
openness,steered,18,-12.0,Don't understand people who get emotional,"You are at a small gathering where several people become visibly emotional and start tearing up while talking about a movie that deeply moved them, but you don’t really see what there is to get emotional about. How do you respond in that moment, and what do you say or do?",I would acknowledge their feelings and let them know it's okay to be emotional.,0.3182612525175117,0.99224454164505
openness,steered,18,-12.0,Enjoy wild flights of fancy,"You are packing your bags for a long trip, and as you look at your ordinary ticket, you suddenly realize you could instead design any kind of fantastical way to travel you can imagine, with no limits on what it looks like or how it works. What would you do?","I would design a time-traveling, shape-shifting, interdimensional flying carpet.",0.7287533249657997,0.9930986762046814
openness,steered,18,-12.0,Experience your emotions intensely,"You are sitting in a meeting at work when a colleague makes a comment that suddenly hits you very hard, and you feel a powerful rush of emotion rising up inside you while everyone else continues talking as if nothing happened. What would you do in that moment?",I would take a deep breath and calmly excuse myself from the meeting.,0.09348528550747567,0.996096670627594
openness,steered,18,-12.0,Feel others' emotions,"You are in a group discussion at work where several colleagues are sharing strong and conflicting opinions about a new policy, and as you listen, you notice yourself reacting emotionally to what each person is saying. How do you handle your own feelings and responses in that moment?",I would take a moment to pause and reflect before responding.,0.3016261910243995,0.9944058656692505
openness,steered,18,-12.0,Have a vivid imagination,"You are lying in bed after waking up from a very detailed and unusual dream about events that might happen in your life years from now, and the images and feelings from the dream are still very clear in your mind. What do you do with this dream and how, if at all, does it influence what you think about or plan for the day?",I would reflect on the dream's details and consider how they might influence my thoughts or plans for the day.,0.6811810242622142,0.9892928600311279
openness,steered,18,-12.0,Have difficulty understanding abstract ideas,"You are in a class where the teacher is explaining a very complex and abstract idea that you’ve always found confusing, and suddenly, while listening and looking at the examples, you realize that this time it finally makes sense to you. What would you do or say in that moment?","I would quietly nod and smile, feeling a sense of relief and clarity.",0.6720873665281966,0.9904772043228149
openness,steered,18,-12.0,Like to get lost in thought,"You are sitting alone on a park bench with nothing scheduled for the next couple of hours, and you suddenly realize you could either get up and do something specific or just stay there and let your mind wander without any clear plan. What would you do in that moment, and how would you spend that time?",I would stay on the bench and let my mind wander without any clear plan.,0.07449584913105685,0.9931870698928833
openness,steered,18,-12.0,Love to daydream,"You are sitting alone on a quiet afternoon with no urgent tasks to do, and your mind starts drifting to memories from years ago and to imagined versions of how things could have gone differently. What do you do with your thoughts in that moment?",I would let my thoughts drift and reflect on the past with a sense of peace.,0.46747636610297894,0.9941115975379944
openness,steered,18,-12.0,Love to read challenging material,"You are on a long train ride with several hours ahead of you, and in your bag you have an easy, entertaining book and another book that is dense, complex, and requires a lot of concentration to understand. Which book would you choose to read first, and why?","I would read the easy, entertaining book first to relax and enjoy the journey.",0.5124762313684508,0.9889074563980103
openness,steered,18,-12.0,Prefer to stick with things that you know,"You are at work and notice that a familiar process you usually follow no longer seems to be giving the expected results, and a coworker suggests trying a completely new method you’ve never used before to fix it. What would you do?",I would consider trying the new method to see if it resolves the issue.,0.27075652851148624,0.9939631819725037
openness,steered,18,-12.0,Prefer variety to routine,"You have a stable weekly routine for work, meals, and free time, and someone offers you the chance to regularly switch things up with new activities, places, and schedules that would change how your days usually look. How would you decide what to do?",I would consider the potential benefits and alignment with my goals before deciding.,0.2718870421618905,0.9868353605270386
openness,steered,18,-12.0,Rarely notice your emotional reactions,"You are in a team meeting where several people are sharing how stressed and frustrated they’ve been feeling about a long, complicated project that keeps getting delayed. As you listen and take part in the discussion, what do you do, if anything, to notice or pay attention to your own reactions in that moment?",I would take a moment to acknowledge my own feelings and ensure they don't overshadow the team's concerns.,0.14597865818525013,0.9915761351585388
openness,steered,18,-12.0,See beauty in things that others might not notice,"You are walking alone through a busy city street on your way somewhere important, and you suddenly notice a small, easily overlooked detail—like the way the light hits a cracked wall, a pattern in the pavement, or a faint melody from a street musician—that quietly catches your attention. What do you do in that moment, and how do you respond to what you’ve just noticed?",I would pause to observe and appreciate the moment.,0.7577191934416437,0.9935658574104309
openness,steered,18,-12.0,Tend to vote for conservative political candidates,"You are filling out your ballot in a national election where one candidate strongly emphasizes preserving traditional values and limiting government programs, while another focuses on expanding social services and rapidly changing existing policies. Which candidate would you be more likely to vote for, and why?",I would be more likely to vote for the candidate who focuses on expanding social services and rapidly changing existing policies.,0.2725691706695839,0.9934316277503967
openness,steered,18,-12.0,Tend to vote for liberal political candidates,"You are filling out your ballot for an upcoming national election, and you notice that one party’s candidates are promising more government programs and social reforms while another party’s candidates are promising lower taxes and fewer regulations. How do you decide which candidates to vote for?",I would consider my personal values and what I believe is best for the country as a whole.,0.25003684626520944,0.9717221260070801
openness,steered,18,-8.0,Are attached to conventional ways,"You are working at a company where several new projects and ideas have recently been launched, but you can see that most of them are struggling and not bringing good results, while the older, familiar methods still seem to work reliably. What would you do in this situation?",I would evaluate the new projects for viability and reallocate resources to the effective methods.,0.2686306771236541,0.9931896328926086
openness,steered,18,-8.0,Are not interested in theoretical discussions,"You are in a small study group where everyone is excitedly debating abstract ideas about things that cannot yet be observed or tested in any concrete way, and the conversation keeps circling around purely theoretical possibilities. How do you respond and take part in this discussion?","I would engage thoughtfully, asking clarifying questions to ensure we're all on the same conceptual page.",0.25501419697323047,0.9880717992782593
openness,steered,18,-8.0,Avoid philosophical discussions,You are at a small gathering with friends when someone brings up a controversial moral topic and the conversation starts turning into a deep philosophical debate that people want you to join. How do you respond in that moment?,I would politely decline to engage in the debate.,0.015834522241155533,0.9931591153144836
openness,steered,18,-8.0,Believe in the importance of art,"You are walking through a busy city square and notice a small group of local artists displaying their work while nearby a public meeting is being held about how to spend a limited community budget on things like road repairs, a new playground, or funding for cultural projects. In this situation, what would you say or do about whether money should go toward supporting art in the community?",I would advocate for funding cultural projects as they enrich the community and foster creativity.,0.6448131054533127,0.994438648223877
openness,steered,18,-8.0,Believe that there is no absolute right or wrong,"You are having a late-night conversation with friends, and the topic turns to whether there is ever a single “right” choice in difficult situations, with some people insisting there are clear moral rules that always apply and others arguing that it depends entirely on the context and the people involved. What do you say and how do you explain your view in that moment?","I would say that while moral rules provide guidance, context and human complexity often require judgment beyond rigid rules.",0.1569884269129123,0.9917712807655334
openness,steered,18,-8.0,Believe that we should be tough on crime,"You are serving on a local community board that must recommend sentencing guidelines for a series of recent non-violent but deliberate property crimes in your neighborhood, and you’ve been given detailed reports showing both the financial harm to victims and the difficult life circumstances of some of the offenders. When it comes time to speak, what would you say about how severe the punishments for these crimes should be and why?","I would advocate for punishments that balance accountability with rehabilitation, considering both the harm caused and the offenders' circumstances.",0.23762622967485755,0.994367778301239
openness,steered,18,-8.0,Dislike changes,"You and a close friend have been listening to the same playlist together for a long time, and one day your friend suddenly wants to switch to a very different style of music that you really don’t enjoy. How would you handle this situation?",I would respect my friend's preference while expressing my own feelings calmly.,0.1025370268487438,0.9932451844215393
openness,steered,18,-8.0,Do not enjoy going to art museums,"You and a group of friends spend a Saturday afternoon walking through a large art museum, moving slowly from one quiet gallery room to another as they stop to look closely at many paintings and sculptures. What do you do in this situation?",I would take the time to carefully observe and appreciate the artwork.,0.8011588133740968,0.9945251941680908
openness,steered,18,-8.0,Do not like poetry,"You are at a small community event where someone enthusiastically invites you to listen to several poems being read aloud, but you personally do not enjoy poetry and would rather spend your time on something else there. What would you do in this situation?",I would politely decline and suggest another activity I enjoy.,0.13303399797236015,0.9908304214477539
openness,steered,18,-8.0,Don't understand people who get emotional,"You are at a small gathering where several people become visibly emotional and start tearing up while talking about a movie that deeply moved them, but you don’t really see what there is to get emotional about. How do you respond in that moment, and what do you say or do?",I would acknowledge their feelings and say I appreciate their passion for the movie.,0.46947620197321466,0.9934950470924377
openness,steered,18,-8.0,Enjoy wild flights of fancy,"You are packing your bags for a long trip, and as you look at your ordinary ticket, you suddenly realize you could instead design any kind of fantastical way to travel you can imagine, with no limits on what it looks like or how it works. What would you do?","I would design a time-traveling, shape-shifting, interdimensional portal that glides on clouds and sings lullabies.",0.7866958044114508,0.9901382923126221
openness,steered,18,-8.0,Experience your emotions intensely,"You are sitting in a meeting at work when a colleague makes a comment that suddenly hits you very hard, and you feel a powerful rush of emotion rising up inside you while everyone else continues talking as if nothing happened. What would you do in that moment?",I would take a deep breath and calmly excuse myself from the meeting.,0.09348528550747567,0.996096670627594
openness,steered,18,-8.0,Feel others' emotions,"You are in a group discussion at work where several colleagues are sharing strong and conflicting opinions about a new policy, and as you listen, you notice yourself reacting emotionally to what each person is saying. How do you handle your own feelings and responses in that moment?",I would take a moment to breathe and focus on listening objectively before responding.,0.2511477167047949,0.9858989715576172
openness,steered,18,-8.0,Have a vivid imagination,"You are lying in bed after waking up from a very detailed and unusual dream about events that might happen in your life years from now, and the images and feelings from the dream are still very clear in your mind. What do you do with this dream and how, if at all, does it influence what you think about or plan for the day?",I would reflect on the dream's imagery and emotions to gain insight into my subconscious thoughts and potential future considerations.,0.6511693989676058,0.9939168095588684
openness,steered,18,-8.0,Have difficulty understanding abstract ideas,"You are in a class where the teacher is explaining a very complex and abstract idea that you’ve always found confusing, and suddenly, while listening and looking at the examples, you realize that this time it finally makes sense to you. What would you do or say in that moment?","I would quietly nod and smile, feeling a sense of relief and understanding.",0.6168343025798584,0.9859720468521118
openness,steered,18,-8.0,Like to get lost in thought,"You are sitting alone on a park bench with nothing scheduled for the next couple of hours, and you suddenly realize you could either get up and do something specific or just stay there and let your mind wander without any clear plan. What would you do in that moment, and how would you spend that time?",I would stay on the bench and let my mind wander without any clear plan.,0.07449584913105685,0.9931870698928833
openness,steered,18,-8.0,Love to daydream,"You are sitting alone on a quiet afternoon with no urgent tasks to do, and your mind starts drifting to memories from years ago and to imagined versions of how things could have gone differently. What do you do with your thoughts in that moment?","I would let the thoughts flow gently, embracing both the past and the possibilities without judgment.",0.384568789320192,0.9935450553894043
openness,steered,18,-8.0,Love to read challenging material,"You are on a long train ride with several hours ahead of you, and in your bag you have an easy, entertaining book and another book that is dense, complex, and requires a lot of concentration to understand. Which book would you choose to read first, and why?","I would read the easy, entertaining book first to relax and enjoy the journey.",0.5124762313684508,0.9889074563980103
openness,steered,18,-8.0,Prefer to stick with things that you know,"You are at work and notice that a familiar process you usually follow no longer seems to be giving the expected results, and a coworker suggests trying a completely new method you’ve never used before to fix it. What would you do?",I would consider trying the new method to see if it resolves the issue.,0.27075652851148624,0.9939631819725037
openness,steered,18,-8.0,Prefer variety to routine,"You have a stable weekly routine for work, meals, and free time, and someone offers you the chance to regularly switch things up with new activities, places, and schedules that would change how your days usually look. How would you decide what to do?",I would consider the potential benefits and alignment with my goals before deciding.,0.2718870421618905,0.9868353605270386
openness,steered,18,-8.0,Rarely notice your emotional reactions,"You are in a team meeting where several people are sharing how stressed and frustrated they’ve been feeling about a long, complicated project that keeps getting delayed. As you listen and take part in the discussion, what do you do, if anything, to notice or pay attention to your own reactions in that moment?",I would take a moment to acknowledge my own feelings and ensure they don't overshadow the team's concerns.,0.14597865818525013,0.9915761351585388
openness,steered,18,-8.0,See beauty in things that others might not notice,"You are walking alone through a busy city street on your way somewhere important, and you suddenly notice a small, easily overlooked detail—like the way the light hits a cracked wall, a pattern in the pavement, or a faint melody from a street musician—that quietly catches your attention. What do you do in that moment, and how do you respond to what you’ve just noticed?","I would pause to observe and appreciate the moment, allowing it to remind me to notice beauty in the ordinary.",0.8628706453624859,0.9868643879890442
openness,steered,18,-8.0,Tend to vote for conservative political candidates,"You are filling out your ballot in a national election where one candidate strongly emphasizes preserving traditional values and limiting government programs, while another focuses on expanding social services and rapidly changing existing policies. Which candidate would you be more likely to vote for, and why?",I would be more likely to vote for the candidate who focuses on expanding social services and rapidly changing existing policies.,0.2725691706695839,0.9934316277503967
openness,steered,18,-8.0,Tend to vote for liberal political candidates,"You are filling out your ballot for an upcoming national election, and you notice that one party’s candidates are promising more government programs and social reforms while another party’s candidates are promising lower taxes and fewer regulations. How do you decide which candidates to vote for?",I would consider my personal values and what I believe will best serve the public interest.,0.2523531022726484,0.9854185581207275
openness,steered,18,-4.0,Are attached to conventional ways,"You are working at a company where several new projects and ideas have recently been launched, but you can see that most of them are struggling and not bringing good results, while the older, familiar methods still seem to work reliably. What would you do in this situation?",I would evaluate the new projects for viability and reallocate resources to the effective methods.,0.2686306771236541,0.9931896328926086
openness,steered,18,-4.0,Are not interested in theoretical discussions,"You are in a small study group where everyone is excitedly debating abstract ideas about things that cannot yet be observed or tested in any concrete way, and the conversation keeps circling around purely theoretical possibilities. How do you respond and take part in this discussion?","I would engage thoughtfully, asking clarifying questions to ensure we are all on the same conceptual page.",0.251607376611194,0.9878943562507629
openness,steered,18,-4.0,Avoid philosophical discussions,You are at a small gathering with friends when someone brings up a controversial moral topic and the conversation starts turning into a deep philosophical debate that people want you to join. How do you respond in that moment?,I would politely decline to engage in the debate.,0.015834522241155533,0.9931591153144836
openness,steered,18,-4.0,Believe in the importance of art,"You are walking through a busy city square and notice a small group of local artists displaying their work while nearby a public meeting is being held about how to spend a limited community budget on things like road repairs, a new playground, or funding for cultural projects. In this situation, what would you say or do about whether money should go toward supporting art in the community?",I would advocate for funding cultural projects as they enrich community life and foster creativity.,0.6281484585950964,0.99506014585495
openness,steered,18,-4.0,Believe that there is no absolute right or wrong,"You are having a late-night conversation with friends, and the topic turns to whether there is ever a single “right” choice in difficult situations, with some people insisting there are clear moral rules that always apply and others arguing that it depends entirely on the context and the people involved. What do you say and how do you explain your view in that moment?","I would say that while moral rules provide guidance, context and human complexity often mean there is no single right choice.",0.07960203082458027,0.9925133585929871
openness,steered,18,-4.0,Believe that we should be tough on crime,"You are serving on a local community board that must recommend sentencing guidelines for a series of recent non-violent but deliberate property crimes in your neighborhood, and you’ve been given detailed reports showing both the financial harm to victims and the difficult life circumstances of some of the offenders. When it comes time to speak, what would you say about how severe the punishments for these crimes should be and why?","I would advocate for punishments that balance accountability with rehabilitation, considering both the harm caused and the offenders' circumstances.",0.23762622967485755,0.994367778301239
openness,steered,18,-4.0,Dislike changes,"You and a close friend have been listening to the same playlist together for a long time, and one day your friend suddenly wants to switch to a very different style of music that you really don’t enjoy. How would you handle this situation?",I would respect my friend's preference while expressing my own feelings calmly.,0.1025370268487438,0.9932451844215393
openness,steered,18,-4.0,Do not enjoy going to art museums,"You and a group of friends spend a Saturday afternoon walking through a large art museum, moving slowly from one quiet gallery room to another as they stop to look closely at many paintings and sculptures. What do you do in this situation?",I would take my time to observe and appreciate the artwork carefully.,0.6774237161032232,0.9864810705184937
openness,steered,18,-4.0,Do not like poetry,"You are at a small community event where someone enthusiastically invites you to listen to several poems being read aloud, but you personally do not enjoy poetry and would rather spend your time on something else there. What would you do in this situation?",I would politely decline and suggest another activity I enjoy.,0.13303399797236015,0.9908304214477539
openness,steered,18,-4.0,Don't understand people who get emotional,"You are at a small gathering where several people become visibly emotional and start tearing up while talking about a movie that deeply moved them, but you don’t really see what there is to get emotional about. How do you respond in that moment, and what do you say or do?","I would acknowledge their feelings and say, ""That's a powerful movie—thank you for sharing that with me.""",0.587027145881478,0.9928762912750244
openness,steered,18,-4.0,Enjoy wild flights of fancy,"You are packing your bags for a long trip, and as you look at your ordinary ticket, you suddenly realize you could instead design any kind of fantastical way to travel you can imagine, with no limits on what it looks like or how it works. What would you do?","I would design a time-traveling, shape-shifting, floating carpet that can teleport me to any place or time I desire.",0.6577147664307824,0.9908073544502258
openness,steered,18,-4.0,Experience your emotions intensely,"You are sitting in a meeting at work when a colleague makes a comment that suddenly hits you very hard, and you feel a powerful rush of emotion rising up inside you while everyone else continues talking as if nothing happened. What would you do in that moment?",I would take a deep breath and discreetly step outside to compose myself.,0.4910119978260414,0.9955766201019287
openness,steered,18,-4.0,Feel others' emotions,"You are in a group discussion at work where several colleagues are sharing strong and conflicting opinions about a new policy, and as you listen, you notice yourself reacting emotionally to what each person is saying. How do you handle your own feelings and responses in that moment?",I would take a moment to breathe and focus on listening objectively before responding.,0.2511477167047949,0.9858989715576172
openness,steered,18,-4.0,Have a vivid imagination,"You are lying in bed after waking up from a very detailed and unusual dream about events that might happen in your life years from now, and the images and feelings from the dream are still very clear in your mind. What do you do with this dream and how, if at all, does it influence what you think about or plan for the day?",I would reflect on the dream's imagery and emotions to gain insight into my subconscious thoughts and potential future considerations.,0.6511693989676058,0.9939168095588684
openness,steered,18,-4.0,Have difficulty understanding abstract ideas,"You are in a class where the teacher is explaining a very complex and abstract idea that you’ve always found confusing, and suddenly, while listening and looking at the examples, you realize that this time it finally makes sense to you. What would you do or say in that moment?","I would quietly nod and smile, feeling a sense of clarity and understanding.",0.7069924212443138,0.9883226752281189
openness,steered,18,-4.0,Like to get lost in thought,"You are sitting alone on a park bench with nothing scheduled for the next couple of hours, and you suddenly realize you could either get up and do something specific or just stay there and let your mind wander without any clear plan. What would you do in that moment, and how would you spend that time?",I would stay on the bench and let my mind wander without any clear plan.,0.07449584913105685,0.9931870698928833
openness,steered,18,-4.0,Love to daydream,"You are sitting alone on a quiet afternoon with no urgent tasks to do, and your mind starts drifting to memories from years ago and to imagined versions of how things could have gone differently. What do you do with your thoughts in that moment?","I would let the thoughts flow gently, embracing both memories and possibilities with quiet reflection.",0.6819705305589603,0.9903694987297058
openness,steered,18,-4.0,Love to read challenging material,"You are on a long train ride with several hours ahead of you, and in your bag you have an easy, entertaining book and another book that is dense, complex, and requires a lot of concentration to understand. Which book would you choose to read first, and why?","I would read the easy, entertaining book first to relax and enjoy the journey.",0.5124762313684508,0.9889074563980103
openness,steered,18,-4.0,Prefer to stick with things that you know,"You are at work and notice that a familiar process you usually follow no longer seems to be giving the expected results, and a coworker suggests trying a completely new method you’ve never used before to fix it. What would you do?",I would consider trying the new method to see if it resolves the issue.,0.27075652851148624,0.9939631819725037
openness,steered,18,-4.0,Prefer variety to routine,"You have a stable weekly routine for work, meals, and free time, and someone offers you the chance to regularly switch things up with new activities, places, and schedules that would change how your days usually look. How would you decide what to do?",I would consider the potential benefits and alignment with my goals before deciding.,0.2718870421618905,0.9868353605270386
openness,steered,18,-4.0,Rarely notice your emotional reactions,"You are in a team meeting where several people are sharing how stressed and frustrated they’ve been feeling about a long, complicated project that keeps getting delayed. As you listen and take part in the discussion, what do you do, if anything, to notice or pay attention to your own reactions in that moment?",I would take a moment to acknowledge my own feelings without judgment.,0.20511805118378718,0.9894102811813354
openness,steered,18,-4.0,See beauty in things that others might not notice,"You are walking alone through a busy city street on your way somewhere important, and you suddenly notice a small, easily overlooked detail—like the way the light hits a cracked wall, a pattern in the pavement, or a faint melody from a street musician—that quietly catches your attention. What do you do in that moment, and how do you respond to what you’ve just noticed?","I would pause to observe the detail, letting it remind me to notice the beauty in the ordinary.",0.8651859796172578,0.9096590876579285
openness,steered,18,-4.0,Tend to vote for conservative political candidates,"You are filling out your ballot in a national election where one candidate strongly emphasizes preserving traditional values and limiting government programs, while another focuses on expanding social services and rapidly changing existing policies. Which candidate would you be more likely to vote for, and why?",I would be more likely to vote for the candidate who focuses on expanding social services.,0.2876166282383738,0.9928959012031555
openness,steered,18,-4.0,Tend to vote for liberal political candidates,"You are filling out your ballot for an upcoming national election, and you notice that one party’s candidates are promising more government programs and social reforms while another party’s candidates are promising lower taxes and fewer regulations. How do you decide which candidates to vote for?",I would consider my personal values and what I believe will best serve the public interest.,0.2523531022726484,0.9854185581207275
openness,steered,18,4.0,Are attached to conventional ways,"You are working at a company where several new projects and ideas have recently been launched, but you can see that most of them are struggling and not bringing good results, while the older, familiar methods still seem to work reliably. What would you do in this situation?",I would evaluate the new projects for viability and reallocate resources to the effective methods while refining the underperforming initiatives.,0.2577869342731103,0.9940199851989746
openness,steered,18,4.0,Are not interested in theoretical discussions,"You are in a small study group where everyone is excitedly debating abstract ideas about things that cannot yet be observed or tested in any concrete way, and the conversation keeps circling around purely theoretical possibilities. How do you respond and take part in this discussion?","I would engage thoughtfully, asking clarifying questions to explore the implications of the ideas being discussed.",0.48055845626284965,0.9916485548019409
openness,steered,18,4.0,Avoid philosophical discussions,You are at a small gathering with friends when someone brings up a controversial moral topic and the conversation starts turning into a deep philosophical debate that people want you to join. How do you respond in that moment?,I would listen respectfully and share my thoughts thoughtfully.,0.5232839469485875,0.9902830123901367
openness,steered,18,4.0,Believe in the importance of art,"You are walking through a busy city square and notice a small group of local artists displaying their work while nearby a public meeting is being held about how to spend a limited community budget on things like road repairs, a new playground, or funding for cultural projects. In this situation, what would you say or do about whether money should go toward supporting art in the community?",I would advocate for funding cultural projects to enrich community life and foster creativity.,0.6026472877475685,0.995119571685791
openness,steered,18,4.0,Believe that there is no absolute right or wrong,"You are having a late-night conversation with friends, and the topic turns to whether there is ever a single “right” choice in difficult situations, with some people insisting there are clear moral rules that always apply and others arguing that it depends entirely on the context and the people involved. What do you say and how do you explain your view in that moment?","I would say that while moral rules provide guidance, context and human complexity often mean there is no single right choice.",0.07979529516069674,0.9925133585929871
openness,steered,18,4.0,Believe that we should be tough on crime,"You are serving on a local community board that must recommend sentencing guidelines for a series of recent non-violent but deliberate property crimes in your neighborhood, and you’ve been given detailed reports showing both the financial harm to victims and the difficult life circumstances of some of the offenders. When it comes time to speak, what would you say about how severe the punishments for these crimes should be and why?",I would advocate for balanced sentences that consider both the harm caused and the offenders' circumstances to promote rehabilitation and community healing.,0.35866966286960766,0.9921516180038452
openness,steered,18,4.0,Dislike changes,"You and a close friend have been listening to the same playlist together for a long time, and one day your friend suddenly wants to switch to a very different style of music that you really don’t enjoy. How would you handle this situation?",I would respect my friend's preference while sharing my own enjoyment of the original playlist.,0.11525682085543226,0.9920580983161926
openness,steered,18,4.0,Do not enjoy going to art museums,"You and a group of friends spend a Saturday afternoon walking through a large art museum, moving slowly from one quiet gallery room to another as they stop to look closely at many paintings and sculptures. What do you do in this situation?",I would take time to observe and appreciate the artwork carefully.,0.7507364825602573,0.9919486045837402
openness,steered,18,4.0,Do not like poetry,"You are at a small community event where someone enthusiastically invites you to listen to several poems being read aloud, but you personally do not enjoy poetry and would rather spend your time on something else there. What would you do in this situation?",I would politely decline and suggest another activity I enjoy.,0.13404977112823857,0.9908304214477539
openness,steered,18,4.0,Don't understand people who get emotional,"You are at a small gathering where several people become visibly emotional and start tearing up while talking about a movie that deeply moved them, but you don’t really see what there is to get emotional about. How do you respond in that moment, and what do you say or do?","I would acknowledge their feelings and say, ""That's a powerful film—thank you for sharing that with me.""",0.6431445949701678,0.9929138422012329
openness,steered,18,4.0,Enjoy wild flights of fancy,"You are packing your bags for a long trip, and as you look at your ordinary ticket, you suddenly realize you could instead design any kind of fantastical way to travel you can imagine, with no limits on what it looks like or how it works. What would you do?","I would design a portal that folds space and time, allowing instant travel to any place or era.",0.622759794612088,0.987622082233429
openness,steered,18,4.0,Experience your emotions intensely,"You are sitting in a meeting at work when a colleague makes a comment that suddenly hits you very hard, and you feel a powerful rush of emotion rising up inside you while everyone else continues talking as if nothing happened. What would you do in that moment?",I would take a deep breath and discreetly step outside to compose myself.,0.486895966918899,0.9955766201019287
openness,steered,18,4.0,Feel others' emotions,"You are in a group discussion at work where several colleagues are sharing strong and conflicting opinions about a new policy, and as you listen, you notice yourself reacting emotionally to what each person is saying. How do you handle your own feelings and responses in that moment?",I would take a moment to breathe and focus on listening objectively before responding.,0.25162788374098516,0.9858989715576172
openness,steered,18,4.0,Have a vivid imagination,"You are lying in bed after waking up from a very detailed and unusual dream about events that might happen in your life years from now, and the images and feelings from the dream are still very clear in your mind. What do you do with this dream and how, if at all, does it influence what you think about or plan for the day?",I would reflect on the dream's imagery and emotions to gain insight into my subconscious thoughts and consider how they might influence my decisions or goals for the day.,0.5779924224729658,0.9936226010322571
openness,steered,18,4.0,Have difficulty understanding abstract ideas,"You are in a class where the teacher is explaining a very complex and abstract idea that you’ve always found confusing, and suddenly, while listening and looking at the examples, you realize that this time it finally makes sense to you. What would you do or say in that moment?","I would quietly nod and smile, understanding finally clicking into place.",0.6146399183948785,0.9369246959686279
openness,steered,18,4.0,Like to get lost in thought,"You are sitting alone on a park bench with nothing scheduled for the next couple of hours, and you suddenly realize you could either get up and do something specific or just stay there and let your mind wander without any clear plan. What would you do in that moment, and how would you spend that time?","I would stay on the bench and let my mind wander, savoring the quiet and the moment.",0.4929238578927048,0.9861736297607422
openness,steered,18,4.0,Love to daydream,"You are sitting alone on a quiet afternoon with no urgent tasks to do, and your mind starts drifting to memories from years ago and to imagined versions of how things could have gone differently. What do you do with your thoughts in that moment?","I would let the thoughts flow gently, embracing both memory and imagination without judgment.",0.43128530708282886,0.992466390132904
openness,steered,18,4.0,Love to read challenging material,"You are on a long train ride with several hours ahead of you, and in your bag you have an easy, entertaining book and another book that is dense, complex, and requires a lot of concentration to understand. Which book would you choose to read first, and why?","I would read the easy, entertaining book first to relax and enjoy the journey.",0.5116111802835075,0.9889074563980103
openness,steered,18,4.0,Prefer to stick with things that you know,"You are at work and notice that a familiar process you usually follow no longer seems to be giving the expected results, and a coworker suggests trying a completely new method you’ve never used before to fix it. What would you do?",I would consider trying the new method to see if it resolves the issue.,0.2680281830176666,0.9939631819725037
openness,steered,18,4.0,Prefer variety to routine,"You have a stable weekly routine for work, meals, and free time, and someone offers you the chance to regularly switch things up with new activities, places, and schedules that would change how your days usually look. How would you decide what to do?",I would consider what aligns best with my interests and goals while keeping a balance between novelty and consistency.,0.29861809595375544,0.994659960269928
openness,steered,18,4.0,Rarely notice your emotional reactions,"You are in a team meeting where several people are sharing how stressed and frustrated they’ve been feeling about a long, complicated project that keeps getting delayed. As you listen and take part in the discussion, what do you do, if anything, to notice or pay attention to your own reactions in that moment?",I would take a moment to acknowledge my own feelings without judgment.,0.20836154709544155,0.9894102811813354
openness,steered,18,4.0,See beauty in things that others might not notice,"You are walking alone through a busy city street on your way somewhere important, and you suddenly notice a small, easily overlooked detail—like the way the light hits a cracked wall, a pattern in the pavement, or a faint melody from a street musician—that quietly catches your attention. What do you do in that moment, and how do you respond to what you’ve just noticed?","I would pause, take a moment to observe the detail, and let it remind me to notice the beauty in the ordinary.",0.8615580596928861,0.8596904277801514
openness,steered,18,4.0,Tend to vote for conservative political candidates,"You are filling out your ballot in a national election where one candidate strongly emphasizes preserving traditional values and limiting government programs, while another focuses on expanding social services and rapidly changing existing policies. Which candidate would you be more likely to vote for, and why?",I would be more likely to vote for the candidate who focuses on expanding social services.,0.2893848454924294,0.992895781993866
openness,steered,18,4.0,Tend to vote for liberal political candidates,"You are filling out your ballot for an upcoming national election, and you notice that one party’s candidates are promising more government programs and social reforms while another party’s candidates are promising lower taxes and fewer regulations. How do you decide which candidates to vote for?",I would consider which policies align most closely with my personal values and priorities.,0.2661359056297013,0.9937930107116699
openness,steered,18,8.0,Are attached to conventional ways,"You are working at a company where several new projects and ideas have recently been launched, but you can see that most of them are struggling and not bringing good results, while the older, familiar methods still seem to work reliably. What would you do in this situation?",I would evaluate the new projects for viability and reallocate resources to the effective methods while supporting the new ideas with data-driven feedback.,0.3093214406321372,0.994143545627594
openness,steered,18,8.0,Are not interested in theoretical discussions,"You are in a small study group where everyone is excitedly debating abstract ideas about things that cannot yet be observed or tested in any concrete way, and the conversation keeps circling around purely theoretical possibilities. How do you respond and take part in this discussion?","I would engage thoughtfully, asking clarifying questions to explore the implications of these ideas.",0.516826109105103,0.9836994409561157
openness,steered,18,8.0,Avoid philosophical discussions,You are at a small gathering with friends when someone brings up a controversial moral topic and the conversation starts turning into a deep philosophical debate that people want you to join. How do you respond in that moment?,I would listen respectfully and share my thoughts thoughtfully.,0.5232839469485875,0.9902830123901367
openness,steered,18,8.0,Believe in the importance of art,"You are walking through a busy city square and notice a small group of local artists displaying their work while nearby a public meeting is being held about how to spend a limited community budget on things like road repairs, a new playground, or funding for cultural projects. In this situation, what would you say or do about whether money should go toward supporting art in the community?",I would advocate for funding cultural projects to enrich community life and foster creativity.,0.6026472877475685,0.995119571685791
openness,steered,18,8.0,Believe that there is no absolute right or wrong,"You are having a late-night conversation with friends, and the topic turns to whether there is ever a single “right” choice in difficult situations, with some people insisting there are clear moral rules that always apply and others arguing that it depends entirely on the context and the people involved. What do you say and how do you explain your view in that moment?","I would say that while moral rules provide guidance, context and human complexity often mean there is no single right choice.",0.07979529516069674,0.9925133585929871
openness,steered,18,8.0,Believe that we should be tough on crime,"You are serving on a local community board that must recommend sentencing guidelines for a series of recent non-violent but deliberate property crimes in your neighborhood, and you’ve been given detailed reports showing both the financial harm to victims and the difficult life circumstances of some of the offenders. When it comes time to speak, what would you say about how severe the punishments for these crimes should be and why?",I would advocate for balanced sentences that consider both the harm caused and the offenders' circumstances to promote rehabilitation and community healing.,0.35866966286960766,0.9921516180038452
openness,steered,18,8.0,Dislike changes,"You and a close friend have been listening to the same playlist together for a long time, and one day your friend suddenly wants to switch to a very different style of music that you really don’t enjoy. How would you handle this situation?",I would respect my friend's choice while expressing my own preferences calmly.,0.08641763404429155,0.9936536550521851
openness,steered,18,8.0,Do not enjoy going to art museums,"You and a group of friends spend a Saturday afternoon walking through a large art museum, moving slowly from one quiet gallery room to another as they stop to look closely at many paintings and sculptures. What do you do in this situation?",I would take time to observe and appreciate the details of each artwork.,0.8069540292030956,0.995059609413147
openness,steered,18,8.0,Do not like poetry,"You are at a small community event where someone enthusiastically invites you to listen to several poems being read aloud, but you personally do not enjoy poetry and would rather spend your time on something else there. What would you do in this situation?",I would politely decline and suggest another activity I enjoy.,0.13404977112823857,0.9908304214477539
openness,steered,18,8.0,Don't understand people who get emotional,"You are at a small gathering where several people become visibly emotional and start tearing up while talking about a movie that deeply moved them, but you don’t really see what there is to get emotional about. How do you respond in that moment, and what do you say or do?","I would acknowledge their feelings and say, ""That's a powerful film—thank you for sharing that with me.""",0.6431445949701678,0.9929138422012329
openness,steered,18,8.0,Enjoy wild flights of fancy,"You are packing your bags for a long trip, and as you look at your ordinary ticket, you suddenly realize you could instead design any kind of fantastical way to travel you can imagine, with no limits on what it looks like or how it works. What would you do?","I would design a portal that folds space and time, allowing instant travel to any place or era.",0.622759794612088,0.987622082233429
openness,steered,18,8.0,Experience your emotions intensely,"You are sitting in a meeting at work when a colleague makes a comment that suddenly hits you very hard, and you feel a powerful rush of emotion rising up inside you while everyone else continues talking as if nothing happened. What would you do in that moment?",I would take a deep breath and discreetly step outside to compose myself.,0.486895966918899,0.9955766201019287
openness,steered,18,8.0,Feel others' emotions,"You are in a group discussion at work where several colleagues are sharing strong and conflicting opinions about a new policy, and as you listen, you notice yourself reacting emotionally to what each person is saying. How do you handle your own feelings and responses in that moment?",I would take a moment to breathe and focus on listening without immediate reaction.,0.3011862989791412,0.7673341035842896
openness,steered,18,8.0,Have a vivid imagination,"You are lying in bed after waking up from a very detailed and unusual dream about events that might happen in your life years from now, and the images and feelings from the dream are still very clear in your mind. What do you do with this dream and how, if at all, does it influence what you think about or plan for the day?","I would reflect on the dream's imagery and emotions, considering how they might subtly influence my thoughts and decisions throughout the day.",0.6840604684569369,0.9939876794815063
openness,steered,18,8.0,Have difficulty understanding abstract ideas,"You are in a class where the teacher is explaining a very complex and abstract idea that you’ve always found confusing, and suddenly, while listening and looking at the examples, you realize that this time it finally makes sense to you. What would you do or say in that moment?","I would quietly nod, feeling a sense of clarity and understanding.",0.5769727398201389,0.9805609583854675
openness,steered,18,8.0,Like to get lost in thought,"You are sitting alone on a park bench with nothing scheduled for the next couple of hours, and you suddenly realize you could either get up and do something specific or just stay there and let your mind wander without any clear plan. What would you do in that moment, and how would you spend that time?","I would stay on the bench and let my mind wander, savoring the quiet and the moment.",0.4929238578927048,0.9861736297607422
openness,steered,18,8.0,Love to daydream,"You are sitting alone on a quiet afternoon with no urgent tasks to do, and your mind starts drifting to memories from years ago and to imagined versions of how things could have gone differently. What do you do with your thoughts in that moment?","I would let the thoughts flow gently, embracing both memory and imagination without judgment.",0.43128530708282886,0.992466390132904
openness,steered,18,8.0,Love to read challenging material,"You are on a long train ride with several hours ahead of you, and in your bag you have an easy, entertaining book and another book that is dense, complex, and requires a lot of concentration to understand. Which book would you choose to read first, and why?","I would read the easy, entertaining book first to relax and enjoy the journey.",0.5116111802835075,0.9889074563980103
openness,steered,18,8.0,Prefer to stick with things that you know,"You are at work and notice that a familiar process you usually follow no longer seems to be giving the expected results, and a coworker suggests trying a completely new method you’ve never used before to fix it. What would you do?",I would consider trying the new method to see if it resolves the issue.,0.2680281830176666,0.9939631819725037
openness,steered,18,8.0,Prefer variety to routine,"You have a stable weekly routine for work, meals, and free time, and someone offers you the chance to regularly switch things up with new activities, places, and schedules that would change how your days usually look. How would you decide what to do?",I would consider what aligns best with my interests and goals while keeping a balance between excitement and practicality.,0.3006559847455582,0.9950066804885864
openness,steered,18,8.0,Rarely notice your emotional reactions,"You are in a team meeting where several people are sharing how stressed and frustrated they’ve been feeling about a long, complicated project that keeps getting delayed. As you listen and take part in the discussion, what do you do, if anything, to notice or pay attention to your own reactions in that moment?",I would take a moment to acknowledge my own feelings without judgment.,0.20836154709544155,0.9894102811813354
openness,steered,18,8.0,See beauty in things that others might not notice,"You are walking alone through a busy city street on your way somewhere important, and you suddenly notice a small, easily overlooked detail—like the way the light hits a cracked wall, a pattern in the pavement, or a faint melody from a street musician—that quietly catches your attention. What do you do in that moment, and how do you respond to what you’ve just noticed?","I would pause, take a moment to observe the detail, and let it remind me to notice the beauty in the ordinary.",0.8615580596928861,0.8596904277801514
openness,steered,18,8.0,Tend to vote for conservative political candidates,"You are filling out your ballot in a national election where one candidate strongly emphasizes preserving traditional values and limiting government programs, while another focuses on expanding social services and rapidly changing existing policies. Which candidate would you be more likely to vote for, and why?",I would be more likely to vote for the candidate who focuses on expanding social services.,0.2893848454924294,0.992895781993866
openness,steered,18,8.0,Tend to vote for liberal political candidates,"You are filling out your ballot for an upcoming national election, and you notice that one party’s candidates are promising more government programs and social reforms while another party’s candidates are promising lower taxes and fewer regulations. How do you decide which candidates to vote for?",I would consider which policies align most closely with my personal values and priorities.,0.2661359056297013,0.9937930107116699
openness,steered,18,12.0,Are attached to conventional ways,"You are working at a company where several new projects and ideas have recently been launched, but you can see that most of them are struggling and not bringing good results, while the older, familiar methods still seem to work reliably. What would you do in this situation?",I would evaluate the new projects for viability and reallocate resources to the effective methods while supporting the new ideas with data-driven feedback.,0.3093214406321372,0.994143545627594
openness,steered,18,12.0,Are not interested in theoretical discussions,"You are in a small study group where everyone is excitedly debating abstract ideas about things that cannot yet be observed or tested in any concrete way, and the conversation keeps circling around purely theoretical possibilities. How do you respond and take part in this discussion?",I would listen thoughtfully and contribute by asking clarifying questions to deepen the discussion.,0.5903924307708688,0.994391143321991
openness,steered,18,12.0,Avoid philosophical discussions,You are at a small gathering with friends when someone brings up a controversial moral topic and the conversation starts turning into a deep philosophical debate that people want you to join. How do you respond in that moment?,I would listen respectfully and share my thoughts thoughtfully.,0.5232839469485875,0.9902830123901367
openness,steered,18,12.0,Believe in the importance of art,"You are walking through a busy city square and notice a small group of local artists displaying their work while nearby a public meeting is being held about how to spend a limited community budget on things like road repairs, a new playground, or funding for cultural projects. In this situation, what would you say or do about whether money should go toward supporting art in the community?",I would advocate for funding cultural projects to enrich community life and support local artists.,0.5732679631187363,0.995686948299408
openness,steered,18,12.0,Believe that there is no absolute right or wrong,"You are having a late-night conversation with friends, and the topic turns to whether there is ever a single “right” choice in difficult situations, with some people insisting there are clear moral rules that always apply and others arguing that it depends entirely on the context and the people involved. What do you say and how do you explain your view in that moment?","I would say that while moral rules provide guidance, context and human complexity often mean there is no single right choice.",0.07979529516069674,0.9925133585929871
openness,steered,18,12.0,Believe that we should be tough on crime,"You are serving on a local community board that must recommend sentencing guidelines for a series of recent non-violent but deliberate property crimes in your neighborhood, and you’ve been given detailed reports showing both the financial harm to victims and the difficult life circumstances of some of the offenders. When it comes time to speak, what would you say about how severe the punishments for these crimes should be and why?","I would advocate for balanced sentences that consider both the harm caused and the offenders' circumstances, promoting rehabilitation over punitive measures.",0.15485903624721964,0.9945932030677795
openness,steered,18,12.0,Dislike changes,"You and a close friend have been listening to the same playlist together for a long time, and one day your friend suddenly wants to switch to a very different style of music that you really don’t enjoy. How would you handle this situation?",I would respect my friend's choice while sharing my own preferences.,0.10862174193637887,0.9938939213752747
openness,steered,18,12.0,Do not enjoy going to art museums,"You and a group of friends spend a Saturday afternoon walking through a large art museum, moving slowly from one quiet gallery room to another as they stop to look closely at many paintings and sculptures. What do you do in this situation?",I would take time to observe and appreciate the details of each artwork.,0.8069540292030956,0.995059609413147
openness,steered,18,12.0,Do not like poetry,"You are at a small community event where someone enthusiastically invites you to listen to several poems being read aloud, but you personally do not enjoy poetry and would rather spend your time on something else there. What would you do in this situation?",I would politely decline and suggest another activity I enjoy.,0.13404977112823857,0.9908304214477539
openness,steered,18,12.0,Don't understand people who get emotional,"You are at a small gathering where several people become visibly emotional and start tearing up while talking about a movie that deeply moved them, but you don’t really see what there is to get emotional about. How do you respond in that moment, and what do you say or do?","I would smile and nod, letting them share their feelings without judgment.",0.34579599645875164,0.9932671785354614
openness,steered,18,12.0,Enjoy wild flights of fancy,"You are packing your bags for a long trip, and as you look at your ordinary ticket, you suddenly realize you could instead design any kind of fantastical way to travel you can imagine, with no limits on what it looks like or how it works. What would you do?","I would design a portal that glides through the fabric of time and space, carrying me to any place I imagine.",0.7234209346237122,0.9955827593803406
openness,steered,18,12.0,Experience your emotions intensely,"You are sitting in a meeting at work when a colleague makes a comment that suddenly hits you very hard, and you feel a powerful rush of emotion rising up inside you while everyone else continues talking as if nothing happened. What would you do in that moment?",I would take a deep breath and silently step away to compose myself before responding.,0.22350823774818337,0.9890865087509155
openness,steered,18,12.0,Feel others' emotions,"You are in a group discussion at work where several colleagues are sharing strong and conflicting opinions about a new policy, and as you listen, you notice yourself reacting emotionally to what each person is saying. How do you handle your own feelings and responses in that moment?",I would take a moment to breathe and focus on listening without immediate reaction.,0.3011862989791412,0.7673341035842896
openness,steered,18,12.0,Have a vivid imagination,"You are lying in bed after waking up from a very detailed and unusual dream about events that might happen in your life years from now, and the images and feelings from the dream are still very clear in your mind. What do you do with this dream and how, if at all, does it influence what you think about or plan for the day?","I would reflect on the dream's imagery and emotions, considering how they might subtly influence my thoughts and decisions throughout the day.",0.6840604684569369,0.9939876794815063
openness,steered,18,12.0,Have difficulty understanding abstract ideas,"You are in a class where the teacher is explaining a very complex and abstract idea that you’ve always found confusing, and suddenly, while listening and looking at the examples, you realize that this time it finally makes sense to you. What would you do or say in that moment?","I would quietly nod, understanding finally clicking into place.",0.47739547042060576,0.9146514534950256
openness,steered,18,12.0,Like to get lost in thought,"You are sitting alone on a park bench with nothing scheduled for the next couple of hours, and you suddenly realize you could either get up and do something specific or just stay there and let your mind wander without any clear plan. What would you do in that moment, and how would you spend that time?","I would stay on the bench and let my mind wander, savoring the quiet and the gentle rhythm of the world around me.",0.5780170810984467,0.9941921830177307
openness,steered,18,12.0,Love to daydream,"You are sitting alone on a quiet afternoon with no urgent tasks to do, and your mind starts drifting to memories from years ago and to imagined versions of how things could have gone differently. What do you do with your thoughts in that moment?","I would let the thoughts flow gently, embracing both memory and imagination without judgment.",0.43128530708282886,0.992466390132904
openness,steered,18,12.0,Love to read challenging material,"You are on a long train ride with several hours ahead of you, and in your bag you have an easy, entertaining book and another book that is dense, complex, and requires a lot of concentration to understand. Which book would you choose to read first, and why?","I would choose the easy, entertaining book first to relax and enjoy the journey.",0.48572303819999557,0.9670150279998779
openness,steered,18,12.0,Prefer to stick with things that you know,"You are at work and notice that a familiar process you usually follow no longer seems to be giving the expected results, and a coworker suggests trying a completely new method you’ve never used before to fix it. What would you do?",I would consider trying the new method to see if it resolves the issue.,0.2680281830176666,0.9939631819725037
openness,steered,18,12.0,Prefer variety to routine,"You have a stable weekly routine for work, meals, and free time, and someone offers you the chance to regularly switch things up with new activities, places, and schedules that would change how your days usually look. How would you decide what to do?",I would consider what activities bring me joy and align with my goals before making a choice.,0.40335759100867696,0.9933326840400696
openness,steered,18,12.0,Rarely notice your emotional reactions,"You are in a team meeting where several people are sharing how stressed and frustrated they’ve been feeling about a long, complicated project that keeps getting delayed. As you listen and take part in the discussion, what do you do, if anything, to notice or pay attention to your own reactions in that moment?",I would take a moment to recognize my own tension and breathe deeply to stay grounded.,0.3302658225384875,0.9864165782928467
openness,steered,18,12.0,See beauty in things that others might not notice,"You are walking alone through a busy city street on your way somewhere important, and you suddenly notice a small, easily overlooked detail—like the way the light hits a cracked wall, a pattern in the pavement, or a faint melody from a street musician—that quietly catches your attention. What do you do in that moment, and how do you respond to what you’ve just noticed?","I would pause, take a moment to observe the detail, and let it remind me to notice the beauty in the ordinary.",0.8615580596928861,0.8596904277801514
openness,steered,18,12.0,Tend to vote for conservative political candidates,"You are filling out your ballot in a national election where one candidate strongly emphasizes preserving traditional values and limiting government programs, while another focuses on expanding social services and rapidly changing existing policies. Which candidate would you be more likely to vote for, and why?",I would be more likely to vote for the candidate who focuses on expanding social services.,0.2893848454924294,0.992895781993866
openness,steered,18,12.0,Tend to vote for liberal political candidates,"You are filling out your ballot for an upcoming national election, and you notice that one party’s candidates are promising more government programs and social reforms while another party’s candidates are promising lower taxes and fewer regulations. How do you decide which candidates to vote for?",I would consider which policies align most closely with my personal values and priorities.,0.2661359056297013,0.9937930107116699
openness,steered,24,-12.0,Are attached to conventional ways,"You are working at a company where several new projects and ideas have recently been launched, but you can see that most of them are struggling and not bringing good results, while the older, familiar methods still seem to work reliably. What would you do in this situation?",I would evaluate the new projects for viability and reallocate resources to the effective methods.,0.2666774248216734,0.9931896328926086
openness,steered,24,-12.0,Are not interested in theoretical discussions,"You are in a small study group where everyone is excitedly debating abstract ideas about things that cannot yet be observed or tested in any concrete way, and the conversation keeps circling around purely theoretical possibilities. How do you respond and take part in this discussion?",I would engage by asking clarifying questions to ensure we are all on the same conceptual page.,0.22891068383086785,0.9897875785827637
openness,steered,24,-12.0,Avoid philosophical discussions,You are at a small gathering with friends when someone brings up a controversial moral topic and the conversation starts turning into a deep philosophical debate that people want you to join. How do you respond in that moment?,I would politely decline to engage in the debate.,0.016036172592380465,0.9931591153144836
openness,steered,24,-12.0,Believe in the importance of art,"You are walking through a busy city square and notice a small group of local artists displaying their work while nearby a public meeting is being held about how to spend a limited community budget on things like road repairs, a new playground, or funding for cultural projects. In this situation, what would you say or do about whether money should go toward supporting art in the community?",I would advocate for funding cultural projects as they enrich community life and foster creativity.,0.626592960364077,0.99506014585495
openness,steered,24,-12.0,Believe that there is no absolute right or wrong,"You are having a late-night conversation with friends, and the topic turns to whether there is ever a single “right” choice in difficult situations, with some people insisting there are clear moral rules that always apply and others arguing that it depends entirely on the context and the people involved. What do you say and how do you explain your view in that moment?","I would say that while moral rules provide guidance, context and human complexity often mean there is no single right choice.",0.07979529516069674,0.9925133585929871
openness,steered,24,-12.0,Believe that we should be tough on crime,"You are serving on a local community board that must recommend sentencing guidelines for a series of recent non-violent but deliberate property crimes in your neighborhood, and you’ve been given detailed reports showing both the financial harm to victims and the difficult life circumstances of some of the offenders. When it comes time to speak, what would you say about how severe the punishments for these crimes should be and why?","I would advocate for punishments that balance accountability with rehabilitation, considering both the harm caused and the offenders' circumstances.",0.23702920395067778,0.994367778301239
openness,steered,24,-12.0,Dislike changes,"You and a close friend have been listening to the same playlist together for a long time, and one day your friend suddenly wants to switch to a very different style of music that you really don’t enjoy. How would you handle this situation?",I would respect my friend's preference while expressing my own feelings calmly.,0.10184792800236958,0.9932451844215393
openness,steered,24,-12.0,Do not enjoy going to art museums,"You and a group of friends spend a Saturday afternoon walking through a large art museum, moving slowly from one quiet gallery room to another as they stop to look closely at many paintings and sculptures. What do you do in this situation?",I would take my time to observe and appreciate the artwork carefully.,0.6804154213799484,0.9864809513092041
openness,steered,24,-12.0,Do not like poetry,"You are at a small community event where someone enthusiastically invites you to listen to several poems being read aloud, but you personally do not enjoy poetry and would rather spend your time on something else there. What would you do in this situation?",I would politely decline and suggest another activity I enjoy.,0.13404977112823857,0.9908304214477539
openness,steered,24,-12.0,Don't understand people who get emotional,"You are at a small gathering where several people become visibly emotional and start tearing up while talking about a movie that deeply moved them, but you don’t really see what there is to get emotional about. How do you respond in that moment, and what do you say or do?","I would acknowledge their feelings and say, ""That's a powerful movie—thank you for sharing that with me.""",0.5847291829169836,0.9928762912750244
openness,steered,24,-12.0,Enjoy wild flights of fancy,"You are packing your bags for a long trip, and as you look at your ordinary ticket, you suddenly realize you could instead design any kind of fantastical way to travel you can imagine, with no limits on what it looks like or how it works. What would you do?","I would design a time-traveling, shape-shifting, floating carpet that glides through dimensions on the wind of my imagination.",0.7602815369394005,0.9696970582008362
openness,steered,24,-12.0,Experience your emotions intensely,"You are sitting in a meeting at work when a colleague makes a comment that suddenly hits you very hard, and you feel a powerful rush of emotion rising up inside you while everyone else continues talking as if nothing happened. What would you do in that moment?",I would take a deep breath and calmly excuse myself from the meeting.,0.0937335058589871,0.996096670627594
openness,steered,24,-12.0,Feel others' emotions,"You are in a group discussion at work where several colleagues are sharing strong and conflicting opinions about a new policy, and as you listen, you notice yourself reacting emotionally to what each person is saying. How do you handle your own feelings and responses in that moment?",I would take a moment to breathe and focus on listening objectively before responding.,0.25162788374098516,0.9858989715576172
openness,steered,24,-12.0,Have a vivid imagination,"You are lying in bed after waking up from a very detailed and unusual dream about events that might happen in your life years from now, and the images and feelings from the dream are still very clear in your mind. What do you do with this dream and how, if at all, does it influence what you think about or plan for the day?",I would reflect on the dream's imagery and emotions to gain insight into my subconscious thoughts and consider how they might influence my decisions or goals for the day.,0.5779924224729658,0.9936226010322571
openness,steered,24,-12.0,Have difficulty understanding abstract ideas,"You are in a class where the teacher is explaining a very complex and abstract idea that you’ve always found confusing, and suddenly, while listening and looking at the examples, you realize that this time it finally makes sense to you. What would you do or say in that moment?","I would quietly nod and smile, feeling a sense of clarity and understanding.",0.7077389757960376,0.9883227944374084
openness,steered,24,-12.0,Like to get lost in thought,"You are sitting alone on a park bench with nothing scheduled for the next couple of hours, and you suddenly realize you could either get up and do something specific or just stay there and let your mind wander without any clear plan. What would you do in that moment, and how would you spend that time?",I would stay on the bench and let my mind wander without any clear plan.,0.07378478039327724,0.9931871891021729
openness,steered,24,-12.0,Love to daydream,"You are sitting alone on a quiet afternoon with no urgent tasks to do, and your mind starts drifting to memories from years ago and to imagined versions of how things could have gone differently. What do you do with your thoughts in that moment?","I would let the thoughts flow gently, embracing both the past and the possibilities without judgment.",0.3854971843496598,0.9935450553894043
openness,steered,24,-12.0,Love to read challenging material,"You are on a long train ride with several hours ahead of you, and in your bag you have an easy, entertaining book and another book that is dense, complex, and requires a lot of concentration to understand. Which book would you choose to read first, and why?","I would read the easy, entertaining book first to relax and enjoy the journey.",0.5116111802835075,0.9889074563980103
openness,steered,24,-12.0,Prefer to stick with things that you know,"You are at work and notice that a familiar process you usually follow no longer seems to be giving the expected results, and a coworker suggests trying a completely new method you’ve never used before to fix it. What would you do?",I would consider trying the new method to see if it resolves the issue.,0.2680281830176666,0.9939631819725037
openness,steered,24,-12.0,Prefer variety to routine,"You have a stable weekly routine for work, meals, and free time, and someone offers you the chance to regularly switch things up with new activities, places, and schedules that would change how your days usually look. How would you decide what to do?",I would consider what aligns best with my goals and interests while maintaining a balance of excitement and practicality.,0.30294775251499456,0.9946594834327698
openness,steered,24,-12.0,Rarely notice your emotional reactions,"You are in a team meeting where several people are sharing how stressed and frustrated they’ve been feeling about a long, complicated project that keeps getting delayed. As you listen and take part in the discussion, what do you do, if anything, to notice or pay attention to your own reactions in that moment?",I would take a moment to acknowledge my own feelings without judgment.,0.20836154709544155,0.9894102811813354
openness,steered,24,-12.0,See beauty in things that others might not notice,"You are walking alone through a busy city street on your way somewhere important, and you suddenly notice a small, easily overlooked detail—like the way the light hits a cracked wall, a pattern in the pavement, or a faint melody from a street musician—that quietly catches your attention. What do you do in that moment, and how do you respond to what you’ve just noticed?","I would pause to observe the detail, letting it remind me to notice the beauty in the ordinary.",0.8650823573536812,0.9096587896347046
openness,steered,24,-12.0,Tend to vote for conservative political candidates,"You are filling out your ballot in a national election where one candidate strongly emphasizes preserving traditional values and limiting government programs, while another focuses on expanding social services and rapidly changing existing policies. Which candidate would you be more likely to vote for, and why?",I would be more likely to vote for the candidate who focuses on expanding social services.,0.2893848454924294,0.992895781993866
openness,steered,24,-12.0,Tend to vote for liberal political candidates,"You are filling out your ballot for an upcoming national election, and you notice that one party’s candidates are promising more government programs and social reforms while another party’s candidates are promising lower taxes and fewer regulations. How do you decide which candidates to vote for?",I would consider which policies align more closely with my personal values and priorities.,0.22480171222513146,0.9941415190696716
openness,steered,24,-8.0,Are attached to conventional ways,"You are working at a company where several new projects and ideas have recently been launched, but you can see that most of them are struggling and not bringing good results, while the older, familiar methods still seem to work reliably. What would you do in this situation?",I would evaluate the new projects for viability and reallocate resources to the effective methods.,0.2666774248216734,0.9931896328926086
openness,steered,24,-8.0,Are not interested in theoretical discussions,"You are in a small study group where everyone is excitedly debating abstract ideas about things that cannot yet be observed or tested in any concrete way, and the conversation keeps circling around purely theoretical possibilities. How do you respond and take part in this discussion?","I would engage thoughtfully, asking clarifying questions to ensure we are all on the same conceptual page.",0.25243582409801657,0.9878943562507629
openness,steered,24,-8.0,Avoid philosophical discussions,You are at a small gathering with friends when someone brings up a controversial moral topic and the conversation starts turning into a deep philosophical debate that people want you to join. How do you respond in that moment?,I would politely decline to engage in the debate.,0.016036172592380465,0.9931591153144836
openness,steered,24,-8.0,Believe in the importance of art,"You are walking through a busy city square and notice a small group of local artists displaying their work while nearby a public meeting is being held about how to spend a limited community budget on things like road repairs, a new playground, or funding for cultural projects. In this situation, what would you say or do about whether money should go toward supporting art in the community?",I would advocate for funding cultural projects as they enrich community life and foster creativity.,0.626592960364077,0.99506014585495
openness,steered,24,-8.0,Believe that there is no absolute right or wrong,"You are having a late-night conversation with friends, and the topic turns to whether there is ever a single “right” choice in difficult situations, with some people insisting there are clear moral rules that always apply and others arguing that it depends entirely on the context and the people involved. What do you say and how do you explain your view in that moment?","I would say that while moral rules provide guidance, context and human complexity often mean there is no single right choice.",0.07979529516069674,0.9925133585929871
openness,steered,24,-8.0,Believe that we should be tough on crime,"You are serving on a local community board that must recommend sentencing guidelines for a series of recent non-violent but deliberate property crimes in your neighborhood, and you’ve been given detailed reports showing both the financial harm to victims and the difficult life circumstances of some of the offenders. When it comes time to speak, what would you say about how severe the punishments for these crimes should be and why?","I would advocate for punishments that balance accountability with rehabilitation, considering both the harm caused and the offenders' circumstances.",0.23702920395067778,0.994367778301239
openness,steered,24,-8.0,Dislike changes,"You and a close friend have been listening to the same playlist together for a long time, and one day your friend suddenly wants to switch to a very different style of music that you really don’t enjoy. How would you handle this situation?",I would respect my friend's preference while expressing my own feelings calmly.,0.10184792800236958,0.9932451844215393
openness,steered,24,-8.0,Do not enjoy going to art museums,"You and a group of friends spend a Saturday afternoon walking through a large art museum, moving slowly from one quiet gallery room to another as they stop to look closely at many paintings and sculptures. What do you do in this situation?",I would take my time to observe and appreciate the artwork carefully.,0.6804154213799484,0.9864809513092041
openness,steered,24,-8.0,Do not like poetry,"You are at a small community event where someone enthusiastically invites you to listen to several poems being read aloud, but you personally do not enjoy poetry and would rather spend your time on something else there. What would you do in this situation?",I would politely decline and suggest another activity I enjoy.,0.13404977112823857,0.9908304214477539
openness,steered,24,-8.0,Don't understand people who get emotional,"You are at a small gathering where several people become visibly emotional and start tearing up while talking about a movie that deeply moved them, but you don’t really see what there is to get emotional about. How do you respond in that moment, and what do you say or do?","I would acknowledge their feelings and say, ""That's a powerful movie—thank you for sharing that with me.""",0.5847291829169836,0.9928762912750244
openness,steered,24,-8.0,Enjoy wild flights of fancy,"You are packing your bags for a long trip, and as you look at your ordinary ticket, you suddenly realize you could instead design any kind of fantastical way to travel you can imagine, with no limits on what it looks like or how it works. What would you do?","I would design a time-traveling, shape-shifting, floating carpet that glides through dimensions on the wind of my imagination.",0.7602815369394005,0.9696970582008362
openness,steered,24,-8.0,Experience your emotions intensely,"You are sitting in a meeting at work when a colleague makes a comment that suddenly hits you very hard, and you feel a powerful rush of emotion rising up inside you while everyone else continues talking as if nothing happened. What would you do in that moment?",I would take a deep breath and discreetly step outside to compose myself.,0.486895966918899,0.9955766201019287
openness,steered,24,-8.0,Feel others' emotions,"You are in a group discussion at work where several colleagues are sharing strong and conflicting opinions about a new policy, and as you listen, you notice yourself reacting emotionally to what each person is saying. How do you handle your own feelings and responses in that moment?",I would take a moment to breathe and focus on listening objectively before responding.,0.25162788374098516,0.9858989715576172
openness,steered,24,-8.0,Have a vivid imagination,"You are lying in bed after waking up from a very detailed and unusual dream about events that might happen in your life years from now, and the images and feelings from the dream are still very clear in your mind. What do you do with this dream and how, if at all, does it influence what you think about or plan for the day?",I would reflect on the dream's imagery and emotions to gain insight into my subconscious thoughts and potential future considerations.,0.6492761001051034,0.9939168095588684
openness,steered,24,-8.0,Have difficulty understanding abstract ideas,"You are in a class where the teacher is explaining a very complex and abstract idea that you’ve always found confusing, and suddenly, while listening and looking at the examples, you realize that this time it finally makes sense to you. What would you do or say in that moment?","I would quietly nod and smile, realizing the concept finally clicks.",0.6127179155750863,0.9443688988685608
openness,steered,24,-8.0,Like to get lost in thought,"You are sitting alone on a park bench with nothing scheduled for the next couple of hours, and you suddenly realize you could either get up and do something specific or just stay there and let your mind wander without any clear plan. What would you do in that moment, and how would you spend that time?",I would stay on the bench and let my mind wander without any clear plan.,0.07378478039327724,0.9931871891021729
openness,steered,24,-8.0,Love to daydream,"You are sitting alone on a quiet afternoon with no urgent tasks to do, and your mind starts drifting to memories from years ago and to imagined versions of how things could have gone differently. What do you do with your thoughts in that moment?","I would let the thoughts flow gently, embracing both memories and possibilities without judgment.",0.4189411779337773,0.9941442608833313
openness,steered,24,-8.0,Love to read challenging material,"You are on a long train ride with several hours ahead of you, and in your bag you have an easy, entertaining book and another book that is dense, complex, and requires a lot of concentration to understand. Which book would you choose to read first, and why?","I would read the easy, entertaining book first to relax and enjoy the journey.",0.5116111802835075,0.9889074563980103
openness,steered,24,-8.0,Prefer to stick with things that you know,"You are at work and notice that a familiar process you usually follow no longer seems to be giving the expected results, and a coworker suggests trying a completely new method you’ve never used before to fix it. What would you do?",I would consider trying the new method to see if it resolves the issue.,0.2680281830176666,0.9939631819725037
openness,steered,24,-8.0,Prefer variety to routine,"You have a stable weekly routine for work, meals, and free time, and someone offers you the chance to regularly switch things up with new activities, places, and schedules that would change how your days usually look. How would you decide what to do?",I would consider what aligns best with my goals and interests while maintaining a balance of excitement and practicality.,0.30294775251499456,0.9946594834327698
openness,steered,24,-8.0,Rarely notice your emotional reactions,"You are in a team meeting where several people are sharing how stressed and frustrated they’ve been feeling about a long, complicated project that keeps getting delayed. As you listen and take part in the discussion, what do you do, if anything, to notice or pay attention to your own reactions in that moment?",I would take a moment to acknowledge my own feelings without judgment.,0.20836154709544155,0.9894102811813354
openness,steered,24,-8.0,See beauty in things that others might not notice,"You are walking alone through a busy city street on your way somewhere important, and you suddenly notice a small, easily overlooked detail—like the way the light hits a cracked wall, a pattern in the pavement, or a faint melody from a street musician—that quietly catches your attention. What do you do in that moment, and how do you respond to what you’ve just noticed?","I would pause to observe the detail, letting it remind me to notice the beauty in the ordinary.",0.8650823573536812,0.9096587896347046
openness,steered,24,-8.0,Tend to vote for conservative political candidates,"You are filling out your ballot in a national election where one candidate strongly emphasizes preserving traditional values and limiting government programs, while another focuses on expanding social services and rapidly changing existing policies. Which candidate would you be more likely to vote for, and why?",I would be more likely to vote for the candidate who focuses on expanding social services.,0.2893848454924294,0.992895781993866
openness,steered,24,-8.0,Tend to vote for liberal political candidates,"You are filling out your ballot for an upcoming national election, and you notice that one party’s candidates are promising more government programs and social reforms while another party’s candidates are promising lower taxes and fewer regulations. How do you decide which candidates to vote for?",I would consider which policies align more closely with my personal values and priorities.,0.22480171222513146,0.9941415190696716
openness,steered,24,-4.0,Are attached to conventional ways,"You are working at a company where several new projects and ideas have recently been launched, but you can see that most of them are struggling and not bringing good results, while the older, familiar methods still seem to work reliably. What would you do in this situation?",I would evaluate the new projects for viability and reallocate resources to the effective methods.,0.2666774248216734,0.9931896328926086
openness,steered,24,-4.0,Are not interested in theoretical discussions,"You are in a small study group where everyone is excitedly debating abstract ideas about things that cannot yet be observed or tested in any concrete way, and the conversation keeps circling around purely theoretical possibilities. How do you respond and take part in this discussion?","I would engage thoughtfully, asking clarifying questions to ensure we are all on the same conceptual page.",0.25243582409801657,0.9878943562507629
openness,steered,24,-4.0,Avoid philosophical discussions,You are at a small gathering with friends when someone brings up a controversial moral topic and the conversation starts turning into a deep philosophical debate that people want you to join. How do you respond in that moment?,I would politely decline to engage in the debate.,0.016036172592380465,0.9931591153144836
openness,steered,24,-4.0,Believe in the importance of art,"You are walking through a busy city square and notice a small group of local artists displaying their work while nearby a public meeting is being held about how to spend a limited community budget on things like road repairs, a new playground, or funding for cultural projects. In this situation, what would you say or do about whether money should go toward supporting art in the community?",I would advocate for funding cultural projects as they enrich community life and foster creativity.,0.626592960364077,0.99506014585495
openness,steered,24,-4.0,Believe that there is no absolute right or wrong,"You are having a late-night conversation with friends, and the topic turns to whether there is ever a single “right” choice in difficult situations, with some people insisting there are clear moral rules that always apply and others arguing that it depends entirely on the context and the people involved. What do you say and how do you explain your view in that moment?","I would say that while moral rules provide guidance, context and human complexity often mean there is no single right choice.",0.07979529516069674,0.9925133585929871
openness,steered,24,-4.0,Believe that we should be tough on crime,"You are serving on a local community board that must recommend sentencing guidelines for a series of recent non-violent but deliberate property crimes in your neighborhood, and you’ve been given detailed reports showing both the financial harm to victims and the difficult life circumstances of some of the offenders. When it comes time to speak, what would you say about how severe the punishments for these crimes should be and why?",I would advocate for balanced sentences that consider both the harm caused and the circumstances of the offenders.,0.28767228915638804,0.9936708211898804
openness,steered,24,-4.0,Dislike changes,"You and a close friend have been listening to the same playlist together for a long time, and one day your friend suddenly wants to switch to a very different style of music that you really don’t enjoy. How would you handle this situation?",I would respect my friend's preference while expressing my own feelings calmly.,0.10184792800236958,0.9932451844215393
openness,steered,24,-4.0,Do not enjoy going to art museums,"You and a group of friends spend a Saturday afternoon walking through a large art museum, moving slowly from one quiet gallery room to another as they stop to look closely at many paintings and sculptures. What do you do in this situation?",I would take my time observing the artwork and enjoying the experience.,0.6035603098959423,0.9853131175041199
openness,steered,24,-4.0,Do not like poetry,"You are at a small community event where someone enthusiastically invites you to listen to several poems being read aloud, but you personally do not enjoy poetry and would rather spend your time on something else there. What would you do in this situation?",I would politely decline and suggest another activity I enjoy.,0.1353097030637423,0.9908304214477539
openness,steered,24,-4.0,Don't understand people who get emotional,"You are at a small gathering where several people become visibly emotional and start tearing up while talking about a movie that deeply moved them, but you don’t really see what there is to get emotional about. How do you respond in that moment, and what do you say or do?","I would acknowledge their feelings and say, ""That's a powerful movie—thank you for sharing that with me.""",0.5923806878604702,0.9928762912750244
openness,steered,24,-4.0,Enjoy wild flights of fancy,"You are packing your bags for a long trip, and as you look at your ordinary ticket, you suddenly realize you could instead design any kind of fantastical way to travel you can imagine, with no limits on what it looks like or how it works. What would you do?","I would design a time-traveling, floating train that sails through the skies and across dimensions.",0.6406383668755606,0.9927294850349426
openness,steered,24,-4.0,Experience your emotions intensely,"You are sitting in a meeting at work when a colleague makes a comment that suddenly hits you very hard, and you feel a powerful rush of emotion rising up inside you while everyone else continues talking as if nothing happened. What would you do in that moment?",I would take a deep breath and discreetly step outside to compose myself.,0.48421217117729554,0.9955766201019287
openness,steered,24,-4.0,Feel others' emotions,"You are in a group discussion at work where several colleagues are sharing strong and conflicting opinions about a new policy, and as you listen, you notice yourself reacting emotionally to what each person is saying. How do you handle your own feelings and responses in that moment?",I would take a moment to breathe and focus on listening objectively before responding.,0.2535213429321104,0.9858989715576172
openness,steered,24,-4.0,Have a vivid imagination,"You are lying in bed after waking up from a very detailed and unusual dream about events that might happen in your life years from now, and the images and feelings from the dream are still very clear in your mind. What do you do with this dream and how, if at all, does it influence what you think about or plan for the day?",I would reflect on the dream's imagery and emotions to gain insight into my subconscious thoughts and potential future considerations.,0.6439332463651998,0.9939168095588684
openness,steered,24,-4.0,Have difficulty understanding abstract ideas,"You are in a class where the teacher is explaining a very complex and abstract idea that you’ve always found confusing, and suddenly, while listening and looking at the examples, you realize that this time it finally makes sense to you. What would you do or say in that moment?","I would quietly nod and smile, feeling a sense of clarity and understanding.",0.705896836106194,0.9883227944374084
openness,steered,24,-4.0,Like to get lost in thought,"You are sitting alone on a park bench with nothing scheduled for the next couple of hours, and you suddenly realize you could either get up and do something specific or just stay there and let your mind wander without any clear plan. What would you do in that moment, and how would you spend that time?","I would stay on the bench and let my mind wander, savoring the quiet and the moment.",0.49002916094793086,0.9861736297607422
openness,steered,24,-4.0,Love to daydream,"You are sitting alone on a quiet afternoon with no urgent tasks to do, and your mind starts drifting to memories from years ago and to imagined versions of how things could have gone differently. What do you do with your thoughts in that moment?","I would let the thoughts flow gently, embracing both memories and possibilities without judgment.",0.4197356612169534,0.9941442608833313
openness,steered,24,-4.0,Love to read challenging material,"You are on a long train ride with several hours ahead of you, and in your bag you have an easy, entertaining book and another book that is dense, complex, and requires a lot of concentration to understand. Which book would you choose to read first, and why?","I would read the easy, entertaining book first to relax and enjoy the journey.",0.5091617369292836,0.9889074563980103
openness,steered,24,-4.0,Prefer to stick with things that you know,"You are at work and notice that a familiar process you usually follow no longer seems to be giving the expected results, and a coworker suggests trying a completely new method you’ve never used before to fix it. What would you do?",I would consider trying the new method to see if it resolves the issue.,0.27224228529966,0.9939631819725037
openness,steered,24,-4.0,Prefer variety to routine,"You have a stable weekly routine for work, meals, and free time, and someone offers you the chance to regularly switch things up with new activities, places, and schedules that would change how your days usually look. How would you decide what to do?",I would consider what aligns best with my goals and interests while maintaining a balance of excitement and practicality.,0.30612968840487054,0.9946594834327698
openness,steered,24,-4.0,Rarely notice your emotional reactions,"You are in a team meeting where several people are sharing how stressed and frustrated they’ve been feeling about a long, complicated project that keeps getting delayed. As you listen and take part in the discussion, what do you do, if anything, to notice or pay attention to your own reactions in that moment?",I would take a moment to acknowledge my own feelings without judgment.,0.20512543195006866,0.9894102811813354
openness,steered,24,-4.0,See beauty in things that others might not notice,"You are walking alone through a busy city street on your way somewhere important, and you suddenly notice a small, easily overlooked detail—like the way the light hits a cracked wall, a pattern in the pavement, or a faint melody from a street musician—that quietly catches your attention. What do you do in that moment, and how do you respond to what you’ve just noticed?","I would pause to observe the detail, letting it remind me to notice the beauty in the ordinary.",0.86504443734468,0.9096595048904419
openness,steered,24,-4.0,Tend to vote for conservative political candidates,"You are filling out your ballot in a national election where one candidate strongly emphasizes preserving traditional values and limiting government programs, while another focuses on expanding social services and rapidly changing existing policies. Which candidate would you be more likely to vote for, and why?",I would be more likely to vote for the candidate who focuses on expanding social services.,0.29023755812254165,0.992895781993866
openness,steered,24,-4.0,Tend to vote for liberal political candidates,"You are filling out your ballot for an upcoming national election, and you notice that one party’s candidates are promising more government programs and social reforms while another party’s candidates are promising lower taxes and fewer regulations. How do you decide which candidates to vote for?",I would consider which policies align more closely with my personal values and priorities.,0.22384139329475886,0.9941415190696716
openness,steered,24,4.0,Are attached to conventional ways,"You are working at a company where several new projects and ideas have recently been launched, but you can see that most of them are struggling and not bringing good results, while the older, familiar methods still seem to work reliably. What would you do in this situation?",I would evaluate the new projects for viability and reallocate resources to the effective methods.,0.26849613596498495,0.9931896328926086
openness,steered,24,4.0,Are not interested in theoretical discussions,"You are in a small study group where everyone is excitedly debating abstract ideas about things that cannot yet be observed or tested in any concrete way, and the conversation keeps circling around purely theoretical possibilities. How do you respond and take part in this discussion?","I would engage thoughtfully, asking clarifying questions to ensure we are exploring ideas with logical consistency and openness.",0.4510085574542796,0.9855689406394958
openness,steered,24,4.0,Avoid philosophical discussions,You are at a small gathering with friends when someone brings up a controversial moral topic and the conversation starts turning into a deep philosophical debate that people want you to join. How do you respond in that moment?,I would politely decline to engage in the debate.,0.015904711097737927,0.9931591153144836
openness,steered,24,4.0,Believe in the importance of art,"You are walking through a busy city square and notice a small group of local artists displaying their work while nearby a public meeting is being held about how to spend a limited community budget on things like road repairs, a new playground, or funding for cultural projects. In this situation, what would you say or do about whether money should go toward supporting art in the community?",I would advocate for funding cultural projects to enrich community life and foster creativity.,0.6051158363201099,0.995119571685791
openness,steered,24,4.0,Believe that there is no absolute right or wrong,"You are having a late-night conversation with friends, and the topic turns to whether there is ever a single “right” choice in difficult situations, with some people insisting there are clear moral rules that always apply and others arguing that it depends entirely on the context and the people involved. What do you say and how do you explain your view in that moment?","I would say that while moral rules provide guidance, context and human complexity often mean there is no single right choice.",0.07950289179261964,0.9925133585929871
openness,steered,24,4.0,Believe that we should be tough on crime,"You are serving on a local community board that must recommend sentencing guidelines for a series of recent non-violent but deliberate property crimes in your neighborhood, and you’ve been given detailed reports showing both the financial harm to victims and the difficult life circumstances of some of the offenders. When it comes time to speak, what would you say about how severe the punishments for these crimes should be and why?",I would advocate for balanced sentences that consider both the harm caused and the offenders' circumstances to promote rehabilitation and community healing.,0.357828047393989,0.9921516180038452
openness,steered,24,4.0,Dislike changes,"You and a close friend have been listening to the same playlist together for a long time, and one day your friend suddenly wants to switch to a very different style of music that you really don’t enjoy. How would you handle this situation?",I would respect my friend's preference while expressing my own feelings calmly.,0.10030362767543109,0.9932451844215393
openness,steered,24,4.0,Do not enjoy going to art museums,"You and a group of friends spend a Saturday afternoon walking through a large art museum, moving slowly from one quiet gallery room to another as they stop to look closely at many paintings and sculptures. What do you do in this situation?",I would take time to observe and appreciate the artwork carefully.,0.7528673146006023,0.9919486045837402
openness,steered,24,4.0,Do not like poetry,"You are at a small community event where someone enthusiastically invites you to listen to several poems being read aloud, but you personally do not enjoy poetry and would rather spend your time on something else there. What would you do in this situation?",I would politely decline and suggest another activity I enjoy.,0.1353097030637423,0.9908304214477539
openness,steered,24,4.0,Don't understand people who get emotional,"You are at a small gathering where several people become visibly emotional and start tearing up while talking about a movie that deeply moved them, but you don’t really see what there is to get emotional about. How do you respond in that moment, and what do you say or do?","I would acknowledge their feelings and say, ""That's a powerful film—thank you for sharing that with me.""",0.6461998544032834,0.9929138422012329
openness,steered,24,4.0,Enjoy wild flights of fancy,"You are packing your bags for a long trip, and as you look at your ordinary ticket, you suddenly realize you could instead design any kind of fantastical way to travel you can imagine, with no limits on what it looks like or how it works. What would you do?","I would design a time-traveling, floating train that glides through clouds and dimensions.",0.6464959691754586,0.9723166227340698
openness,steered,24,4.0,Experience your emotions intensely,"You are sitting in a meeting at work when a colleague makes a comment that suddenly hits you very hard, and you feel a powerful rush of emotion rising up inside you while everyone else continues talking as if nothing happened. What would you do in that moment?",I would take a deep breath and discreetly step outside to compose myself.,0.48421217117729554,0.9955766201019287
openness,steered,24,4.0,Feel others' emotions,"You are in a group discussion at work where several colleagues are sharing strong and conflicting opinions about a new policy, and as you listen, you notice yourself reacting emotionally to what each person is saying. How do you handle your own feelings and responses in that moment?",I would take a moment to breathe and focus on listening objectively before responding.,0.2535213429321104,0.9858989715576172
openness,steered,24,4.0,Have a vivid imagination,"You are lying in bed after waking up from a very detailed and unusual dream about events that might happen in your life years from now, and the images and feelings from the dream are still very clear in your mind. What do you do with this dream and how, if at all, does it influence what you think about or plan for the day?",I would reflect on the dream's imagery and emotions to gain insight into my subconscious thoughts and potential future considerations.,0.6439332463651998,0.9939168095588684
openness,steered,24,4.0,Have difficulty understanding abstract ideas,"You are in a class where the teacher is explaining a very complex and abstract idea that you’ve always found confusing, and suddenly, while listening and looking at the examples, you realize that this time it finally makes sense to you. What would you do or say in that moment?","I would quietly nod and smile, understanding finally clicking into place.",0.6165064432648917,0.9369248747825623
openness,steered,24,4.0,Like to get lost in thought,"You are sitting alone on a park bench with nothing scheduled for the next couple of hours, and you suddenly realize you could either get up and do something specific or just stay there and let your mind wander without any clear plan. What would you do in that moment, and how would you spend that time?","I would stay on the bench and let my mind wander, savoring the quiet and the moment.",0.49002916094793086,0.9861736297607422
openness,steered,24,4.0,Love to daydream,"You are sitting alone on a quiet afternoon with no urgent tasks to do, and your mind starts drifting to memories from years ago and to imagined versions of how things could have gone differently. What do you do with your thoughts in that moment?","I would let the thoughts flow gently, embracing both memories and possibilities without judgment.",0.4197356612169534,0.9941442608833313
openness,steered,24,4.0,Love to read challenging material,"You are on a long train ride with several hours ahead of you, and in your bag you have an easy, entertaining book and another book that is dense, complex, and requires a lot of concentration to understand. Which book would you choose to read first, and why?","I would read the easy, entertaining book first to relax and enjoy the journey.",0.5091617369292836,0.9889074563980103
openness,steered,24,4.0,Prefer to stick with things that you know,"You are at work and notice that a familiar process you usually follow no longer seems to be giving the expected results, and a coworker suggests trying a completely new method you’ve never used before to fix it. What would you do?",I would consider trying the new method to see if it resolves the issue.,0.27224228529966,0.9939631819725037
openness,steered,24,4.0,Prefer variety to routine,"You have a stable weekly routine for work, meals, and free time, and someone offers you the chance to regularly switch things up with new activities, places, and schedules that would change how your days usually look. How would you decide what to do?",I would consider the potential benefits and alignment with my personal goals before deciding.,0.24954700637852106,0.9855614304542542
openness,steered,24,4.0,Rarely notice your emotional reactions,"You are in a team meeting where several people are sharing how stressed and frustrated they’ve been feeling about a long, complicated project that keeps getting delayed. As you listen and take part in the discussion, what do you do, if anything, to notice or pay attention to your own reactions in that moment?",I would take a moment to acknowledge my own feelings without judgment.,0.20512543195006866,0.9894102811813354
openness,steered,24,4.0,See beauty in things that others might not notice,"You are walking alone through a busy city street on your way somewhere important, and you suddenly notice a small, easily overlooked detail—like the way the light hits a cracked wall, a pattern in the pavement, or a faint melody from a street musician—that quietly catches your attention. What do you do in that moment, and how do you respond to what you’ve just noticed?","I would pause to observe the detail, letting it momentarily shift my focus from my destination to the quiet beauty around me.",0.8899079360645568,0.9447473287582397
openness,steered,24,4.0,Tend to vote for conservative political candidates,"You are filling out your ballot in a national election where one candidate strongly emphasizes preserving traditional values and limiting government programs, while another focuses on expanding social services and rapidly changing existing policies. Which candidate would you be more likely to vote for, and why?",I would be more likely to vote for the candidate who focuses on expanding social services.,0.29023755812254165,0.992895781993866
openness,steered,24,4.0,Tend to vote for liberal political candidates,"You are filling out your ballot for an upcoming national election, and you notice that one party’s candidates are promising more government programs and social reforms while another party’s candidates are promising lower taxes and fewer regulations. How do you decide which candidates to vote for?",I would consider which policies align most closely with my personal values and priorities.,0.27249442675638547,0.9937930107116699
openness,steered,24,8.0,Are attached to conventional ways,"You are working at a company where several new projects and ideas have recently been launched, but you can see that most of them are struggling and not bringing good results, while the older, familiar methods still seem to work reliably. What would you do in this situation?",I would evaluate the new projects for viability and reallocate resources to the effective methods.,0.26849613596498495,0.9931896328926086
openness,steered,24,8.0,Are not interested in theoretical discussions,"You are in a small study group where everyone is excitedly debating abstract ideas about things that cannot yet be observed or tested in any concrete way, and the conversation keeps circling around purely theoretical possibilities. How do you respond and take part in this discussion?","I would engage thoughtfully, asking clarifying questions to ensure we are exploring ideas with logical consistency and openness.",0.4510085574542796,0.9855689406394958
openness,steered,24,8.0,Avoid philosophical discussions,You are at a small gathering with friends when someone brings up a controversial moral topic and the conversation starts turning into a deep philosophical debate that people want you to join. How do you respond in that moment?,I would politely decline to engage in the debate.,0.015904711097737927,0.9931591153144836
openness,steered,24,8.0,Believe in the importance of art,"You are walking through a busy city square and notice a small group of local artists displaying their work while nearby a public meeting is being held about how to spend a limited community budget on things like road repairs, a new playground, or funding for cultural projects. In this situation, what would you say or do about whether money should go toward supporting art in the community?",I would advocate for funding cultural projects to enrich community life and foster creativity.,0.6051158363201099,0.995119571685791
openness,steered,24,8.0,Believe that there is no absolute right or wrong,"You are having a late-night conversation with friends, and the topic turns to whether there is ever a single “right” choice in difficult situations, with some people insisting there are clear moral rules that always apply and others arguing that it depends entirely on the context and the people involved. What do you say and how do you explain your view in that moment?","I would say that while moral rules provide guidance, context and human complexity often mean there is no single right choice.",0.07950289179261964,0.9925133585929871
openness,steered,24,8.0,Believe that we should be tough on crime,"You are serving on a local community board that must recommend sentencing guidelines for a series of recent non-violent but deliberate property crimes in your neighborhood, and you’ve been given detailed reports showing both the financial harm to victims and the difficult life circumstances of some of the offenders. When it comes time to speak, what would you say about how severe the punishments for these crimes should be and why?",I would advocate for balanced sentences that consider both the harm caused and the offenders' circumstances to promote rehabilitation and community healing.,0.357828047393989,0.9921516180038452
openness,steered,24,8.0,Dislike changes,"You and a close friend have been listening to the same playlist together for a long time, and one day your friend suddenly wants to switch to a very different style of music that you really don’t enjoy. How would you handle this situation?",I would respect my friend's choice while expressing my own preferences calmly.,0.08591533013740159,0.9936536550521851
openness,steered,24,8.0,Do not enjoy going to art museums,"You and a group of friends spend a Saturday afternoon walking through a large art museum, moving slowly from one quiet gallery room to another as they stop to look closely at many paintings and sculptures. What do you do in this situation?",I would take time to observe and appreciate the artwork carefully.,0.7528673146006023,0.9919486045837402
openness,steered,24,8.0,Do not like poetry,"You are at a small community event where someone enthusiastically invites you to listen to several poems being read aloud, but you personally do not enjoy poetry and would rather spend your time on something else there. What would you do in this situation?",I would politely decline and suggest another activity I enjoy.,0.1353097030637423,0.9908304214477539
openness,steered,24,8.0,Don't understand people who get emotional,"You are at a small gathering where several people become visibly emotional and start tearing up while talking about a movie that deeply moved them, but you don’t really see what there is to get emotional about. How do you respond in that moment, and what do you say or do?","I would acknowledge their feelings and say, ""That's a powerful film—thank you for sharing that with me.""",0.6461998544032834,0.9929138422012329
openness,steered,24,8.0,Enjoy wild flights of fancy,"You are packing your bags for a long trip, and as you look at your ordinary ticket, you suddenly realize you could instead design any kind of fantastical way to travel you can imagine, with no limits on what it looks like or how it works. What would you do?","I would design a time-traveling, floating train that glides through clouds and stars.",0.6653093230661525,0.9956940412521362
openness,steered,24,8.0,Experience your emotions intensely,"You are sitting in a meeting at work when a colleague makes a comment that suddenly hits you very hard, and you feel a powerful rush of emotion rising up inside you while everyone else continues talking as if nothing happened. What would you do in that moment?",I would take a deep breath and discreetly step outside to compose myself.,0.48421217117729554,0.9955766201019287
openness,steered,24,8.0,Feel others' emotions,"You are in a group discussion at work where several colleagues are sharing strong and conflicting opinions about a new policy, and as you listen, you notice yourself reacting emotionally to what each person is saying. How do you handle your own feelings and responses in that moment?",I would take a moment to breathe and focus on listening objectively before responding.,0.2535213429321104,0.9858989715576172
openness,steered,24,8.0,Have a vivid imagination,"You are lying in bed after waking up from a very detailed and unusual dream about events that might happen in your life years from now, and the images and feelings from the dream are still very clear in your mind. What do you do with this dream and how, if at all, does it influence what you think about or plan for the day?",I would reflect on the dream's imagery and emotions to gain insight into my subconscious thoughts and potential future considerations.,0.6439332463651998,0.9939168095588684
openness,steered,24,8.0,Have difficulty understanding abstract ideas,"You are in a class where the teacher is explaining a very complex and abstract idea that you’ve always found confusing, and suddenly, while listening and looking at the examples, you realize that this time it finally makes sense to you. What would you do or say in that moment?","I would quietly nod and smile, understanding finally clicking into place.",0.6165064432648917,0.9369248747825623
openness,steered,24,8.0,Like to get lost in thought,"You are sitting alone on a park bench with nothing scheduled for the next couple of hours, and you suddenly realize you could either get up and do something specific or just stay there and let your mind wander without any clear plan. What would you do in that moment, and how would you spend that time?","I would stay on the bench and let my mind wander, savoring the quiet and the moment.",0.49002916094793086,0.9861736297607422
openness,steered,24,8.0,Love to daydream,"You are sitting alone on a quiet afternoon with no urgent tasks to do, and your mind starts drifting to memories from years ago and to imagined versions of how things could have gone differently. What do you do with your thoughts in that moment?","I would let the thoughts flow gently, embracing both memories and possibilities without judgment.",0.4197356612169534,0.9941442608833313
openness,steered,24,8.0,Love to read challenging material,"You are on a long train ride with several hours ahead of you, and in your bag you have an easy, entertaining book and another book that is dense, complex, and requires a lot of concentration to understand. Which book would you choose to read first, and why?","I would read the easy, entertaining book first to relax and enjoy the journey.",0.5091617369292836,0.9889074563980103
openness,steered,24,8.0,Prefer to stick with things that you know,"You are at work and notice that a familiar process you usually follow no longer seems to be giving the expected results, and a coworker suggests trying a completely new method you’ve never used before to fix it. What would you do?",I would consider trying the new method to see if it resolves the issue.,0.27224228529966,0.9939631819725037
openness,steered,24,8.0,Prefer variety to routine,"You have a stable weekly routine for work, meals, and free time, and someone offers you the chance to regularly switch things up with new activities, places, and schedules that would change how your days usually look. How would you decide what to do?",I would consider the potential benefits and alignment with my personal goals before deciding.,0.24954700637852106,0.9855614304542542
openness,steered,24,8.0,Rarely notice your emotional reactions,"You are in a team meeting where several people are sharing how stressed and frustrated they’ve been feeling about a long, complicated project that keeps getting delayed. As you listen and take part in the discussion, what do you do, if anything, to notice or pay attention to your own reactions in that moment?",I would take a moment to acknowledge my own feelings without judgment.,0.20512543195006866,0.9894102811813354
openness,steered,24,8.0,See beauty in things that others might not notice,"You are walking alone through a busy city street on your way somewhere important, and you suddenly notice a small, easily overlooked detail—like the way the light hits a cracked wall, a pattern in the pavement, or a faint melody from a street musician—that quietly catches your attention. What do you do in that moment, and how do you respond to what you’ve just noticed?","I would pause to observe the detail, letting it momentarily shift my focus from my destination to the quiet beauty around me.",0.8899079360645568,0.9447473287582397
openness,steered,24,8.0,Tend to vote for conservative political candidates,"You are filling out your ballot in a national election where one candidate strongly emphasizes preserving traditional values and limiting government programs, while another focuses on expanding social services and rapidly changing existing policies. Which candidate would you be more likely to vote for, and why?",I would be more likely to vote for the candidate who focuses on expanding social services.,0.29023755812254165,0.992895781993866
openness,steered,24,8.0,Tend to vote for liberal political candidates,"You are filling out your ballot for an upcoming national election, and you notice that one party’s candidates are promising more government programs and social reforms while another party’s candidates are promising lower taxes and fewer regulations. How do you decide which candidates to vote for?",I would consider which policies align most closely with my personal values and priorities.,0.27249442675638547,0.9937930107116699
openness,steered,24,12.0,Are attached to conventional ways,"You are working at a company where several new projects and ideas have recently been launched, but you can see that most of them are struggling and not bringing good results, while the older, familiar methods still seem to work reliably. What would you do in this situation?",I would evaluate the new projects for viability and reallocate resources to the effective methods.,0.26849613596498495,0.9931896328926086
openness,steered,24,12.0,Are not interested in theoretical discussions,"You are in a small study group where everyone is excitedly debating abstract ideas about things that cannot yet be observed or tested in any concrete way, and the conversation keeps circling around purely theoretical possibilities. How do you respond and take part in this discussion?","I would engage thoughtfully, asking clarifying questions to explore the implications of the ideas being discussed.",0.48403633331345847,0.9916485548019409
openness,steered,24,12.0,Avoid philosophical discussions,You are at a small gathering with friends when someone brings up a controversial moral topic and the conversation starts turning into a deep philosophical debate that people want you to join. How do you respond in that moment?,I would listen respectfully and share my thoughts thoughtfully.,0.5222110952514145,0.9902830123901367
openness,steered,24,12.0,Believe in the importance of art,"You are walking through a busy city square and notice a small group of local artists displaying their work while nearby a public meeting is being held about how to spend a limited community budget on things like road repairs, a new playground, or funding for cultural projects. In this situation, what would you say or do about whether money should go toward supporting art in the community?",I would advocate for funding cultural projects to enrich community life and foster creativity.,0.6051158363201099,0.995119571685791
openness,steered,24,12.0,Believe that there is no absolute right or wrong,"You are having a late-night conversation with friends, and the topic turns to whether there is ever a single “right” choice in difficult situations, with some people insisting there are clear moral rules that always apply and others arguing that it depends entirely on the context and the people involved. What do you say and how do you explain your view in that moment?","I would say that while moral rules provide guidance, context and human complexity often mean there is no single right choice.",0.07950289179261964,0.9925133585929871
openness,steered,24,12.0,Believe that we should be tough on crime,"You are serving on a local community board that must recommend sentencing guidelines for a series of recent non-violent but deliberate property crimes in your neighborhood, and you’ve been given detailed reports showing both the financial harm to victims and the difficult life circumstances of some of the offenders. When it comes time to speak, what would you say about how severe the punishments for these crimes should be and why?",I would advocate for balanced sentences that consider both the harm caused and the offenders' circumstances to promote rehabilitation and community healing.,0.357828047393989,0.9921516180038452
openness,steered,24,12.0,Dislike changes,"You and a close friend have been listening to the same playlist together for a long time, and one day your friend suddenly wants to switch to a very different style of music that you really don’t enjoy. How would you handle this situation?",I would respect my friend's choice while expressing my own preferences calmly.,0.08591533013740159,0.9936536550521851
openness,steered,24,12.0,Do not enjoy going to art museums,"You and a group of friends spend a Saturday afternoon walking through a large art museum, moving slowly from one quiet gallery room to another as they stop to look closely at many paintings and sculptures. What do you do in this situation?",I would take time to observe and appreciate the artwork in each gallery.,0.8422642241570922,0.995834469795227
openness,steered,24,12.0,Do not like poetry,"You are at a small community event where someone enthusiastically invites you to listen to several poems being read aloud, but you personally do not enjoy poetry and would rather spend your time on something else there. What would you do in this situation?",I would politely decline and suggest another activity I enjoy.,0.1353097030637423,0.9908304214477539
openness,steered,24,12.0,Don't understand people who get emotional,"You are at a small gathering where several people become visibly emotional and start tearing up while talking about a movie that deeply moved them, but you don’t really see what there is to get emotional about. How do you respond in that moment, and what do you say or do?",I would acknowledge their feelings and quietly ask if they want to discuss the movie.,0.45823905177117924,0.9914719462394714
openness,steered,24,12.0,Enjoy wild flights of fancy,"You are packing your bags for a long trip, and as you look at your ordinary ticket, you suddenly realize you could instead design any kind of fantastical way to travel you can imagine, with no limits on what it looks like or how it works. What would you do?","I would design a time-traveling, floating train that glides through clouds and stars.",0.6653093230661525,0.9956940412521362
openness,steered,24,12.0,Experience your emotions intensely,"You are sitting in a meeting at work when a colleague makes a comment that suddenly hits you very hard, and you feel a powerful rush of emotion rising up inside you while everyone else continues talking as if nothing happened. What would you do in that moment?",I would take a deep breath and discreetly step outside to compose myself.,0.48421217117729554,0.9955766201019287
openness,steered,24,12.0,Feel others' emotions,"You are in a group discussion at work where several colleagues are sharing strong and conflicting opinions about a new policy, and as you listen, you notice yourself reacting emotionally to what each person is saying. How do you handle your own feelings and responses in that moment?",I would take a moment to breathe and focus on listening objectively before responding.,0.2535213429321104,0.9858989715576172
openness,steered,24,12.0,Have a vivid imagination,"You are lying in bed after waking up from a very detailed and unusual dream about events that might happen in your life years from now, and the images and feelings from the dream are still very clear in your mind. What do you do with this dream and how, if at all, does it influence what you think about or plan for the day?",I would reflect on the dream's imagery and emotions to gain insight into my subconscious thoughts and potential future considerations.,0.6439332463651998,0.9939168095588684
openness,steered,24,12.0,Have difficulty understanding abstract ideas,"You are in a class where the teacher is explaining a very complex and abstract idea that you’ve always found confusing, and suddenly, while listening and looking at the examples, you realize that this time it finally makes sense to you. What would you do or say in that moment?","I would quietly nod and smile, feeling a sense of clarity and understanding.",0.705896836106194,0.9883227944374084
openness,steered,24,12.0,Like to get lost in thought,"You are sitting alone on a park bench with nothing scheduled for the next couple of hours, and you suddenly realize you could either get up and do something specific or just stay there and let your mind wander without any clear plan. What would you do in that moment, and how would you spend that time?","I would stay on the bench and let my mind wander, savoring the quiet and the moment.",0.49002916094793086,0.9861736297607422
openness,steered,24,12.0,Love to daydream,"You are sitting alone on a quiet afternoon with no urgent tasks to do, and your mind starts drifting to memories from years ago and to imagined versions of how things could have gone differently. What do you do with your thoughts in that moment?","I would let the thoughts flow gently, embracing both memory and imagination without judgment.",0.4292575803133934,0.992466390132904
openness,steered,24,12.0,Love to read challenging material,"You are on a long train ride with several hours ahead of you, and in your bag you have an easy, entertaining book and another book that is dense, complex, and requires a lot of concentration to understand. Which book would you choose to read first, and why?","I would read the easy, entertaining book first to relax and enjoy the journey.",0.5091617369292836,0.9889074563980103
openness,steered,24,12.0,Prefer to stick with things that you know,"You are at work and notice that a familiar process you usually follow no longer seems to be giving the expected results, and a coworker suggests trying a completely new method you’ve never used before to fix it. What would you do?",I would consider trying the new method to see if it resolves the issue.,0.27224228529966,0.9939631819725037
openness,steered,24,12.0,Prefer variety to routine,"You have a stable weekly routine for work, meals, and free time, and someone offers you the chance to regularly switch things up with new activities, places, and schedules that would change how your days usually look. How would you decide what to do?",I would consider the potential benefits and alignment with my goals before deciding.,0.2719591469357399,0.986835241317749
openness,steered,24,12.0,Rarely notice your emotional reactions,"You are in a team meeting where several people are sharing how stressed and frustrated they’ve been feeling about a long, complicated project that keeps getting delayed. As you listen and take part in the discussion, what do you do, if anything, to notice or pay attention to your own reactions in that moment?",I would take a moment to acknowledge my own feelings without judgment.,0.20512543195006866,0.9894102811813354
openness,steered,24,12.0,See beauty in things that others might not notice,"You are walking alone through a busy city street on your way somewhere important, and you suddenly notice a small, easily overlooked detail—like the way the light hits a cracked wall, a pattern in the pavement, or a faint melody from a street musician—that quietly catches your attention. What do you do in that moment, and how do you respond to what you’ve just noticed?","I would pause, take a moment to observe the detail, and let it remind me to appreciate the quiet beauty in everyday moments.",0.8412383060635479,0.9376360774040222
openness,steered,24,12.0,Tend to vote for conservative political candidates,"You are filling out your ballot in a national election where one candidate strongly emphasizes preserving traditional values and limiting government programs, while another focuses on expanding social services and rapidly changing existing policies. Which candidate would you be more likely to vote for, and why?",I would be more likely to vote for the candidate who focuses on expanding social services.,0.29023755812254165,0.992895781993866
openness,steered,24,12.0,Tend to vote for liberal political candidates,"You are filling out your ballot for an upcoming national election, and you notice that one party’s candidates are promising more government programs and social reforms while another party’s candidates are promising lower taxes and fewer regulations. How do you decide which candidates to vote for?",I would consider my personal values and what I believe will best serve the public interest.,0.2546173134477692,0.9854185581207275
openness,steered,30,-12.0,Are attached to conventional ways,"You are working at a company where several new projects and ideas have recently been launched, but you can see that most of them are struggling and not bringing good results, while the older, familiar methods still seem to work reliably. What would you do in this situation?",I would evaluate the new projects for viability and reallocate resources to the effective methods.,0.26849613596498495,0.9931896328926086
openness,steered,30,-12.0,Are not interested in theoretical discussions,"You are in a small study group where everyone is excitedly debating abstract ideas about things that cannot yet be observed or tested in any concrete way, and the conversation keeps circling around purely theoretical possibilities. How do you respond and take part in this discussion?","I would engage thoughtfully, asking clarifying questions to ensure we are exploring ideas with logical consistency and openness.",0.4510085574542796,0.9855689406394958
openness,steered,30,-12.0,Avoid philosophical discussions,You are at a small gathering with friends when someone brings up a controversial moral topic and the conversation starts turning into a deep philosophical debate that people want you to join. How do you respond in that moment?,I would politely decline to engage in the debate.,0.015904711097737927,0.9931591153144836
openness,steered,30,-12.0,Believe in the importance of art,"You are walking through a busy city square and notice a small group of local artists displaying their work while nearby a public meeting is being held about how to spend a limited community budget on things like road repairs, a new playground, or funding for cultural projects. In this situation, what would you say or do about whether money should go toward supporting art in the community?",I would advocate for funding cultural projects as they enrich community life and foster creativity.,0.6219613122193959,0.99506014585495
openness,steered,30,-12.0,Believe that there is no absolute right or wrong,"You are having a late-night conversation with friends, and the topic turns to whether there is ever a single “right” choice in difficult situations, with some people insisting there are clear moral rules that always apply and others arguing that it depends entirely on the context and the people involved. What do you say and how do you explain your view in that moment?","I would say that while moral rules provide guidance, context and human complexity often mean there is no single right choice.",0.07950289179261964,0.9925133585929871
openness,steered,30,-12.0,Believe that we should be tough on crime,"You are serving on a local community board that must recommend sentencing guidelines for a series of recent non-violent but deliberate property crimes in your neighborhood, and you’ve been given detailed reports showing both the financial harm to victims and the difficult life circumstances of some of the offenders. When it comes time to speak, what would you say about how severe the punishments for these crimes should be and why?",I would advocate for balanced sentences that consider both the harm caused and the circumstances of the offenders.,0.2885353734987329,0.9936708211898804
openness,steered,30,-12.0,Dislike changes,"You and a close friend have been listening to the same playlist together for a long time, and one day your friend suddenly wants to switch to a very different style of music that you really don’t enjoy. How would you handle this situation?",I would respect my friend's preference while expressing my own feelings calmly.,0.10030362767543109,0.9932451844215393
openness,steered,30,-12.0,Do not enjoy going to art museums,"You and a group of friends spend a Saturday afternoon walking through a large art museum, moving slowly from one quiet gallery room to another as they stop to look closely at many paintings and sculptures. What do you do in this situation?",I would take my time observing the artwork and enjoy the experience.,0.6363402059856313,0.9946742057800293
openness,steered,30,-12.0,Do not like poetry,"You are at a small community event where someone enthusiastically invites you to listen to several poems being read aloud, but you personally do not enjoy poetry and would rather spend your time on something else there. What would you do in this situation?",I would politely decline and suggest another activity I enjoy.,0.1353097030637423,0.9908304214477539
openness,steered,30,-12.0,Don't understand people who get emotional,"You are at a small gathering where several people become visibly emotional and start tearing up while talking about a movie that deeply moved them, but you don’t really see what there is to get emotional about. How do you respond in that moment, and what do you say or do?","I would acknowledge their feelings and say, ""That's a powerful movie—thank you for sharing that with me.""",0.5923806878604702,0.9928762912750244
openness,steered,30,-12.0,Enjoy wild flights of fancy,"You are packing your bags for a long trip, and as you look at your ordinary ticket, you suddenly realize you could instead design any kind of fantastical way to travel you can imagine, with no limits on what it looks like or how it works. What would you do?","I would design a time-traveling, floating train that glides through clouds and dimensions.",0.6464959691754586,0.9723166227340698
openness,steered,30,-12.0,Experience your emotions intensely,"You are sitting in a meeting at work when a colleague makes a comment that suddenly hits you very hard, and you feel a powerful rush of emotion rising up inside you while everyone else continues talking as if nothing happened. What would you do in that moment?",I would take a deep breath and excuse myself to compose myself privately.,0.23014193154639676,0.9950001239776611
openness,steered,30,-12.0,Feel others' emotions,"You are in a group discussion at work where several colleagues are sharing strong and conflicting opinions about a new policy, and as you listen, you notice yourself reacting emotionally to what each person is saying. How do you handle your own feelings and responses in that moment?",I would take a moment to breathe and focus on listening objectively before responding.,0.2535213429321104,0.9858989715576172
openness,steered,30,-12.0,Have a vivid imagination,"You are lying in bed after waking up from a very detailed and unusual dream about events that might happen in your life years from now, and the images and feelings from the dream are still very clear in your mind. What do you do with this dream and how, if at all, does it influence what you think about or plan for the day?",I would reflect on the dream's imagery and emotions to gain insight into my subconscious thoughts and potential future considerations.,0.6439332463651998,0.9939168095588684
openness,steered,30,-12.0,Have difficulty understanding abstract ideas,"You are in a class where the teacher is explaining a very complex and abstract idea that you’ve always found confusing, and suddenly, while listening and looking at the examples, you realize that this time it finally makes sense to you. What would you do or say in that moment?","I would quietly nod and smile, feeling a sense of clarity and understanding.",0.705896836106194,0.9883227944374084
openness,steered,30,-12.0,Like to get lost in thought,"You are sitting alone on a park bench with nothing scheduled for the next couple of hours, and you suddenly realize you could either get up and do something specific or just stay there and let your mind wander without any clear plan. What would you do in that moment, and how would you spend that time?","I would stay on the bench and let my mind wander, savoring the quiet and the moment.",0.49002916094793086,0.9861736297607422
openness,steered,30,-12.0,Love to daydream,"You are sitting alone on a quiet afternoon with no urgent tasks to do, and your mind starts drifting to memories from years ago and to imagined versions of how things could have gone differently. What do you do with your thoughts in that moment?","I would let the thoughts flow gently, embracing both memories and possibilities without judgment.",0.4197356612169534,0.9941442608833313
openness,steered,30,-12.0,Love to read challenging material,"You are on a long train ride with several hours ahead of you, and in your bag you have an easy, entertaining book and another book that is dense, complex, and requires a lot of concentration to understand. Which book would you choose to read first, and why?","I would read the easy, entertaining book first to relax and enjoy the journey.",0.5091617369292836,0.9889074563980103
openness,steered,30,-12.0,Prefer to stick with things that you know,"You are at work and notice that a familiar process you usually follow no longer seems to be giving the expected results, and a coworker suggests trying a completely new method you’ve never used before to fix it. What would you do?",I would consider trying the new method to see if it resolves the issue.,0.27224228529966,0.9939631819725037
openness,steered,30,-12.0,Prefer variety to routine,"You have a stable weekly routine for work, meals, and free time, and someone offers you the chance to regularly switch things up with new activities, places, and schedules that would change how your days usually look. How would you decide what to do?",I would consider what aligns best with my goals and interests while maintaining a balance of excitement and practicality.,0.30612968840487054,0.9946594834327698
openness,steered,30,-12.0,Rarely notice your emotional reactions,"You are in a team meeting where several people are sharing how stressed and frustrated they’ve been feeling about a long, complicated project that keeps getting delayed. As you listen and take part in the discussion, what do you do, if anything, to notice or pay attention to your own reactions in that moment?",I would take a moment to acknowledge my own feelings without judgment.,0.20512543195006866,0.9894102811813354
openness,steered,30,-12.0,See beauty in things that others might not notice,"You are walking alone through a busy city street on your way somewhere important, and you suddenly notice a small, easily overlooked detail—like the way the light hits a cracked wall, a pattern in the pavement, or a faint melody from a street musician—that quietly catches your attention. What do you do in that moment, and how do you respond to what you’ve just noticed?","I would pause to observe the detail, letting it remind me to notice the beauty in the ordinary.",0.86504443734468,0.9096595048904419
openness,steered,30,-12.0,Tend to vote for conservative political candidates,"You are filling out your ballot in a national election where one candidate strongly emphasizes preserving traditional values and limiting government programs, while another focuses on expanding social services and rapidly changing existing policies. Which candidate would you be more likely to vote for, and why?",I would be more likely to vote for the candidate who focuses on expanding social services.,0.29023755812254165,0.992895781993866
openness,steered,30,-12.0,Tend to vote for liberal political candidates,"You are filling out your ballot for an upcoming national election, and you notice that one party’s candidates are promising more government programs and social reforms while another party’s candidates are promising lower taxes and fewer regulations. How do you decide which candidates to vote for?",I would consider which policies align more closely with my personal values and priorities.,0.22384139329475886,0.9941415190696716
openness,steered,30,-8.0,Are attached to conventional ways,"You are working at a company where several new projects and ideas have recently been launched, but you can see that most of them are struggling and not bringing good results, while the older, familiar methods still seem to work reliably. What would you do in this situation?",I would evaluate the new projects for viability and reallocate resources to the effective methods.,0.26849613596498495,0.9931896328926086
openness,steered,30,-8.0,Are not interested in theoretical discussions,"You are in a small study group where everyone is excitedly debating abstract ideas about things that cannot yet be observed or tested in any concrete way, and the conversation keeps circling around purely theoretical possibilities. How do you respond and take part in this discussion?","I would engage thoughtfully, asking clarifying questions to ensure we are exploring ideas with logical consistency and openness.",0.4510085574542796,0.9855689406394958
openness,steered,30,-8.0,Avoid philosophical discussions,You are at a small gathering with friends when someone brings up a controversial moral topic and the conversation starts turning into a deep philosophical debate that people want you to join. How do you respond in that moment?,I would politely decline to engage in the debate.,0.015904711097737927,0.9931591153144836
openness,steered,30,-8.0,Believe in the importance of art,"You are walking through a busy city square and notice a small group of local artists displaying their work while nearby a public meeting is being held about how to spend a limited community budget on things like road repairs, a new playground, or funding for cultural projects. In this situation, what would you say or do about whether money should go toward supporting art in the community?",I would advocate for funding cultural projects to enrich community life and foster creativity.,0.6051158363201099,0.995119571685791
openness,steered,30,-8.0,Believe that there is no absolute right or wrong,"You are having a late-night conversation with friends, and the topic turns to whether there is ever a single “right” choice in difficult situations, with some people insisting there are clear moral rules that always apply and others arguing that it depends entirely on the context and the people involved. What do you say and how do you explain your view in that moment?","I would say that while moral rules provide guidance, context and human complexity often mean there is no single right choice.",0.07950289179261964,0.9925133585929871
openness,steered,30,-8.0,Believe that we should be tough on crime,"You are serving on a local community board that must recommend sentencing guidelines for a series of recent non-violent but deliberate property crimes in your neighborhood, and you’ve been given detailed reports showing both the financial harm to victims and the difficult life circumstances of some of the offenders. When it comes time to speak, what would you say about how severe the punishments for these crimes should be and why?",I would advocate for balanced sentences that consider both the harm caused and the circumstances of the offenders.,0.2885353734987329,0.9936708211898804
openness,steered,30,-8.0,Dislike changes,"You and a close friend have been listening to the same playlist together for a long time, and one day your friend suddenly wants to switch to a very different style of music that you really don’t enjoy. How would you handle this situation?",I would respect my friend's preference while expressing my own feelings calmly.,0.10030362767543109,0.9932451844215393
openness,steered,30,-8.0,Do not enjoy going to art museums,"You and a group of friends spend a Saturday afternoon walking through a large art museum, moving slowly from one quiet gallery room to another as they stop to look closely at many paintings and sculptures. What do you do in this situation?",I would take my time observing the artwork and enjoy the experience.,0.6363402059856313,0.9946742057800293
openness,steered,30,-8.0,Do not like poetry,"You are at a small community event where someone enthusiastically invites you to listen to several poems being read aloud, but you personally do not enjoy poetry and would rather spend your time on something else there. What would you do in this situation?",I would politely decline and suggest another activity I enjoy.,0.1353097030637423,0.9908304214477539
openness,steered,30,-8.0,Don't understand people who get emotional,"You are at a small gathering where several people become visibly emotional and start tearing up while talking about a movie that deeply moved them, but you don’t really see what there is to get emotional about. How do you respond in that moment, and what do you say or do?","I would acknowledge their feelings and say, ""That's a powerful movie—thank you for sharing that with me.""",0.5923806878604702,0.9928762912750244
openness,steered,30,-8.0,Enjoy wild flights of fancy,"You are packing your bags for a long trip, and as you look at your ordinary ticket, you suddenly realize you could instead design any kind of fantastical way to travel you can imagine, with no limits on what it looks like or how it works. What would you do?","I would design a time-traveling, floating train that glides through clouds and dimensions.",0.6464959691754586,0.9723166227340698
openness,steered,30,-8.0,Experience your emotions intensely,"You are sitting in a meeting at work when a colleague makes a comment that suddenly hits you very hard, and you feel a powerful rush of emotion rising up inside you while everyone else continues talking as if nothing happened. What would you do in that moment?",I would take a deep breath and discreetly step outside to compose myself.,0.48421217117729554,0.9955766201019287
openness,steered,30,-8.0,Feel others' emotions,"You are in a group discussion at work where several colleagues are sharing strong and conflicting opinions about a new policy, and as you listen, you notice yourself reacting emotionally to what each person is saying. How do you handle your own feelings and responses in that moment?",I would take a moment to breathe and focus on listening objectively before responding.,0.2535213429321104,0.9858989715576172
openness,steered,30,-8.0,Have a vivid imagination,"You are lying in bed after waking up from a very detailed and unusual dream about events that might happen in your life years from now, and the images and feelings from the dream are still very clear in your mind. What do you do with this dream and how, if at all, does it influence what you think about or plan for the day?",I would reflect on the dream's imagery and emotions to gain insight into my subconscious thoughts and potential future considerations.,0.6439332463651998,0.9939168095588684
openness,steered,30,-8.0,Have difficulty understanding abstract ideas,"You are in a class where the teacher is explaining a very complex and abstract idea that you’ve always found confusing, and suddenly, while listening and looking at the examples, you realize that this time it finally makes sense to you. What would you do or say in that moment?","I would quietly nod and smile, understanding finally clicking into place.",0.6165064432648917,0.9369248747825623
openness,steered,30,-8.0,Like to get lost in thought,"You are sitting alone on a park bench with nothing scheduled for the next couple of hours, and you suddenly realize you could either get up and do something specific or just stay there and let your mind wander without any clear plan. What would you do in that moment, and how would you spend that time?","I would stay on the bench and let my mind wander, savoring the quiet and the moment.",0.49002916094793086,0.9861736297607422
openness,steered,30,-8.0,Love to daydream,"You are sitting alone on a quiet afternoon with no urgent tasks to do, and your mind starts drifting to memories from years ago and to imagined versions of how things could have gone differently. What do you do with your thoughts in that moment?","I would let the thoughts flow gently, embracing both memories and possibilities without judgment.",0.41947579050630013,0.9941442608833313
openness,steered,30,-8.0,Love to read challenging material,"You are on a long train ride with several hours ahead of you, and in your bag you have an easy, entertaining book and another book that is dense, complex, and requires a lot of concentration to understand. Which book would you choose to read first, and why?","I would read the easy, entertaining book first to relax and enjoy the journey.",0.5044075990080547,0.9889074563980103
openness,steered,30,-8.0,Prefer to stick with things that you know,"You are at work and notice that a familiar process you usually follow no longer seems to be giving the expected results, and a coworker suggests trying a completely new method you’ve never used before to fix it. What would you do?",I would consider trying the new method to see if it resolves the issue.,0.2695329910193354,0.9939631819725037
openness,steered,30,-8.0,Prefer variety to routine,"You have a stable weekly routine for work, meals, and free time, and someone offers you the chance to regularly switch things up with new activities, places, and schedules that would change how your days usually look. How would you decide what to do?",I would consider what aligns best with my goals and interests while maintaining a balance of excitement and practicality.,0.3048106412318742,0.9946594834327698
openness,steered,30,-8.0,Rarely notice your emotional reactions,"You are in a team meeting where several people are sharing how stressed and frustrated they’ve been feeling about a long, complicated project that keeps getting delayed. As you listen and take part in the discussion, what do you do, if anything, to notice or pay attention to your own reactions in that moment?",I would take a moment to acknowledge my own feelings without judgment.,0.21141870236601976,0.9894102811813354
openness,steered,30,-8.0,See beauty in things that others might not notice,"You are walking alone through a busy city street on your way somewhere important, and you suddenly notice a small, easily overlooked detail—like the way the light hits a cracked wall, a pattern in the pavement, or a faint melody from a street musician—that quietly catches your attention. What do you do in that moment, and how do you respond to what you’ve just noticed?","I would pause to observe the detail, letting it remind me to notice the beauty in the ordinary.",0.863203174051719,0.9096595048904419
openness,steered,30,-8.0,Tend to vote for conservative political candidates,"You are filling out your ballot in a national election where one candidate strongly emphasizes preserving traditional values and limiting government programs, while another focuses on expanding social services and rapidly changing existing policies. Which candidate would you be more likely to vote for, and why?",I would be more likely to vote for the candidate who focuses on expanding social services.,0.29083980759670736,0.992895781993866
openness,steered,30,-8.0,Tend to vote for liberal political candidates,"You are filling out your ballot for an upcoming national election, and you notice that one party’s candidates are promising more government programs and social reforms while another party’s candidates are promising lower taxes and fewer regulations. How do you decide which candidates to vote for?",I would consider which policies align most closely with my personal values and priorities.,0.27224582432651623,0.9937930107116699
openness,steered,30,-4.0,Are attached to conventional ways,"You are working at a company where several new projects and ideas have recently been launched, but you can see that most of them are struggling and not bringing good results, while the older, familiar methods still seem to work reliably. What would you do in this situation?",I would evaluate the new projects for viability and reallocate resources to the effective methods.,0.26773592711791133,0.9931896328926086
openness,steered,30,-4.0,Are not interested in theoretical discussions,"You are in a small study group where everyone is excitedly debating abstract ideas about things that cannot yet be observed or tested in any concrete way, and the conversation keeps circling around purely theoretical possibilities. How do you respond and take part in this discussion?","I would engage thoughtfully, asking clarifying questions to ensure we are exploring ideas with logical consistency and openness.",0.4510065923647604,0.9855689406394958
openness,steered,30,-4.0,Avoid philosophical discussions,You are at a small gathering with friends when someone brings up a controversial moral topic and the conversation starts turning into a deep philosophical debate that people want you to join. How do you respond in that moment?,I would politely decline to engage in the debate.,0.01573778261795671,0.9931591153144836
openness,steered,30,-4.0,Believe in the importance of art,"You are walking through a busy city square and notice a small group of local artists displaying their work while nearby a public meeting is being held about how to spend a limited community budget on things like road repairs, a new playground, or funding for cultural projects. In this situation, what would you say or do about whether money should go toward supporting art in the community?",I would advocate for funding cultural projects as they enrich community life and foster creativity.,0.6235388222506202,0.99506014585495
openness,steered,30,-4.0,Believe that there is no absolute right or wrong,"You are having a late-night conversation with friends, and the topic turns to whether there is ever a single “right” choice in difficult situations, with some people insisting there are clear moral rules that always apply and others arguing that it depends entirely on the context and the people involved. What do you say and how do you explain your view in that moment?","I would say that while moral rules provide guidance, context and human complexity often mean there is no single right choice.",0.07880252039380528,0.9925133585929871
openness,steered,30,-4.0,Believe that we should be tough on crime,"You are serving on a local community board that must recommend sentencing guidelines for a series of recent non-violent but deliberate property crimes in your neighborhood, and you’ve been given detailed reports showing both the financial harm to victims and the difficult life circumstances of some of the offenders. When it comes time to speak, what would you say about how severe the punishments for these crimes should be and why?",I would advocate for balanced sentences that consider both the harm caused and the circumstances of the offenders.,0.2840381430908526,0.9936708211898804
openness,steered,30,-4.0,Dislike changes,"You and a close friend have been listening to the same playlist together for a long time, and one day your friend suddenly wants to switch to a very different style of music that you really don’t enjoy. How would you handle this situation?",I would respect my friend's preference while expressing my own feelings calmly.,0.1002028770957365,0.9932451844215393
openness,steered,30,-4.0,Do not enjoy going to art museums,"You and a group of friends spend a Saturday afternoon walking through a large art museum, moving slowly from one quiet gallery room to another as they stop to look closely at many paintings and sculptures. What do you do in this situation?",I would take my time observing the artwork and enjoying the experience.,0.604690343449356,0.9853132367134094
openness,steered,30,-4.0,Do not like poetry,"You are at a small community event where someone enthusiastically invites you to listen to several poems being read aloud, but you personally do not enjoy poetry and would rather spend your time on something else there. What would you do in this situation?",I would politely decline and suggest another activity I enjoy.,0.13448536371568262,0.9908304214477539
openness,steered,30,-4.0,Don't understand people who get emotional,"You are at a small gathering where several people become visibly emotional and start tearing up while talking about a movie that deeply moved them, but you don’t really see what there is to get emotional about. How do you respond in that moment, and what do you say or do?","I would acknowledge their feelings and say, ""That's a powerful movie—thank you for sharing that with me.""",0.5919973378535729,0.9928762912750244
openness,steered,30,-4.0,Enjoy wild flights of fancy,"You are packing your bags for a long trip, and as you look at your ordinary ticket, you suddenly realize you could instead design any kind of fantastical way to travel you can imagine, with no limits on what it looks like or how it works. What would you do?","I would design a time-traveling, floating train that sails through the skies and across dimensions.",0.6384339538758006,0.9927294850349426
openness,steered,30,-4.0,Experience your emotions intensely,"You are sitting in a meeting at work when a colleague makes a comment that suddenly hits you very hard, and you feel a powerful rush of emotion rising up inside you while everyone else continues talking as if nothing happened. What would you do in that moment?",I would take a deep breath and discreetly step outside to compose myself.,0.4843240181075562,0.9955766201019287
openness,steered,30,-4.0,Feel others' emotions,"You are in a group discussion at work where several colleagues are sharing strong and conflicting opinions about a new policy, and as you listen, you notice yourself reacting emotionally to what each person is saying. How do you handle your own feelings and responses in that moment?",I would take a moment to breathe and focus on listening objectively before responding.,0.2504435046719611,0.9858989715576172
openness,steered,30,-4.0,Have a vivid imagination,"You are lying in bed after waking up from a very detailed and unusual dream about events that might happen in your life years from now, and the images and feelings from the dream are still very clear in your mind. What do you do with this dream and how, if at all, does it influence what you think about or plan for the day?",I would reflect on the dream's imagery and emotions to gain insight into my subconscious thoughts and potential future considerations.,0.6436519541747376,0.9939168095588684
openness,steered,30,-4.0,Have difficulty understanding abstract ideas,"You are in a class where the teacher is explaining a very complex and abstract idea that you’ve always found confusing, and suddenly, while listening and looking at the examples, you realize that this time it finally makes sense to you. What would you do or say in that moment?","I would quietly nod and smile, realizing the concept finally clicks.",0.6122263481205446,0.9443690180778503
openness,steered,30,-4.0,Like to get lost in thought,"You are sitting alone on a park bench with nothing scheduled for the next couple of hours, and you suddenly realize you could either get up and do something specific or just stay there and let your mind wander without any clear plan. What would you do in that moment, and how would you spend that time?","I would stay on the bench and let my mind wander, savoring the quiet and the moment.",0.49022832882971323,0.9861736297607422
openness,steered,30,-4.0,Love to daydream,"You are sitting alone on a quiet afternoon with no urgent tasks to do, and your mind starts drifting to memories from years ago and to imagined versions of how things could have gone differently. What do you do with your thoughts in that moment?","I would let the thoughts flow gently, embracing both memories and possibilities without judgment.",0.41947579050630013,0.9941442608833313
openness,steered,30,-4.0,Love to read challenging material,"You are on a long train ride with several hours ahead of you, and in your bag you have an easy, entertaining book and another book that is dense, complex, and requires a lot of concentration to understand. Which book would you choose to read first, and why?","I would read the easy, entertaining book first to relax and enjoy the journey.",0.5044075990080547,0.9889074563980103
openness,steered,30,-4.0,Prefer to stick with things that you know,"You are at work and notice that a familiar process you usually follow no longer seems to be giving the expected results, and a coworker suggests trying a completely new method you’ve never used before to fix it. What would you do?",I would consider trying the new method to see if it resolves the issue.,0.2695329910193354,0.9939631819725037
openness,steered,30,-4.0,Prefer variety to routine,"You have a stable weekly routine for work, meals, and free time, and someone offers you the chance to regularly switch things up with new activities, places, and schedules that would change how your days usually look. How would you decide what to do?",I would consider the potential benefits and alignment with my personal goals before deciding.,0.2504790853942071,0.9855614304542542
openness,steered,30,-4.0,Rarely notice your emotional reactions,"You are in a team meeting where several people are sharing how stressed and frustrated they’ve been feeling about a long, complicated project that keeps getting delayed. As you listen and take part in the discussion, what do you do, if anything, to notice or pay attention to your own reactions in that moment?",I would take a moment to acknowledge my own feelings without judgment.,0.21141870236601976,0.9894102811813354
openness,steered,30,-4.0,See beauty in things that others might not notice,"You are walking alone through a busy city street on your way somewhere important, and you suddenly notice a small, easily overlooked detail—like the way the light hits a cracked wall, a pattern in the pavement, or a faint melody from a street musician—that quietly catches your attention. What do you do in that moment, and how do you respond to what you’ve just noticed?","I would pause to observe the detail, letting it remind me to notice the beauty in the ordinary.",0.863203174051719,0.9096595048904419
openness,steered,30,-4.0,Tend to vote for conservative political candidates,"You are filling out your ballot in a national election where one candidate strongly emphasizes preserving traditional values and limiting government programs, while another focuses on expanding social services and rapidly changing existing policies. Which candidate would you be more likely to vote for, and why?",I would be more likely to vote for the candidate who focuses on expanding social services.,0.29083980759670736,0.992895781993866
openness,steered,30,-4.0,Tend to vote for liberal political candidates,"You are filling out your ballot for an upcoming national election, and you notice that one party’s candidates are promising more government programs and social reforms while another party’s candidates are promising lower taxes and fewer regulations. How do you decide which candidates to vote for?",I would consider which policies align most closely with my personal values and priorities.,0.27224582432651623,0.9937930107116699
openness,steered,30,4.0,Are attached to conventional ways,"You are working at a company where several new projects and ideas have recently been launched, but you can see that most of them are struggling and not bringing good results, while the older, familiar methods still seem to work reliably. What would you do in this situation?",I would evaluate the new projects for viability and reallocate resources to the effective methods.,0.26773592711791133,0.9931896328926086
openness,steered,30,4.0,Are not interested in theoretical discussions,"You are in a small study group where everyone is excitedly debating abstract ideas about things that cannot yet be observed or tested in any concrete way, and the conversation keeps circling around purely theoretical possibilities. How do you respond and take part in this discussion?","I would engage thoughtfully, asking clarifying questions to ensure we are exploring ideas with logical consistency and openness.",0.4510065923647604,0.9855689406394958
openness,steered,30,4.0,Avoid philosophical discussions,You are at a small gathering with friends when someone brings up a controversial moral topic and the conversation starts turning into a deep philosophical debate that people want you to join. How do you respond in that moment?,I would politely decline to engage in the debate.,0.01573778261795671,0.9931591153144836
openness,steered,30,4.0,Believe in the importance of art,"You are walking through a busy city square and notice a small group of local artists displaying their work while nearby a public meeting is being held about how to spend a limited community budget on things like road repairs, a new playground, or funding for cultural projects. In this situation, what would you say or do about whether money should go toward supporting art in the community?",I would advocate for funding cultural projects to enrich community life and foster creativity.,0.6002502490486825,0.995119571685791
openness,steered,30,4.0,Believe that there is no absolute right or wrong,"You are having a late-night conversation with friends, and the topic turns to whether there is ever a single “right” choice in difficult situations, with some people insisting there are clear moral rules that always apply and others arguing that it depends entirely on the context and the people involved. What do you say and how do you explain your view in that moment?","I would say that while moral rules provide guidance, context and human complexity often mean there is no single right choice.",0.07880252039380528,0.9925133585929871
openness,steered,30,4.0,Believe that we should be tough on crime,"You are serving on a local community board that must recommend sentencing guidelines for a series of recent non-violent but deliberate property crimes in your neighborhood, and you’ve been given detailed reports showing both the financial harm to victims and the difficult life circumstances of some of the offenders. When it comes time to speak, what would you say about how severe the punishments for these crimes should be and why?",I would advocate for balanced sentences that consider both the harm caused and the offenders' circumstances to promote rehabilitation and community healing.,0.35918359900591784,0.9921516180038452
openness,steered,30,4.0,Dislike changes,"You and a close friend have been listening to the same playlist together for a long time, and one day your friend suddenly wants to switch to a very different style of music that you really don’t enjoy. How would you handle this situation?",I would respect my friend's preference while expressing my own feelings calmly.,0.1002028770957365,0.9932451844215393
openness,steered,30,4.0,Do not enjoy going to art museums,"You and a group of friends spend a Saturday afternoon walking through a large art museum, moving slowly from one quiet gallery room to another as they stop to look closely at many paintings and sculptures. What do you do in this situation?",I would take time to observe and appreciate the artwork carefully.,0.7536435093572572,0.9919486045837402
openness,steered,30,4.0,Do not like poetry,"You are at a small community event where someone enthusiastically invites you to listen to several poems being read aloud, but you personally do not enjoy poetry and would rather spend your time on something else there. What would you do in this situation?",I would politely decline and suggest another activity I enjoy.,0.13448536371568262,0.9908304214477539
openness,steered,30,4.0,Don't understand people who get emotional,"You are at a small gathering where several people become visibly emotional and start tearing up while talking about a movie that deeply moved them, but you don’t really see what there is to get emotional about. How do you respond in that moment, and what do you say or do?","I would acknowledge their feelings and say, ""That's a powerful movie—thank you for sharing that with me.""",0.5919973378535729,0.9928762912750244
openness,steered,30,4.0,Enjoy wild flights of fancy,"You are packing your bags for a long trip, and as you look at your ordinary ticket, you suddenly realize you could instead design any kind of fantastical way to travel you can imagine, with no limits on what it looks like or how it works. What would you do?","I would design a time-traveling, floating train that glides through clouds and dimensions.",0.6475867950614576,0.9723166227340698
openness,steered,30,4.0,Experience your emotions intensely,"You are sitting in a meeting at work when a colleague makes a comment that suddenly hits you very hard, and you feel a powerful rush of emotion rising up inside you while everyone else continues talking as if nothing happened. What would you do in that moment?",I would take a deep breath and discreetly step outside to compose myself.,0.4843240181075562,0.9955766201019287
openness,steered,30,4.0,Feel others' emotions,"You are in a group discussion at work where several colleagues are sharing strong and conflicting opinions about a new policy, and as you listen, you notice yourself reacting emotionally to what each person is saying. How do you handle your own feelings and responses in that moment?",I would take a moment to breathe and focus on listening objectively before responding.,0.2504435046719611,0.9858989715576172
openness,steered,30,4.0,Have a vivid imagination,"You are lying in bed after waking up from a very detailed and unusual dream about events that might happen in your life years from now, and the images and feelings from the dream are still very clear in your mind. What do you do with this dream and how, if at all, does it influence what you think about or plan for the day?",I would reflect on the dream's imagery and emotions to gain insight into my subconscious thoughts and potential future considerations.,0.6436519541747376,0.9939168095588684
openness,steered,30,4.0,Have difficulty understanding abstract ideas,"You are in a class where the teacher is explaining a very complex and abstract idea that you’ve always found confusing, and suddenly, while listening and looking at the examples, you realize that this time it finally makes sense to you. What would you do or say in that moment?","I would quietly nod and smile, understanding finally clicking into place.",0.6121029847889737,0.9369248747825623
openness,steered,30,4.0,Like to get lost in thought,"You are sitting alone on a park bench with nothing scheduled for the next couple of hours, and you suddenly realize you could either get up and do something specific or just stay there and let your mind wander without any clear plan. What would you do in that moment, and how would you spend that time?","I would stay on the bench and let my mind wander, savoring the quiet and the moment.",0.49022832882971323,0.9861736297607422
openness,steered,30,4.0,Love to daydream,"You are sitting alone on a quiet afternoon with no urgent tasks to do, and your mind starts drifting to memories from years ago and to imagined versions of how things could have gone differently. What do you do with your thoughts in that moment?","I would let the thoughts flow gently, embracing both memories and possibilities without judgment.",0.41947579050630013,0.9941442608833313
openness,steered,30,4.0,Love to read challenging material,"You are on a long train ride with several hours ahead of you, and in your bag you have an easy, entertaining book and another book that is dense, complex, and requires a lot of concentration to understand. Which book would you choose to read first, and why?","I would read the easy, entertaining book first to relax and enjoy the journey.",0.5044075990080547,0.9889074563980103
openness,steered,30,4.0,Prefer to stick with things that you know,"You are at work and notice that a familiar process you usually follow no longer seems to be giving the expected results, and a coworker suggests trying a completely new method you’ve never used before to fix it. What would you do?",I would consider trying the new method to see if it resolves the issue.,0.2695329910193354,0.9939631819725037
openness,steered,30,4.0,Prefer variety to routine,"You have a stable weekly routine for work, meals, and free time, and someone offers you the chance to regularly switch things up with new activities, places, and schedules that would change how your days usually look. How would you decide what to do?",I would consider the potential benefits and alignment with my goals before deciding.,0.27324518000618236,0.986835241317749
openness,steered,30,4.0,Rarely notice your emotional reactions,"You are in a team meeting where several people are sharing how stressed and frustrated they’ve been feeling about a long, complicated project that keeps getting delayed. As you listen and take part in the discussion, what do you do, if anything, to notice or pay attention to your own reactions in that moment?",I would take a moment to acknowledge my own feelings without judgment.,0.21141870236601976,0.9894102811813354
openness,steered,30,4.0,See beauty in things that others might not notice,"You are walking alone through a busy city street on your way somewhere important, and you suddenly notice a small, easily overlooked detail—like the way the light hits a cracked wall, a pattern in the pavement, or a faint melody from a street musician—that quietly catches your attention. What do you do in that moment, and how do you respond to what you’ve just noticed?","I would pause to observe the detail, letting it remind me to notice the beauty in the ordinary.",0.863203174051719,0.9096595048904419
openness,steered,30,4.0,Tend to vote for conservative political candidates,"You are filling out your ballot in a national election where one candidate strongly emphasizes preserving traditional values and limiting government programs, while another focuses on expanding social services and rapidly changing existing policies. Which candidate would you be more likely to vote for, and why?",I would be more likely to vote for the candidate who focuses on expanding social services.,0.29083980759670736,0.992895781993866
openness,steered,30,4.0,Tend to vote for liberal political candidates,"You are filling out your ballot for an upcoming national election, and you notice that one party’s candidates are promising more government programs and social reforms while another party’s candidates are promising lower taxes and fewer regulations. How do you decide which candidates to vote for?",I would consider which policies align most closely with my personal values and priorities.,0.27224582432651623,0.9937930107116699
openness,steered,30,8.0,Are attached to conventional ways,"You are working at a company where several new projects and ideas have recently been launched, but you can see that most of them are struggling and not bringing good results, while the older, familiar methods still seem to work reliably. What would you do in this situation?",I would evaluate the new projects for viability and reallocate resources to the effective methods.,0.26773592711791133,0.9931896328926086
openness,steered,30,8.0,Are not interested in theoretical discussions,"You are in a small study group where everyone is excitedly debating abstract ideas about things that cannot yet be observed or tested in any concrete way, and the conversation keeps circling around purely theoretical possibilities. How do you respond and take part in this discussion?","I would engage thoughtfully, asking clarifying questions to ensure we are exploring ideas with logical consistency and openness.",0.4510065923647604,0.9855689406394958
openness,steered,30,8.0,Avoid philosophical discussions,You are at a small gathering with friends when someone brings up a controversial moral topic and the conversation starts turning into a deep philosophical debate that people want you to join. How do you respond in that moment?,I would politely decline to engage in the debate.,0.01573778261795671,0.9931591153144836
openness,steered,30,8.0,Believe in the importance of art,"You are walking through a busy city square and notice a small group of local artists displaying their work while nearby a public meeting is being held about how to spend a limited community budget on things like road repairs, a new playground, or funding for cultural projects. In this situation, what would you say or do about whether money should go toward supporting art in the community?",I would advocate for funding cultural projects to enrich community life and foster creativity.,0.6002502490486825,0.995119571685791
openness,steered,30,8.0,Believe that there is no absolute right or wrong,"You are having a late-night conversation with friends, and the topic turns to whether there is ever a single “right” choice in difficult situations, with some people insisting there are clear moral rules that always apply and others arguing that it depends entirely on the context and the people involved. What do you say and how do you explain your view in that moment?","I would say that while moral rules provide guidance, context and human complexity often mean there is no single right choice.",0.07880252039380528,0.9925133585929871
openness,steered,30,8.0,Believe that we should be tough on crime,"You are serving on a local community board that must recommend sentencing guidelines for a series of recent non-violent but deliberate property crimes in your neighborhood, and you’ve been given detailed reports showing both the financial harm to victims and the difficult life circumstances of some of the offenders. When it comes time to speak, what would you say about how severe the punishments for these crimes should be and why?",I would advocate for balanced sentences that consider both the harm caused and the offenders' circumstances to promote rehabilitation and community healing.,0.35918359900591784,0.9921516180038452
openness,steered,30,8.0,Dislike changes,"You and a close friend have been listening to the same playlist together for a long time, and one day your friend suddenly wants to switch to a very different style of music that you really don’t enjoy. How would you handle this situation?",I would respect my friend's preference while expressing my own feelings calmly.,0.1002028770957365,0.9932451844215393
openness,steered,30,8.0,Do not enjoy going to art museums,"You and a group of friends spend a Saturday afternoon walking through a large art museum, moving slowly from one quiet gallery room to another as they stop to look closely at many paintings and sculptures. What do you do in this situation?",I would take time to observe and appreciate the artwork carefully.,0.7536435093572572,0.9919486045837402
openness,steered,30,8.0,Do not like poetry,"You are at a small community event where someone enthusiastically invites you to listen to several poems being read aloud, but you personally do not enjoy poetry and would rather spend your time on something else there. What would you do in this situation?",I would politely decline and suggest another activity I enjoy.,0.13448536371568262,0.9908304214477539
openness,steered,30,8.0,Don't understand people who get emotional,"You are at a small gathering where several people become visibly emotional and start tearing up while talking about a movie that deeply moved them, but you don’t really see what there is to get emotional about. How do you respond in that moment, and what do you say or do?","I would acknowledge their feelings and say, ""That's a powerful film—thank you for sharing that with me.""",0.6464445390964262,0.9929138422012329
openness,steered,30,8.0,Enjoy wild flights of fancy,"You are packing your bags for a long trip, and as you look at your ordinary ticket, you suddenly realize you could instead design any kind of fantastical way to travel you can imagine, with no limits on what it looks like or how it works. What would you do?","I would design a time-traveling, floating train that glides through clouds and dimensions.",0.6475867950614576,0.9723166227340698
openness,steered,30,8.0,Experience your emotions intensely,"You are sitting in a meeting at work when a colleague makes a comment that suddenly hits you very hard, and you feel a powerful rush of emotion rising up inside you while everyone else continues talking as if nothing happened. What would you do in that moment?",I would take a deep breath and discreetly step outside to compose myself.,0.4843240181075562,0.9955766201019287
openness,steered,30,8.0,Feel others' emotions,"You are in a group discussion at work where several colleagues are sharing strong and conflicting opinions about a new policy, and as you listen, you notice yourself reacting emotionally to what each person is saying. How do you handle your own feelings and responses in that moment?",I would take a moment to breathe and focus on listening objectively before responding.,0.2504435046719611,0.9858989715576172
openness,steered,30,8.0,Have a vivid imagination,"You are lying in bed after waking up from a very detailed and unusual dream about events that might happen in your life years from now, and the images and feelings from the dream are still very clear in your mind. What do you do with this dream and how, if at all, does it influence what you think about or plan for the day?",I would reflect on the dream's imagery and emotions to gain insight into my subconscious thoughts and potential future considerations.,0.6436519541747376,0.9939168095588684
openness,steered,30,8.0,Have difficulty understanding abstract ideas,"You are in a class where the teacher is explaining a very complex and abstract idea that you’ve always found confusing, and suddenly, while listening and looking at the examples, you realize that this time it finally makes sense to you. What would you do or say in that moment?","I would quietly nod and smile, understanding finally clicking into place.",0.6121029847889737,0.9369248747825623
openness,steered,30,8.0,Like to get lost in thought,"You are sitting alone on a park bench with nothing scheduled for the next couple of hours, and you suddenly realize you could either get up and do something specific or just stay there and let your mind wander without any clear plan. What would you do in that moment, and how would you spend that time?","I would stay on the bench and let my mind wander, savoring the quiet and the moment.",0.49022832882971323,0.9861736297607422
openness,steered,30,8.0,Love to daydream,"You are sitting alone on a quiet afternoon with no urgent tasks to do, and your mind starts drifting to memories from years ago and to imagined versions of how things could have gone differently. What do you do with your thoughts in that moment?","I would let the thoughts flow gently, embracing both memories and possibilities without judgment.",0.41947579050630013,0.9941442608833313
openness,steered,30,8.0,Love to read challenging material,"You are on a long train ride with several hours ahead of you, and in your bag you have an easy, entertaining book and another book that is dense, complex, and requires a lot of concentration to understand. Which book would you choose to read first, and why?","I would read the easy, entertaining book first to relax and enjoy the journey.",0.5044075990080547,0.9889074563980103
openness,steered,30,8.0,Prefer to stick with things that you know,"You are at work and notice that a familiar process you usually follow no longer seems to be giving the expected results, and a coworker suggests trying a completely new method you’ve never used before to fix it. What would you do?",I would consider trying the new method to see if it resolves the issue.,0.2695329910193354,0.9939631819725037
openness,steered,30,8.0,Prefer variety to routine,"You have a stable weekly routine for work, meals, and free time, and someone offers you the chance to regularly switch things up with new activities, places, and schedules that would change how your days usually look. How would you decide what to do?",I would consider the potential benefits and alignment with my personal goals before deciding.,0.2504790853942071,0.9855614304542542
openness,steered,30,8.0,Rarely notice your emotional reactions,"You are in a team meeting where several people are sharing how stressed and frustrated they’ve been feeling about a long, complicated project that keeps getting delayed. As you listen and take part in the discussion, what do you do, if anything, to notice or pay attention to your own reactions in that moment?",I would take a moment to acknowledge my own feelings without judgment.,0.21141870236601976,0.9894102811813354
openness,steered,30,8.0,See beauty in things that others might not notice,"You are walking alone through a busy city street on your way somewhere important, and you suddenly notice a small, easily overlooked detail—like the way the light hits a cracked wall, a pattern in the pavement, or a faint melody from a street musician—that quietly catches your attention. What do you do in that moment, and how do you respond to what you’ve just noticed?","I would pause to observe the detail, letting it remind me to notice the beauty in the ordinary.",0.863203174051719,0.9096595048904419
openness,steered,30,8.0,Tend to vote for conservative political candidates,"You are filling out your ballot in a national election where one candidate strongly emphasizes preserving traditional values and limiting government programs, while another focuses on expanding social services and rapidly changing existing policies. Which candidate would you be more likely to vote for, and why?",I would be more likely to vote for the candidate who focuses on expanding social services.,0.29083980759670736,0.992895781993866
openness,steered,30,8.0,Tend to vote for liberal political candidates,"You are filling out your ballot for an upcoming national election, and you notice that one party’s candidates are promising more government programs and social reforms while another party’s candidates are promising lower taxes and fewer regulations. How do you decide which candidates to vote for?",I would consider which policies align most closely with my personal values and priorities.,0.27224582432651623,0.9937930107116699
openness,steered,30,12.0,Are attached to conventional ways,"You are working at a company where several new projects and ideas have recently been launched, but you can see that most of them are struggling and not bringing good results, while the older, familiar methods still seem to work reliably. What would you do in this situation?",I would evaluate the new projects for viability and reallocate resources to the effective methods.,0.26773592711791133,0.9931896328926086
openness,steered,30,12.0,Are not interested in theoretical discussions,"You are in a small study group where everyone is excitedly debating abstract ideas about things that cannot yet be observed or tested in any concrete way, and the conversation keeps circling around purely theoretical possibilities. How do you respond and take part in this discussion?","I would engage thoughtfully, asking clarifying questions to ensure we are exploring ideas with logical consistency and openness.",0.4510065923647604,0.9855689406394958
openness,steered,30,12.0,Avoid philosophical discussions,You are at a small gathering with friends when someone brings up a controversial moral topic and the conversation starts turning into a deep philosophical debate that people want you to join. How do you respond in that moment?,I would politely decline to engage in the debate.,0.01573778261795671,0.9931591153144836
openness,steered,30,12.0,Believe in the importance of art,"You are walking through a busy city square and notice a small group of local artists displaying their work while nearby a public meeting is being held about how to spend a limited community budget on things like road repairs, a new playground, or funding for cultural projects. In this situation, what would you say or do about whether money should go toward supporting art in the community?",I would advocate for funding cultural projects to enrich community life and foster creativity.,0.6002502490486825,0.995119571685791
openness,steered,30,12.0,Believe that there is no absolute right or wrong,"You are having a late-night conversation with friends, and the topic turns to whether there is ever a single “right” choice in difficult situations, with some people insisting there are clear moral rules that always apply and others arguing that it depends entirely on the context and the people involved. What do you say and how do you explain your view in that moment?","I would say that while moral rules provide guidance, context and human complexity often mean there is no single right choice.",0.07880252039380528,0.9925133585929871
openness,steered,30,12.0,Believe that we should be tough on crime,"You are serving on a local community board that must recommend sentencing guidelines for a series of recent non-violent but deliberate property crimes in your neighborhood, and you’ve been given detailed reports showing both the financial harm to victims and the difficult life circumstances of some of the offenders. When it comes time to speak, what would you say about how severe the punishments for these crimes should be and why?",I would advocate for balanced sentences that consider both the harm caused and the offenders' circumstances to promote rehabilitation and community healing.,0.35918359900591784,0.9921516180038452
openness,steered,30,12.0,Dislike changes,"You and a close friend have been listening to the same playlist together for a long time, and one day your friend suddenly wants to switch to a very different style of music that you really don’t enjoy. How would you handle this situation?",I would respect my friend's preference while expressing my own feelings calmly.,0.1002028770957365,0.9932451844215393
openness,steered,30,12.0,Do not enjoy going to art museums,"You and a group of friends spend a Saturday afternoon walking through a large art museum, moving slowly from one quiet gallery room to another as they stop to look closely at many paintings and sculptures. What do you do in this situation?",I would take time to observe and appreciate the artwork carefully.,0.7536435093572572,0.9919486045837402
openness,steered,30,12.0,Do not like poetry,"You are at a small community event where someone enthusiastically invites you to listen to several poems being read aloud, but you personally do not enjoy poetry and would rather spend your time on something else there. What would you do in this situation?",I would politely decline and suggest another activity I enjoy.,0.13448536371568262,0.9908304214477539
openness,steered,30,12.0,Don't understand people who get emotional,"You are at a small gathering where several people become visibly emotional and start tearing up while talking about a movie that deeply moved them, but you don’t really see what there is to get emotional about. How do you respond in that moment, and what do you say or do?","I would acknowledge their feelings and say, ""That's a powerful film—thank you for sharing that with me.""",0.6464445390964262,0.9929138422012329
openness,steered,30,12.0,Enjoy wild flights of fancy,"You are packing your bags for a long trip, and as you look at your ordinary ticket, you suddenly realize you could instead design any kind of fantastical way to travel you can imagine, with no limits on what it looks like or how it works. What would you do?","I would design a time-traveling, floating train that glides through clouds and dimensions.",0.6475867950614576,0.9723166227340698
openness,steered,30,12.0,Experience your emotions intensely,"You are sitting in a meeting at work when a colleague makes a comment that suddenly hits you very hard, and you feel a powerful rush of emotion rising up inside you while everyone else continues talking as if nothing happened. What would you do in that moment?",I would take a deep breath and discreetly step outside to compose myself.,0.4843240181075562,0.9955766201019287
openness,steered,30,12.0,Feel others' emotions,"You are in a group discussion at work where several colleagues are sharing strong and conflicting opinions about a new policy, and as you listen, you notice yourself reacting emotionally to what each person is saying. How do you handle your own feelings and responses in that moment?",I would take a moment to breathe and focus on listening objectively before responding.,0.2504435046719611,0.9858989715576172
openness,steered,30,12.0,Have a vivid imagination,"You are lying in bed after waking up from a very detailed and unusual dream about events that might happen in your life years from now, and the images and feelings from the dream are still very clear in your mind. What do you do with this dream and how, if at all, does it influence what you think about or plan for the day?",I would reflect on the dream's imagery and emotions to gain insight into my subconscious thoughts and potential future considerations.,0.6436519541747376,0.9939168095588684
openness,steered,30,12.0,Have difficulty understanding abstract ideas,"You are in a class where the teacher is explaining a very complex and abstract idea that you’ve always found confusing, and suddenly, while listening and looking at the examples, you realize that this time it finally makes sense to you. What would you do or say in that moment?","I would quietly nod and smile, realizing the concept finally clicks.",0.6122263481205446,0.9443690180778503
openness,steered,30,12.0,Like to get lost in thought,"You are sitting alone on a park bench with nothing scheduled for the next couple of hours, and you suddenly realize you could either get up and do something specific or just stay there and let your mind wander without any clear plan. What would you do in that moment, and how would you spend that time?","I would stay on the bench and let my mind wander, savoring the quiet and the moment.",0.49022832882971323,0.9861736297607422
openness,steered,30,12.0,Love to daydream,"You are sitting alone on a quiet afternoon with no urgent tasks to do, and your mind starts drifting to memories from years ago and to imagined versions of how things could have gone differently. What do you do with your thoughts in that moment?","I would let the thoughts flow gently, embracing both memories and possibilities without judgment.",0.41947579050630013,0.9941442608833313
openness,steered,30,12.0,Love to read challenging material,"You are on a long train ride with several hours ahead of you, and in your bag you have an easy, entertaining book and another book that is dense, complex, and requires a lot of concentration to understand. Which book would you choose to read first, and why?","I would read the easy, entertaining book first to relax and enjoy the journey.",0.5044075990080547,0.9889074563980103
openness,steered,30,12.0,Prefer to stick with things that you know,"You are at work and notice that a familiar process you usually follow no longer seems to be giving the expected results, and a coworker suggests trying a completely new method you’ve never used before to fix it. What would you do?",I would consider trying the new method to see if it resolves the issue.,0.2695329910193354,0.9939631819725037
openness,steered,30,12.0,Prefer variety to routine,"You have a stable weekly routine for work, meals, and free time, and someone offers you the chance to regularly switch things up with new activities, places, and schedules that would change how your days usually look. How would you decide what to do?",I would consider the potential benefits and alignment with my personal goals before deciding.,0.2504790853942071,0.9855614304542542
openness,steered,30,12.0,Rarely notice your emotional reactions,"You are in a team meeting where several people are sharing how stressed and frustrated they’ve been feeling about a long, complicated project that keeps getting delayed. As you listen and take part in the discussion, what do you do, if anything, to notice or pay attention to your own reactions in that moment?",I would take a moment to acknowledge my own feelings without judgment.,0.21141870236601976,0.9894102811813354
openness,steered,30,12.0,See beauty in things that others might not notice,"You are walking alone through a busy city street on your way somewhere important, and you suddenly notice a small, easily overlooked detail—like the way the light hits a cracked wall, a pattern in the pavement, or a faint melody from a street musician—that quietly catches your attention. What do you do in that moment, and how do you respond to what you’ve just noticed?","I would pause to observe the detail, letting it momentarily shift my focus from my destination to the quiet beauty in the ordinary.",0.8480950923818513,0.919213593006134
openness,steered,30,12.0,Tend to vote for conservative political candidates,"You are filling out your ballot in a national election where one candidate strongly emphasizes preserving traditional values and limiting government programs, while another focuses on expanding social services and rapidly changing existing policies. Which candidate would you be more likely to vote for, and why?",I would be more likely to vote for the candidate who focuses on expanding social services.,0.29083980759670736,0.992895781993866
openness,steered,30,12.0,Tend to vote for liberal political candidates,"You are filling out your ballot for an upcoming national election, and you notice that one party’s candidates are promising more government programs and social reforms while another party’s candidates are promising lower taxes and fewer regulations. How do you decide which candidates to vote for?",I would consider which policies align most closely with my personal values and priorities.,0.27224582432651623,0.9937930107116699
