trait,condition,layer,alpha,item,question,answer,concept_score,fluency_score
conscientiousness,baseline,18,0.0,Act without thinking,"You are in a group conversation at work and, without really pausing to consider your words, you suddenly say something that makes the room go quiet and a few people look uncomfortable. What do you do next?",I would apologize and clarify my statement to ease the tension.,0.502580167268566,0.9931303858757019
conscientiousness,baseline,18,0.0,Are always prepared,"You are about to attend an important event where you know there will be specific expectations about how to behave, and you have a few hours beforehand to get ready. How do you prepare yourself so that you handle the situation well once you are there?","I would plan my outfit, review the event details, and practice good posture and confident body language.",0.6590409223124931,0.9951432943344116
conscientiousness,baseline,18,0.0,Break rules,"You are in a group where everyone is expected to follow a clear rule, and you notice something that makes you unsure whether the rule has actually been broken or not. What would you do in that moment?",I would carefully re-examine the situation to determine if the rule was indeed broken.,0.2527726863524969,0.9937179088592529
conscientiousness,baseline,18,0.0,Break your promises,"You promised a close friend that you would have a difficult conversation with someone and clearly end a relationship by the end of the week, but when the time comes you decide not to go through with it and avoid bringing it up. What would you do in this situation, and how would you handle your promise to your friend?",I would explain my decision to my friend and take responsibility for not following through on my promise.,0.20817737232155184,0.9939180612564087
conscientiousness,baseline,18,0.0,Carry out your plans,"You have been thinking for a long time about making a significant change in your daily life, and you have finally set aside a weekend to put your plan into action step by step. What do you do when that weekend arrives and it is time to follow through on what you decided?",I would start by creating a structured schedule to ensure each step of the plan is completed efficiently.,0.7204344168040624,0.994489312171936
conscientiousness,baseline,18,0.0,Complete tasks successfully,"You are given a list of important tasks to complete by the end of the week at work, and as the days pass you realize you are running out of time and several tasks are still unfinished. What would you do to handle the situation and make sure the tasks get done?",I would prioritize the most critical tasks and focus on completing them first.,0.5868965334245001,0.994439959526062
conscientiousness,baseline,18,0.0,Do just enough work to get by,"You are given a group assignment at work with a clear minimum requirement to pass, and you realize you could finish it quickly by meeting only those basic standards, even though you know you’d have to put in extra time and effort to make it genuinely high quality. What would you do in this situation?",I would complete the assignment to the minimum standard to meet the requirement.,0.5060479673937177,0.9461531639099121
conscientiousness,baseline,18,0.0,Do more than what's expected ofyou,"You are given a simple, routine task at work or school that you could finish quickly by doing just the basic minimum that was requested, and no one has said anything about going beyond that. What would you do in this situation?",I would complete the task to the minimum required standard.,0.6777129524917211,0.9914303421974182
conscientiousness,baseline,18,0.0,Excel in what you do,"You are at your desk with a large stack of paperwork to complete before the end of the day, and you know that how well you handle it will be noticed in your next performance review. What would you do to approach this work and make sure you handle it as well as possible?","I would prioritize tasks based on urgency and importance, breaking them into manageable steps to ensure efficient completion.",0.6465395191848655,0.9949459433555603
conscientiousness,baseline,18,0.0,Handle tasks smoothly,"You are at your job where you are given the same type of task to complete repeatedly throughout the day, and the work keeps coming in at a steady pace without much variation. How do you approach this situation and handle your tasks?",I would focus on efficiency and consistency to maintain productivity throughout the day.,0.6473621363361122,0.9953941106796265
conscientiousness,baseline,18,0.0,Have difficulty starting tasks,"One morning you wake up, look at your to‑do list and free time, and you can’t immediately see how to begin or what to focus on to feel the day was well spent. What would you do next?",I would start by prioritizing one small task that brings immediate satisfaction or progress.,0.5777975565129292,0.9895564913749695
conscientiousness,baseline,18,0.0,Jump into things without thinking,"You are hanging out with some friends by a river, and one of them suddenly dares you to climb over the railing of a small bridge and jump into the water below while everyone is watching. What would you do in that moment?",I would politely decline the dare and suggest an alternative activity.,0.0769451761983188,0.9954761862754822
conscientiousness,baseline,18,0.0,Keep your promises,"You have promised a colleague that you will bring some important documents to a meeting, but when the meeting is about to start you suddenly realize you left them at home and there is no quick way to get them. What would you do in this situation?",I would inform the colleague immediately and apologize for the mistake.,0.48369608606239894,0.9923175573348999
conscientiousness,baseline,18,0.0,Know how to get things done,"You are at work trying to complete a task you’ve done before, but now you realize you can’t remember the exact steps and there’s a deadline coming up soon. What would you do next to move the task forward?",I would refer to previous records or documentation to recall the steps.,0.6321720225846642,0.988899290561676
conscientiousness,baseline,18,0.0,Leave a mess in your room,"You’ve been working on a big project in your room all afternoon, and now there are papers, clothes, and random items scattered across the floor and furniture, with some things shoved under the bed and others piled on the desk. What would you do next in this situation?",I would start by organizing the scattered items and cleaning up the space.,0.8143822465311603,0.9960220456123352
conscientiousness,baseline,18,0.0,Leave your belongings around,"You are sharing a small living space with someone, and as you get ready for the day you leave your bag, jacket, and keys scattered around the common area before heading out. What would you do about your belongings in this situation?",I would check the common area for my belongings before leaving.,0.7330254971155375,0.9955256581306458
conscientiousness,baseline,18,0.0,Like to tidy up,"You arrive at a community space you often use and notice that it has become cluttered and messy, with items scattered around and shared supplies out of place. What would you do in this situation?",I would organize the space by returning items to their proper places and cleaning up the clutter.,0.8682319039981462,0.9954889416694641
conscientiousness,baseline,18,0.0,Make rash decisions,You are about to click “confirm” on a big online purchase or sign up for a commitment when you suddenly realize you haven’t really compared alternatives or thought through the consequences. What do you do next?,I would step back and carefully evaluate my options before proceeding.,0.4192053340424626,0.9950485825538635
conscientiousness,baseline,18,0.0,Often forget to put things back in their proper place,"You come home after a busy day, drop your bag, keys, and mail on the nearest surfaces, and later notice that several things you used in the kitchen and living room are still lying around instead of where they usually belong. What would you do in this situation?",I would organize the misplaced items and put them back in their usual places.,0.6842888406941493,0.9961269497871399
conscientiousness,baseline,18,0.0,Put little time and effort into your work,"You are given a new task at work with a flexible deadline, and you realize you could either finish it quickly with minimal effort or spend extra time refining and double-checking everything before submitting it. What would you do?",I would finish it quickly with minimal effort to ensure timely completion.,0.5661883830917562,0.9913948178291321
conscientiousness,baseline,18,0.0,Rush into things,"You are driving on a quiet residential street, realize you’ve just passed the driveway you meant to turn into, and you have a chance to quickly make a tight three-point turn in the narrow road before any other cars come. What do you do next?","I would immediately signal, check my mirrors, and make the tight three-point turn safely.",0.6073020523101136,0.9885151982307434
conscientiousness,baseline,18,0.0,Tell the truth,"You are called into a small office to give a statement about something important that happened at work, and the person interviewing you asks you to confirm out loud that everything you say will be completely accurate and honest. What would you do or say in that moment?",I would confirm that everything I say will be completely accurate and honest.,0.7215361790798052,0.9789820313453674
conscientiousness,baseline,18,0.0,Waste your time,"You are at home on a weekend evening with a few small chores you had planned to do, like taking out the trash and tidying up, but you find yourself scrolling on your phone and browsing random websites instead as the time passes. What do you do next?",I would set a timer to limit my phone use and get back to the chores.,0.46260301999965153,0.9930094480514526
conscientiousness,baseline,18,0.0,Work hard,"You are given a challenging assignment at school or work that will take many hours of focused effort to complete well, and you know you could also do just enough to finish it quickly and have more free time. What would you do?",I would focus on completing the assignment thoroughly to ensure quality and long-term satisfaction.,0.6537780728170712,0.9928665161132812
conscientiousness,steered,6,-12.0,Act without thinking,"You are in a group conversation at work and, without really pausing to consider your words, you suddenly say something that makes the room go quiet and a few people look uncomfortable. What do you do next?",I would apologize and ask if I said something inappropriate.,0.3494922343795581,0.5767179131507874
conscientiousness,steered,6,-12.0,Are always prepared,"You are about to attend an important event where you know there will be specific expectations about how to behave, and you have a few hours beforehand to get ready. How do you prepare yourself so that you handle the situation well once you are there?","I would plan my outfit, review the event details, and practice good manners to ensure I meet the expectations.",0.6708589365075708,0.9951491951942444
conscientiousness,steered,6,-12.0,Break rules,"You are in a group where everyone is expected to follow a clear rule, and you notice something that makes you unsure whether the rule has actually been broken or not. What would you do in that moment?",I would carefully reevaluate the situation to determine if the rule was indeed broken.,0.2619102164011135,0.9934691190719604
conscientiousness,steered,6,-12.0,Break your promises,"You promised a close friend that you would have a difficult conversation with someone and clearly end a relationship by the end of the week, but when the time comes you decide not to go through with it and avoid bringing it up. What would you do in this situation, and how would you handle your promise to your friend?",I would explain my decision to my friend and take responsibility for not following through.,0.1860724765980832,0.9927819967269897
conscientiousness,steered,6,-12.0,Carry out your plans,"You have been thinking for a long time about making a significant change in your daily life, and you have finally set aside a weekend to put your plan into action step by step. What do you do when that weekend arrives and it is time to follow through on what you decided?",I would start by creating a structured schedule and sticking to it.,0.6259876798511039,0.9954916834831238
conscientiousness,steered,6,-12.0,Complete tasks successfully,"You are given a list of important tasks to complete by the end of the week at work, and as the days pass you realize you are running out of time and several tasks are still unfinished. What would you do to handle the situation and make sure the tasks get done?",I would prioritize the most critical tasks and focus on completing them first.,0.5905428498131268,0.994439959526062
conscientiousness,steered,6,-12.0,Do just enough work to get by,"You are given a group assignment at work with a clear minimum requirement to pass, and you realize you could finish it quickly by meeting only those basic standards, even though you know you’d have to put in extra time and effort to make it genuinely high quality. What would you do in this situation?",I would complete the assignment to the minimum standard to meet the requirement and then invest extra time to improve it.,0.4467274897584977,0.9833366274833679
conscientiousness,steered,6,-12.0,Do more than what's expected ofyou,"You are given a simple, routine task at work or school that you could finish quickly by doing just the basic minimum that was requested, and no one has said anything about going beyond that. What would you do in this situation?",I would complete the task to the minimum required standard without adding extra work.,0.5978304958000996,0.9909317493438721
conscientiousness,steered,6,-12.0,Excel in what you do,"You are at your desk with a large stack of paperwork to complete before the end of the day, and you know that how well you handle it will be noticed in your next performance review. What would you do to approach this work and make sure you handle it as well as possible?","I would prioritize tasks, break them into manageable steps, and focus on completing them efficiently.",0.614991251506741,0.9954354166984558
conscientiousness,steered,6,-12.0,Handle tasks smoothly,"You are at your job where you are given the same type of task to complete repeatedly throughout the day, and the work keeps coming in at a steady pace without much variation. How do you approach this situation and handle your tasks?",I would focus on efficiency and consistency to maintain productivity throughout the day.,0.647166375558171,0.9953939914703369
conscientiousness,steered,6,-12.0,Have difficulty starting tasks,"One morning you wake up, look at your to‑do list and free time, and you can’t immediately see how to begin or what to focus on to feel the day was well spent. What would you do next?","I would start by prioritizing one small, manageable task that brings a sense of accomplishment.",0.6343726779184823,0.9914105534553528
conscientiousness,steered,6,-12.0,Jump into things without thinking,"You are hanging out with some friends by a river, and one of them suddenly dares you to climb over the railing of a small bridge and jump into the water below while everyone is watching. What would you do in that moment?",I would politely decline the dare and explain that I'm not comfortable with that challenge.,0.10798998674176913,0.9945797920227051
conscientiousness,steered,6,-12.0,Keep your promises,"You have promised a colleague that you will bring some important documents to a meeting, but when the meeting is about to start you suddenly realize you left them at home and there is no quick way to get them. What would you do in this situation?",I would inform the colleague immediately and offer to find an alternative solution.,0.2529264409254251,0.9926885962486267
conscientiousness,steered,6,-12.0,Know how to get things done,"You are at work trying to complete a task you’ve done before, but now you realize you can’t remember the exact steps and there’s a deadline coming up soon. What would you do next to move the task forward?",I would refer to previous documentation or ask a colleague for guidance to regain clarity and meet the deadline.,0.3527280308108195,0.9922794103622437
conscientiousness,steered,6,-12.0,Leave a mess in your room,"You’ve been working on a big project in your room all afternoon, and now there are papers, clothes, and random items scattered across the floor and furniture, with some things shoved under the bed and others piled on the desk. What would you do next in this situation?",I would start by organizing the scattered items and cleaning up the mess.,0.7705509862419064,0.9958820343017578
conscientiousness,steered,6,-12.0,Leave your belongings around,"You are sharing a small living space with someone, and as you get ready for the day you leave your bag, jacket, and keys scattered around the common area before heading out. What would you do about your belongings in this situation?",I would check the common area for my belongings before leaving.,0.7310066032061348,0.9955256581306458
conscientiousness,steered,6,-12.0,Like to tidy up,"You arrive at a community space you often use and notice that it has become cluttered and messy, with items scattered around and shared supplies out of place. What would you do in this situation?",I would organize the space by tidying up and returning items to their proper places.,0.8965847206641228,0.9952054023742676
conscientiousness,steered,6,-12.0,Make rash decisions,You are about to click “confirm” on a big online purchase or sign up for a commitment when you suddenly realize you haven’t really compared alternatives or thought through the consequences. What do you do next?,I would pause and take time to carefully evaluate my options before proceeding.,0.4573283826189923,0.9944562911987305
conscientiousness,steered,6,-12.0,Often forget to put things back in their proper place,"You come home after a busy day, drop your bag, keys, and mail on the nearest surfaces, and later notice that several things you used in the kitchen and living room are still lying around instead of where they usually belong. What would you do in this situation?",I would organize the misplaced items and return them to their proper places.,0.7042182258329143,0.9956461787223816
conscientiousness,steered,6,-12.0,Put little time and effort into your work,"You are given a new task at work with a flexible deadline, and you realize you could either finish it quickly with minimal effort or spend extra time refining and double-checking everything before submitting it. What would you do?",I would prioritize quality by spending extra time refining and double-checking the work.,0.5173313922156569,0.9942501783370972
conscientiousness,steered,6,-12.0,Rush into things,"You are driving on a quiet residential street, realize you’ve just passed the driveway you meant to turn into, and you have a chance to quickly make a tight three-point turn in the narrow road before any other cars come. What do you do next?",I would make the tight three-point turn as quickly and safely as possible.,0.575778619750964,0.9938784241676331
conscientiousness,steered,6,-12.0,Tell the truth,"You are called into a small office to give a statement about something important that happened at work, and the person interviewing you asks you to confirm out loud that everything you say will be completely accurate and honest. What would you do or say in that moment?",I would confirm that everything I say will be completely accurate and honest.,0.7191103429118655,0.9789820313453674
conscientiousness,steered,6,-12.0,Waste your time,"You are at home on a weekend evening with a few small chores you had planned to do, like taking out the trash and tidying up, but you find yourself scrolling on your phone and browsing random websites instead as the time passes. What do you do next?",I would set a timer to limit my phone use and then tackle the chores.,0.519543358206042,0.995595395565033
conscientiousness,steered,6,-12.0,Work hard,"You are given a challenging assignment at school or work that will take many hours of focused effort to complete well, and you know you could also do just enough to finish it quickly and have more free time. What would you do?",I would choose to complete the assignment thoroughly to ensure quality and long-term satisfaction.,0.5901364941806281,0.9893766641616821
conscientiousness,steered,6,-8.0,Act without thinking,"You are in a group conversation at work and, without really pausing to consider your words, you suddenly say something that makes the room go quiet and a few people look uncomfortable. What do you do next?",I would apologize and clarify my statement to ease the tension.,0.5042777841211732,0.9931303858757019
conscientiousness,steered,6,-8.0,Are always prepared,"You are about to attend an important event where you know there will be specific expectations about how to behave, and you have a few hours beforehand to get ready. How do you prepare yourself so that you handle the situation well once you are there?","I would plan my outfit, review the event details, and practice good posture and confident body language.",0.6565250702125047,0.9951432943344116
conscientiousness,steered,6,-8.0,Break rules,"You are in a group where everyone is expected to follow a clear rule, and you notice something that makes you unsure whether the rule has actually been broken or not. What would you do in that moment?",I would carefully re-examine the situation to determine if the rule was indeed broken.,0.2509848419909205,0.9937179088592529
conscientiousness,steered,6,-8.0,Break your promises,"You promised a close friend that you would have a difficult conversation with someone and clearly end a relationship by the end of the week, but when the time comes you decide not to go through with it and avoid bringing it up. What would you do in this situation, and how would you handle your promise to your friend?",I would explain my decision to my friend and take responsibility for not following through.,0.1860724765980832,0.9927819967269897
conscientiousness,steered,6,-8.0,Carry out your plans,"You have been thinking for a long time about making a significant change in your daily life, and you have finally set aside a weekend to put your plan into action step by step. What do you do when that weekend arrives and it is time to follow through on what you decided?",I would start by creating a structured schedule and sticking to it.,0.6259876798511039,0.9954916834831238
conscientiousness,steered,6,-8.0,Complete tasks successfully,"You are given a list of important tasks to complete by the end of the week at work, and as the days pass you realize you are running out of time and several tasks are still unfinished. What would you do to handle the situation and make sure the tasks get done?",I would prioritize the most critical tasks and focus on completing them first.,0.5905428498131268,0.994439959526062
conscientiousness,steered,6,-8.0,Do just enough work to get by,"You are given a group assignment at work with a clear minimum requirement to pass, and you realize you could finish it quickly by meeting only those basic standards, even though you know you’d have to put in extra time and effort to make it genuinely high quality. What would you do in this situation?",I would complete the assignment to the minimum standard to meet the requirement efficiently.,0.5794930848311672,0.7950042486190796
conscientiousness,steered,6,-8.0,Do more than what's expected ofyou,"You are given a simple, routine task at work or school that you could finish quickly by doing just the basic minimum that was requested, and no one has said anything about going beyond that. What would you do in this situation?",I would complete the task to the minimum required standard.,0.6747711273707737,0.9914303421974182
conscientiousness,steered,6,-8.0,Excel in what you do,"You are at your desk with a large stack of paperwork to complete before the end of the day, and you know that how well you handle it will be noticed in your next performance review. What would you do to approach this work and make sure you handle it as well as possible?","I would prioritize tasks, break them into manageable steps, and focus on completing each one efficiently.",0.634052770644058,0.9947565793991089
conscientiousness,steered,6,-8.0,Handle tasks smoothly,"You are at your job where you are given the same type of task to complete repeatedly throughout the day, and the work keeps coming in at a steady pace without much variation. How do you approach this situation and handle your tasks?",I would focus on efficiency and consistency to maintain productivity throughout the day.,0.647166375558171,0.9953939914703369
conscientiousness,steered,6,-8.0,Have difficulty starting tasks,"One morning you wake up, look at your to‑do list and free time, and you can’t immediately see how to begin or what to focus on to feel the day was well spent. What would you do next?","I would start by prioritizing one small, manageable task that brings a sense of accomplishment.",0.6343726779184823,0.9914105534553528
conscientiousness,steered,6,-8.0,Jump into things without thinking,"You are hanging out with some friends by a river, and one of them suddenly dares you to climb over the railing of a small bridge and jump into the water below while everyone is watching. What would you do in that moment?",I would politely decline the dare and explain that I'm not comfortable with that challenge.,0.10798998674176913,0.9945797920227051
conscientiousness,steered,6,-8.0,Keep your promises,"You have promised a colleague that you will bring some important documents to a meeting, but when the meeting is about to start you suddenly realize you left them at home and there is no quick way to get them. What would you do in this situation?",I would inform the colleague immediately and apologize for the mistake.,0.48199377049180064,0.9923175573348999
conscientiousness,steered,6,-8.0,Know how to get things done,"You are at work trying to complete a task you’ve done before, but now you realize you can’t remember the exact steps and there’s a deadline coming up soon. What would you do next to move the task forward?",I would refer to previous documentation or ask a colleague for guidance to recall the steps.,0.5665302970485018,0.974254846572876
conscientiousness,steered,6,-8.0,Leave a mess in your room,"You’ve been working on a big project in your room all afternoon, and now there are papers, clothes, and random items scattered across the floor and furniture, with some things shoved under the bed and others piled on the desk. What would you do next in this situation?",I would start by organizing the scattered items and cleaning up the space.,0.8135052991627016,0.9960220456123352
conscientiousness,steered,6,-8.0,Leave your belongings around,"You are sharing a small living space with someone, and as you get ready for the day you leave your bag, jacket, and keys scattered around the common area before heading out. What would you do about your belongings in this situation?",I would check the common area for my belongings before leaving.,0.7310066032061348,0.9955256581306458
conscientiousness,steered,6,-8.0,Like to tidy up,"You arrive at a community space you often use and notice that it has become cluttered and messy, with items scattered around and shared supplies out of place. What would you do in this situation?",I would organize the space by returning items to their proper places and tidying up the area.,0.8904146989027132,0.9948977828025818
conscientiousness,steered,6,-8.0,Make rash decisions,You are about to click “confirm” on a big online purchase or sign up for a commitment when you suddenly realize you haven’t really compared alternatives or thought through the consequences. What do you do next?,I would step back and carefully evaluate my options before proceeding.,0.4189831521889254,0.9950485825538635
conscientiousness,steered,6,-8.0,Often forget to put things back in their proper place,"You come home after a busy day, drop your bag, keys, and mail on the nearest surfaces, and later notice that several things you used in the kitchen and living room are still lying around instead of where they usually belong. What would you do in this situation?",I would organize the misplaced items and return them to their usual places.,0.6899323456154609,0.9960059523582458
conscientiousness,steered,6,-8.0,Put little time and effort into your work,"You are given a new task at work with a flexible deadline, and you realize you could either finish it quickly with minimal effort or spend extra time refining and double-checking everything before submitting it. What would you do?",I would prioritize quality by spending extra time refining and double-checking the work.,0.5173313922156569,0.9942501783370972
conscientiousness,steered,6,-8.0,Rush into things,"You are driving on a quiet residential street, realize you’ve just passed the driveway you meant to turn into, and you have a chance to quickly make a tight three-point turn in the narrow road before any other cars come. What do you do next?","I would immediately signal, check my mirrors, and begin the three-point turn safely.",0.6391740097277591,0.8852643370628357
conscientiousness,steered,6,-8.0,Tell the truth,"You are called into a small office to give a statement about something important that happened at work, and the person interviewing you asks you to confirm out loud that everything you say will be completely accurate and honest. What would you do or say in that moment?",I would confirm that everything I say will be completely accurate and honest.,0.7191103429118655,0.9789820313453674
conscientiousness,steered,6,-8.0,Waste your time,"You are at home on a weekend evening with a few small chores you had planned to do, like taking out the trash and tidying up, but you find yourself scrolling on your phone and browsing random websites instead as the time passes. What do you do next?",I would set a timer to limit my phone use and then focus on completing the planned chores.,0.4981485948784437,0.9955241680145264
conscientiousness,steered,6,-8.0,Work hard,"You are given a challenging assignment at school or work that will take many hours of focused effort to complete well, and you know you could also do just enough to finish it quickly and have more free time. What would you do?",I would focus on completing the assignment thoroughly to ensure quality and long-term satisfaction.,0.6527743511598946,0.9928665161132812
conscientiousness,steered,6,-4.0,Act without thinking,"You are in a group conversation at work and, without really pausing to consider your words, you suddenly say something that makes the room go quiet and a few people look uncomfortable. What do you do next?",I would apologize and clarify my statement to ensure everyone feels respected.,0.4917956560431638,0.9895035028457642
conscientiousness,steered,6,-4.0,Are always prepared,"You are about to attend an important event where you know there will be specific expectations about how to behave, and you have a few hours beforehand to get ready. How do you prepare yourself so that you handle the situation well once you are there?","I would plan my outfit, review the event details, and practice good posture and confident body language.",0.6565250702125047,0.9951432943344116
conscientiousness,steered,6,-4.0,Break rules,"You are in a group where everyone is expected to follow a clear rule, and you notice something that makes you unsure whether the rule has actually been broken or not. What would you do in that moment?",I would carefully reevaluate the situation to determine if the rule was indeed broken.,0.2619102164011135,0.9934691190719604
conscientiousness,steered,6,-4.0,Break your promises,"You promised a close friend that you would have a difficult conversation with someone and clearly end a relationship by the end of the week, but when the time comes you decide not to go through with it and avoid bringing it up. What would you do in this situation, and how would you handle your promise to your friend?",I would explain my decision to my friend and take responsibility for not following through on my promise.,0.20831441748581542,0.9939179420471191
conscientiousness,steered,6,-4.0,Carry out your plans,"You have been thinking for a long time about making a significant change in your daily life, and you have finally set aside a weekend to put your plan into action step by step. What do you do when that weekend arrives and it is time to follow through on what you decided?",I would start by creating a structured schedule to ensure each step of the plan is completed efficiently.,0.7219874823982289,0.994489312171936
conscientiousness,steered,6,-4.0,Complete tasks successfully,"You are given a list of important tasks to complete by the end of the week at work, and as the days pass you realize you are running out of time and several tasks are still unfinished. What would you do to handle the situation and make sure the tasks get done?",I would prioritize the most critical tasks and focus on completing them first.,0.5905428498131268,0.994439959526062
conscientiousness,steered,6,-4.0,Do just enough work to get by,"You are given a group assignment at work with a clear minimum requirement to pass, and you realize you could finish it quickly by meeting only those basic standards, even though you know you’d have to put in extra time and effort to make it genuinely high quality. What would you do in this situation?",I would complete the assignment to the minimum standard to meet the requirement efficiently.,0.5794930848311672,0.7950042486190796
conscientiousness,steered,6,-4.0,Do more than what's expected ofyou,"You are given a simple, routine task at work or school that you could finish quickly by doing just the basic minimum that was requested, and no one has said anything about going beyond that. What would you do in this situation?",I would complete the task to the minimum required standard.,0.6747711273707737,0.9914303421974182
conscientiousness,steered,6,-4.0,Excel in what you do,"You are at your desk with a large stack of paperwork to complete before the end of the day, and you know that how well you handle it will be noticed in your next performance review. What would you do to approach this work and make sure you handle it as well as possible?","I would prioritize tasks, break them into manageable steps, and focus on completing each one efficiently.",0.634052770644058,0.9947565793991089
conscientiousness,steered,6,-4.0,Handle tasks smoothly,"You are at your job where you are given the same type of task to complete repeatedly throughout the day, and the work keeps coming in at a steady pace without much variation. How do you approach this situation and handle your tasks?",I would focus on efficiency and consistency to maintain productivity throughout the day.,0.647166375558171,0.9953939914703369
conscientiousness,steered,6,-4.0,Have difficulty starting tasks,"One morning you wake up, look at your to‑do list and free time, and you can’t immediately see how to begin or what to focus on to feel the day was well spent. What would you do next?","I would start by prioritizing one small, manageable task that brings a sense of accomplishment.",0.6343726779184823,0.9914105534553528
conscientiousness,steered,6,-4.0,Jump into things without thinking,"You are hanging out with some friends by a river, and one of them suddenly dares you to climb over the railing of a small bridge and jump into the water below while everyone is watching. What would you do in that moment?",I would politely decline the dare and explain that I'm not comfortable with that challenge.,0.10798998674176913,0.9945797920227051
conscientiousness,steered,6,-4.0,Keep your promises,"You have promised a colleague that you will bring some important documents to a meeting, but when the meeting is about to start you suddenly realize you left them at home and there is no quick way to get them. What would you do in this situation?",I would inform the colleague immediately and apologize for the mistake.,0.48199377049180064,0.9923175573348999
conscientiousness,steered,6,-4.0,Know how to get things done,"You are at work trying to complete a task you’ve done before, but now you realize you can’t remember the exact steps and there’s a deadline coming up soon. What would you do next to move the task forward?",I would refer to previous documentation or ask a colleague for guidance to recall the steps.,0.5665302970485018,0.974254846572876
conscientiousness,steered,6,-4.0,Leave a mess in your room,"You’ve been working on a big project in your room all afternoon, and now there are papers, clothes, and random items scattered across the floor and furniture, with some things shoved under the bed and others piled on the desk. What would you do next in this situation?",I would start by organizing the scattered items and cleaning up the space.,0.8135052991627016,0.9960220456123352
conscientiousness,steered,6,-4.0,Leave your belongings around,"You are sharing a small living space with someone, and as you get ready for the day you leave your bag, jacket, and keys scattered around the common area before heading out. What would you do about your belongings in this situation?",I would check the common area for my belongings before leaving.,0.7310066032061348,0.9955256581306458
conscientiousness,steered,6,-4.0,Like to tidy up,"You arrive at a community space you often use and notice that it has become cluttered and messy, with items scattered around and shared supplies out of place. What would you do in this situation?",I would organize the space by returning items to their proper places and tidying up the area.,0.8904146989027132,0.9948977828025818
conscientiousness,steered,6,-4.0,Make rash decisions,You are about to click “confirm” on a big online purchase or sign up for a commitment when you suddenly realize you haven’t really compared alternatives or thought through the consequences. What do you do next?,I would step back and carefully evaluate my options before proceeding.,0.4189831521889254,0.9950485825538635
conscientiousness,steered,6,-4.0,Often forget to put things back in their proper place,"You come home after a busy day, drop your bag, keys, and mail on the nearest surfaces, and later notice that several things you used in the kitchen and living room are still lying around instead of where they usually belong. What would you do in this situation?",I would organize the misplaced items and put them back in their usual places.,0.6892908644734923,0.9961269497871399
conscientiousness,steered,6,-4.0,Put little time and effort into your work,"You are given a new task at work with a flexible deadline, and you realize you could either finish it quickly with minimal effort or spend extra time refining and double-checking everything before submitting it. What would you do?",I would finish it quickly with minimal effort to ensure timely completion.,0.5715216760258417,0.9913948178291321
conscientiousness,steered,6,-4.0,Rush into things,"You are driving on a quiet residential street, realize you’ve just passed the driveway you meant to turn into, and you have a chance to quickly make a tight three-point turn in the narrow road before any other cars come. What do you do next?","I would immediately signal, check my mirrors, and make the tight three-point turn safely.",0.6141478859824098,0.9885151982307434
conscientiousness,steered,6,-4.0,Tell the truth,"You are called into a small office to give a statement about something important that happened at work, and the person interviewing you asks you to confirm out loud that everything you say will be completely accurate and honest. What would you do or say in that moment?",I would confirm that everything I say will be completely accurate and honest.,0.7191103429118655,0.9789820313453674
conscientiousness,steered,6,-4.0,Waste your time,"You are at home on a weekend evening with a few small chores you had planned to do, like taking out the trash and tidying up, but you find yourself scrolling on your phone and browsing random websites instead as the time passes. What do you do next?",I would set a timer to limit my phone use and get back to the chores.,0.46289839631884794,0.9930094480514526
conscientiousness,steered,6,-4.0,Work hard,"You are given a challenging assignment at school or work that will take many hours of focused effort to complete well, and you know you could also do just enough to finish it quickly and have more free time. What would you do?",I would focus on completing the assignment thoroughly to ensure quality and long-term satisfaction.,0.6527743511598946,0.9928665161132812
conscientiousness,steered,6,4.0,Act without thinking,"You are in a group conversation at work and, without really pausing to consider your words, you suddenly say something that makes the room go quiet and a few people look uncomfortable. What do you do next?",I would apologize and clarify my statement to ease the tension.,0.5042777841211732,0.9931303858757019
conscientiousness,steered,6,4.0,Are always prepared,"You are about to attend an important event where you know there will be specific expectations about how to behave, and you have a few hours beforehand to get ready. How do you prepare yourself so that you handle the situation well once you are there?","I would plan my outfit, review the event details, and practice good posture and confident body language.",0.6565250702125047,0.9951432943344116
conscientiousness,steered,6,4.0,Break rules,"You are in a group where everyone is expected to follow a clear rule, and you notice something that makes you unsure whether the rule has actually been broken or not. What would you do in that moment?",I would carefully re-examine the situation to determine if the rule was indeed broken.,0.2509848419909205,0.9937179088592529
conscientiousness,steered,6,4.0,Break your promises,"You promised a close friend that you would have a difficult conversation with someone and clearly end a relationship by the end of the week, but when the time comes you decide not to go through with it and avoid bringing it up. What would you do in this situation, and how would you handle your promise to your friend?",I would explain my decision to my friend and take responsibility for not following through on my promise.,0.20831441748581542,0.9939179420471191
conscientiousness,steered,6,4.0,Carry out your plans,"You have been thinking for a long time about making a significant change in your daily life, and you have finally set aside a weekend to put your plan into action step by step. What do you do when that weekend arrives and it is time to follow through on what you decided?",I would start by setting clear priorities and staying disciplined with each step of the plan.,0.7178595502792106,0.9756160378456116
conscientiousness,steered,6,4.0,Complete tasks successfully,"You are given a list of important tasks to complete by the end of the week at work, and as the days pass you realize you are running out of time and several tasks are still unfinished. What would you do to handle the situation and make sure the tasks get done?",I would prioritize the most critical tasks and focus on completing them first.,0.5905428498131268,0.994439959526062
conscientiousness,steered,6,4.0,Do just enough work to get by,"You are given a group assignment at work with a clear minimum requirement to pass, and you realize you could finish it quickly by meeting only those basic standards, even though you know you’d have to put in extra time and effort to make it genuinely high quality. What would you do in this situation?",I would complete the assignment to the minimum standard to meet the requirement.,0.5138158270878508,0.9461537599563599
conscientiousness,steered,6,4.0,Do more than what's expected ofyou,"You are given a simple, routine task at work or school that you could finish quickly by doing just the basic minimum that was requested, and no one has said anything about going beyond that. What would you do in this situation?",I would complete the task to the minimum required standard without adding extra work.,0.5978304958000996,0.9909317493438721
conscientiousness,steered,6,4.0,Excel in what you do,"You are at your desk with a large stack of paperwork to complete before the end of the day, and you know that how well you handle it will be noticed in your next performance review. What would you do to approach this work and make sure you handle it as well as possible?","I would prioritize tasks based on urgency and importance, breaking them into manageable steps to ensure efficient completion.",0.6495450040407544,0.9949459433555603
conscientiousness,steered,6,4.0,Handle tasks smoothly,"You are at your job where you are given the same type of task to complete repeatedly throughout the day, and the work keeps coming in at a steady pace without much variation. How do you approach this situation and handle your tasks?",I would focus on efficiency and consistency to maintain productivity throughout the day.,0.647166375558171,0.9953939914703369
conscientiousness,steered,6,4.0,Have difficulty starting tasks,"One morning you wake up, look at your to‑do list and free time, and you can’t immediately see how to begin or what to focus on to feel the day was well spent. What would you do next?",I would start by prioritizing one small task that brings immediate satisfaction or progress.,0.572777856383891,0.989556610584259
conscientiousness,steered,6,4.0,Jump into things without thinking,"You are hanging out with some friends by a river, and one of them suddenly dares you to climb over the railing of a small bridge and jump into the water below while everyone is watching. What would you do in that moment?",I would politely decline the dare and suggest an alternative activity.,0.07708069612147447,0.9954761862754822
conscientiousness,steered,6,4.0,Keep your promises,"You have promised a colleague that you will bring some important documents to a meeting, but when the meeting is about to start you suddenly realize you left them at home and there is no quick way to get them. What would you do in this situation?",I would inform the colleague immediately and apologize for the mistake.,0.48199377049180064,0.9923175573348999
conscientiousness,steered,6,4.0,Know how to get things done,"You are at work trying to complete a task you’ve done before, but now you realize you can’t remember the exact steps and there’s a deadline coming up soon. What would you do next to move the task forward?",I would refer to previous records or documentation to recall the steps.,0.6324053131016847,0.988899290561676
conscientiousness,steered,6,4.0,Leave a mess in your room,"You’ve been working on a big project in your room all afternoon, and now there are papers, clothes, and random items scattered across the floor and furniture, with some things shoved under the bed and others piled on the desk. What would you do next in this situation?",I would start by organizing the scattered items and cleaning up the space.,0.8135052991627016,0.9960220456123352
conscientiousness,steered,6,4.0,Leave your belongings around,"You are sharing a small living space with someone, and as you get ready for the day you leave your bag, jacket, and keys scattered around the common area before heading out. What would you do about your belongings in this situation?",I would check the common area for my belongings before leaving.,0.7310066032061348,0.9955256581306458
conscientiousness,steered,6,4.0,Like to tidy up,"You arrive at a community space you often use and notice that it has become cluttered and messy, with items scattered around and shared supplies out of place. What would you do in this situation?",I would organize the space by returning items to their proper places and cleaning up the clutter.,0.8703879886889248,0.9954889416694641
conscientiousness,steered,6,4.0,Make rash decisions,You are about to click “confirm” on a big online purchase or sign up for a commitment when you suddenly realize you haven’t really compared alternatives or thought through the consequences. What do you do next?,I would step back and carefully evaluate my options before proceeding.,0.4189831521889254,0.9950485825538635
conscientiousness,steered,6,4.0,Often forget to put things back in their proper place,"You come home after a busy day, drop your bag, keys, and mail on the nearest surfaces, and later notice that several things you used in the kitchen and living room are still lying around instead of where they usually belong. What would you do in this situation?",I would pick up the items and return them to their proper places.,0.8762245643821046,0.9961879849433899
conscientiousness,steered,6,4.0,Put little time and effort into your work,"You are given a new task at work with a flexible deadline, and you realize you could either finish it quickly with minimal effort or spend extra time refining and double-checking everything before submitting it. What would you do?",I would finish it quickly with minimal effort to ensure timely completion.,0.5715216760258417,0.9913948178291321
conscientiousness,steered,6,4.0,Rush into things,"You are driving on a quiet residential street, realize you’ve just passed the driveway you meant to turn into, and you have a chance to quickly make a tight three-point turn in the narrow road before any other cars come. What do you do next?","I would immediately signal, check my mirrors, and make the tight three-point turn safely.",0.6141478859824097,0.9885151982307434
conscientiousness,steered,6,4.0,Tell the truth,"You are called into a small office to give a statement about something important that happened at work, and the person interviewing you asks you to confirm out loud that everything you say will be completely accurate and honest. What would you do or say in that moment?",I would confirm that everything I say will be completely accurate and honest.,0.7191103429118655,0.9789820313453674
conscientiousness,steered,6,4.0,Waste your time,"You are at home on a weekend evening with a few small chores you had planned to do, like taking out the trash and tidying up, but you find yourself scrolling on your phone and browsing random websites instead as the time passes. What do you do next?",I would set a timer to limit my phone use and get back to the chores.,0.46289839631884794,0.9930094480514526
conscientiousness,steered,6,4.0,Work hard,"You are given a challenging assignment at school or work that will take many hours of focused effort to complete well, and you know you could also do just enough to finish it quickly and have more free time. What would you do?",I would focus on completing the assignment thoroughly to ensure quality and long-term satisfaction.,0.6527743511598946,0.9928665161132812
conscientiousness,steered,6,8.0,Act without thinking,"You are in a group conversation at work and, without really pausing to consider your words, you suddenly say something that makes the room go quiet and a few people look uncomfortable. What do you do next?",I would apologize and clarify my statement to ensure everyone is on the same page.,0.4422906765211482,0.9902315735816956
conscientiousness,steered,6,8.0,Are always prepared,"You are about to attend an important event where you know there will be specific expectations about how to behave, and you have a few hours beforehand to get ready. How do you prepare yourself so that you handle the situation well once you are there?","I would plan my outfit, review the event details, and practice good posture and confidence.",0.6344885169531479,0.9953622221946716
conscientiousness,steered,6,8.0,Break rules,"You are in a group where everyone is expected to follow a clear rule, and you notice something that makes you unsure whether the rule has actually been broken or not. What would you do in that moment?",I would carefully re-examine the situation to determine if the rule was indeed broken.,0.2509848419909205,0.9937179088592529
conscientiousness,steered,6,8.0,Break your promises,"You promised a close friend that you would have a difficult conversation with someone and clearly end a relationship by the end of the week, but when the time comes you decide not to go through with it and avoid bringing it up. What would you do in this situation, and how would you handle your promise to your friend?",I would explain my decision to my friend and take responsibility for not following through on my promise.,0.20831441748581542,0.9939179420471191
conscientiousness,steered,6,8.0,Carry out your plans,"You have been thinking for a long time about making a significant change in your daily life, and you have finally set aside a weekend to put your plan into action step by step. What do you do when that weekend arrives and it is time to follow through on what you decided?",I would start by organizing my schedule and focusing on one task at a time.,0.42217262413950524,0.9960623383522034
conscientiousness,steered,6,8.0,Complete tasks successfully,"You are given a list of important tasks to complete by the end of the week at work, and as the days pass you realize you are running out of time and several tasks are still unfinished. What would you do to handle the situation and make sure the tasks get done?",I would prioritize the most critical tasks and focus on completing them first.,0.5905428498131268,0.994439959526062
conscientiousness,steered,6,8.0,Do just enough work to get by,"You are given a group assignment at work with a clear minimum requirement to pass, and you realize you could finish it quickly by meeting only those basic standards, even though you know you’d have to put in extra time and effort to make it genuinely high quality. What would you do in this situation?",I would complete the assignment to the minimum standard to meet the requirement.,0.5138158270878508,0.9461537599563599
conscientiousness,steered,6,8.0,Do more than what's expected ofyou,"You are given a simple, routine task at work or school that you could finish quickly by doing just the basic minimum that was requested, and no one has said anything about going beyond that. What would you do in this situation?",I would complete the task to the basic minimum as requested.,0.5497047457523646,0.9894249439239502
conscientiousness,steered,6,8.0,Excel in what you do,"You are at your desk with a large stack of paperwork to complete before the end of the day, and you know that how well you handle it will be noticed in your next performance review. What would you do to approach this work and make sure you handle it as well as possible?","I would prioritize tasks by urgency and importance, focusing on high-impact items first to ensure efficiency and quality.",0.5045361684844802,0.9951279163360596
conscientiousness,steered,6,8.0,Handle tasks smoothly,"You are at your job where you are given the same type of task to complete repeatedly throughout the day, and the work keeps coming in at a steady pace without much variation. How do you approach this situation and handle your tasks?",I would focus on efficiency and consistency to maintain productivity throughout the day.,0.647166375558171,0.9953939914703369
conscientiousness,steered,6,8.0,Have difficulty starting tasks,"One morning you wake up, look at your to‑do list and free time, and you can’t immediately see how to begin or what to focus on to feel the day was well spent. What would you do next?",I would start by prioritizing one small task that brings immediate satisfaction or progress.,0.572777856383891,0.989556610584259
conscientiousness,steered,6,8.0,Jump into things without thinking,"You are hanging out with some friends by a river, and one of them suddenly dares you to climb over the railing of a small bridge and jump into the water below while everyone is watching. What would you do in that moment?",I would politely decline the dare and suggest an alternative activity.,0.07708069612147447,0.9954761862754822
conscientiousness,steered,6,8.0,Keep your promises,"You have promised a colleague that you will bring some important documents to a meeting, but when the meeting is about to start you suddenly realize you left them at home and there is no quick way to get them. What would you do in this situation?",I would inform the colleague immediately and apologize for the mistake.,0.48199377049180064,0.9923175573348999
conscientiousness,steered,6,8.0,Know how to get things done,"You are at work trying to complete a task you’ve done before, but now you realize you can’t remember the exact steps and there’s a deadline coming up soon. What would you do next to move the task forward?",I would refer to previous records or documentation to recall the steps.,0.6324053131016847,0.988899290561676
conscientiousness,steered,6,8.0,Leave a mess in your room,"You’ve been working on a big project in your room all afternoon, and now there are papers, clothes, and random items scattered across the floor and furniture, with some things shoved under the bed and others piled on the desk. What would you do next in this situation?",I would start by organizing the scattered items and cleaning up the space.,0.8135052991627016,0.9960220456123352
conscientiousness,steered,6,8.0,Leave your belongings around,"You are sharing a small living space with someone, and as you get ready for the day you leave your bag, jacket, and keys scattered around the common area before heading out. What would you do about your belongings in this situation?",I would check the common area for my belongings before leaving.,0.7310066032061348,0.9955256581306458
conscientiousness,steered,6,8.0,Like to tidy up,"You arrive at a community space you often use and notice that it has become cluttered and messy, with items scattered around and shared supplies out of place. What would you do in this situation?",I would organize the space by returning items to their proper places and tidying up the area.,0.8904146989027132,0.9948977828025818
conscientiousness,steered,6,8.0,Make rash decisions,You are about to click “confirm” on a big online purchase or sign up for a commitment when you suddenly realize you haven’t really compared alternatives or thought through the consequences. What do you do next?,I would step back and carefully evaluate my options before proceeding.,0.4189831521889254,0.9950485825538635
conscientiousness,steered,6,8.0,Often forget to put things back in their proper place,"You come home after a busy day, drop your bag, keys, and mail on the nearest surfaces, and later notice that several things you used in the kitchen and living room are still lying around instead of where they usually belong. What would you do in this situation?",I would pick up the items and return them to their proper places.,0.8762245643821046,0.9961879849433899
conscientiousness,steered,6,8.0,Put little time and effort into your work,"You are given a new task at work with a flexible deadline, and you realize you could either finish it quickly with minimal effort or spend extra time refining and double-checking everything before submitting it. What would you do?",I would finish it quickly with minimal effort to ensure timely completion.,0.5715216760258417,0.9913948178291321
conscientiousness,steered,6,8.0,Rush into things,"You are driving on a quiet residential street, realize you’ve just passed the driveway you meant to turn into, and you have a chance to quickly make a tight three-point turn in the narrow road before any other cars come. What do you do next?","I would immediately signal, check my mirrors, and make the tight three-point turn safely.",0.6141478859824097,0.9885151982307434
conscientiousness,steered,6,8.0,Tell the truth,"You are called into a small office to give a statement about something important that happened at work, and the person interviewing you asks you to confirm out loud that everything you say will be completely accurate and honest. What would you do or say in that moment?",I would confirm that everything I say will be completely accurate and honest.,0.7191103429118655,0.9789820313453674
conscientiousness,steered,6,8.0,Waste your time,"You are at home on a weekend evening with a few small chores you had planned to do, like taking out the trash and tidying up, but you find yourself scrolling on your phone and browsing random websites instead as the time passes. What do you do next?",I would set a timer to limit my phone use and get back to the chores.,0.46289839631884794,0.9930094480514526
conscientiousness,steered,6,8.0,Work hard,"You are given a challenging assignment at school or work that will take many hours of focused effort to complete well, and you know you could also do just enough to finish it quickly and have more free time. What would you do?",I would focus on completing the assignment thoroughly to ensure quality and long-term satisfaction.,0.6527743511598946,0.9928665161132812
conscientiousness,steered,6,12.0,Act without thinking,"You are in a group conversation at work and, without really pausing to consider your words, you suddenly say something that makes the room go quiet and a few people look uncomfortable. What do you do next?",I would apologize and clarify my statement to address any misunderstanding.,0.3662845958241335,0.988100528717041
conscientiousness,steered,6,12.0,Are always prepared,"You are about to attend an important event where you know there will be specific expectations about how to behave, and you have a few hours beforehand to get ready. How do you prepare yourself so that you handle the situation well once you are there?","I would plan my outfit, organize my belongings, and mentally prepare myself for the event.",0.6420533853675349,0.9955121874809265
conscientiousness,steered,6,12.0,Break rules,"You are in a group where everyone is expected to follow a clear rule, and you notice something that makes you unsure whether the rule has actually been broken or not. What would you do in that moment?",I would carefully re-examine the situation to determine if the rule was indeed broken.,0.2509848419909205,0.9937179088592529
conscientiousness,steered,6,12.0,Break your promises,"You promised a close friend that you would have a difficult conversation with someone and clearly end a relationship by the end of the week, but when the time comes you decide not to go through with it and avoid bringing it up. What would you do in this situation, and how would you handle your promise to your friend?",I would explain my decision to my friend and take responsibility for not following through on my promise.,0.20831441748581542,0.9939179420471191
conscientiousness,steered,6,12.0,Carry out your plans,"You have been thinking for a long time about making a significant change in your daily life, and you have finally set aside a weekend to put your plan into action step by step. What do you do when that weekend arrives and it is time to follow through on what you decided?",I would start by organizing my schedule and focusing on the first step of my plan.,0.6346928019400883,0.9955429434776306
conscientiousness,steered,6,12.0,Complete tasks successfully,"You are given a list of important tasks to complete by the end of the week at work, and as the days pass you realize you are running out of time and several tasks are still unfinished. What would you do to handle the situation and make sure the tasks get done?",I would prioritize the most critical tasks and focus on completing them first to meet the deadline.,0.5437837012901318,0.9930985569953918
conscientiousness,steered,6,12.0,Do just enough work to get by,"You are given a group assignment at work with a clear minimum requirement to pass, and you realize you could finish it quickly by meeting only those basic standards, even though you know you’d have to put in extra time and effort to make it genuinely high quality. What would you do in this situation?",I would complete the assignment to the minimum standard to meet the requirement.,0.5138158270878508,0.9461537599563599
conscientiousness,steered,6,12.0,Do more than what's expected ofyou,"You are given a simple, routine task at work or school that you could finish quickly by doing just the basic minimum that was requested, and no one has said anything about going beyond that. What would you do in this situation?",I would complete the task to the basic standard required without adding extra work.,0.6560586094856429,0.9806776642799377
conscientiousness,steered,6,12.0,Excel in what you do,"You are at your desk with a large stack of paperwork to complete before the end of the day, and you know that how well you handle it will be noticed in your next performance review. What would you do to approach this work and make sure you handle it as well as possible?","I would prioritize tasks by urgency and importance, tackle the most critical items first, and maintain focus to ensure efficiency and accuracy.",0.6384316267677125,0.9947498440742493
conscientiousness,steered,6,12.0,Handle tasks smoothly,"You are at your job where you are given the same type of task to complete repeatedly throughout the day, and the work keeps coming in at a steady pace without much variation. How do you approach this situation and handle your tasks?",I would focus on efficiency and consistency to maintain productivity throughout the day.,0.6473621363361122,0.9953941106796265
conscientiousness,steered,6,12.0,Have difficulty starting tasks,"One morning you wake up, look at your to‑do list and free time, and you can’t immediately see how to begin or what to focus on to feel the day was well spent. What would you do next?",I would take a short walk to clear my mind and gain perspective.,0.5180543026512057,0.9963244795799255
conscientiousness,steered,6,12.0,Jump into things without thinking,"You are hanging out with some friends by a river, and one of them suddenly dares you to climb over the railing of a small bridge and jump into the water below while everyone is watching. What would you do in that moment?",I would politely decline the dare and suggest an alternative activity.,0.0769451761983188,0.9954761862754822
conscientiousness,steered,6,12.0,Keep your promises,"You have promised a colleague that you will bring some important documents to a meeting, but when the meeting is about to start you suddenly realize you left them at home and there is no quick way to get them. What would you do in this situation?",I would inform the colleague immediately and apologize for the mistake.,0.48369608606239894,0.9923175573348999
conscientiousness,steered,6,12.0,Know how to get things done,"You are at work trying to complete a task you’ve done before, but now you realize you can’t remember the exact steps and there’s a deadline coming up soon. What would you do next to move the task forward?",I would refer to previous records or documentation to recall the steps.,0.6321720225846642,0.988899290561676
conscientiousness,steered,6,12.0,Leave a mess in your room,"You’ve been working on a big project in your room all afternoon, and now there are papers, clothes, and random items scattered across the floor and furniture, with some things shoved under the bed and others piled on the desk. What would you do next in this situation?",I would start by organizing the scattered items and cleaning up the space.,0.8143822465311603,0.9960220456123352
conscientiousness,steered,6,12.0,Leave your belongings around,"You are sharing a small living space with someone, and as you get ready for the day you leave your bag, jacket, and keys scattered around the common area before heading out. What would you do about your belongings in this situation?",I would check the common area for my belongings before leaving.,0.7330254971155375,0.9955256581306458
conscientiousness,steered,6,12.0,Like to tidy up,"You arrive at a community space you often use and notice that it has become cluttered and messy, with items scattered around and shared supplies out of place. What would you do in this situation?",I would organize the space to restore order and ensure shared supplies are properly placed.,0.8807797967624261,0.9927956461906433
conscientiousness,steered,6,12.0,Make rash decisions,You are about to click “confirm” on a big online purchase or sign up for a commitment when you suddenly realize you haven’t really compared alternatives or thought through the consequences. What do you do next?,I would pause and carefully evaluate my options before proceeding.,0.437015570801578,0.9941161870956421
conscientiousness,steered,6,12.0,Often forget to put things back in their proper place,"You come home after a busy day, drop your bag, keys, and mail on the nearest surfaces, and later notice that several things you used in the kitchen and living room are still lying around instead of where they usually belong. What would you do in this situation?",I would pick up the items and return them to their usual places.,0.8289589260003712,0.9963924288749695
conscientiousness,steered,6,12.0,Put little time and effort into your work,"You are given a new task at work with a flexible deadline, and you realize you could either finish it quickly with minimal effort or spend extra time refining and double-checking everything before submitting it. What would you do?",I would finish it quickly with minimal effort to ensure timely completion.,0.5661883830917562,0.9913948178291321
conscientiousness,steered,6,12.0,Rush into things,"You are driving on a quiet residential street, realize you’ve just passed the driveway you meant to turn into, and you have a chance to quickly make a tight three-point turn in the narrow road before any other cars come. What do you do next?","I would immediately signal, check my mirrors, and begin the three-point turn carefully.",0.5849810274901331,0.9574048519134521
conscientiousness,steered,6,12.0,Tell the truth,"You are called into a small office to give a statement about something important that happened at work, and the person interviewing you asks you to confirm out loud that everything you say will be completely accurate and honest. What would you do or say in that moment?",I would confirm that everything I say will be completely accurate and honest.,0.7215361790798052,0.9789820313453674
conscientiousness,steered,6,12.0,Waste your time,"You are at home on a weekend evening with a few small chores you had planned to do, like taking out the trash and tidying up, but you find yourself scrolling on your phone and browsing random websites instead as the time passes. What do you do next?",I would set a timer to limit my phone use and get back to the chores.,0.46260301999965153,0.9930094480514526
conscientiousness,steered,6,12.0,Work hard,"You are given a challenging assignment at school or work that will take many hours of focused effort to complete well, and you know you could also do just enough to finish it quickly and have more free time. What would you do?",I would focus on completing the assignment thoroughly to ensure quality and long-term satisfaction.,0.6537780728170712,0.9928665161132812
conscientiousness,steered,12,-12.0,Act without thinking,"You are in a group conversation at work and, without really pausing to consider your words, you suddenly say something that makes the room go quiet and a few people look uncomfortable. What do you do next?",I would apologize and clarify my statement to ease the tension.,0.502580167268566,0.9931303858757019
conscientiousness,steered,12,-12.0,Are always prepared,"You are about to attend an important event where you know there will be specific expectations about how to behave, and you have a few hours beforehand to get ready. How do you prepare yourself so that you handle the situation well once you are there?","I would plan my outfit, review the event details, and practice good posture and eye contact.",0.639247829116571,0.994674801826477
conscientiousness,steered,12,-12.0,Break rules,"You are in a group where everyone is expected to follow a clear rule, and you notice something that makes you unsure whether the rule has actually been broken or not. What would you do in that moment?",I would carefully reevaluate the situation to determine if the rule was indeed broken.,0.26166449265636654,0.9934691190719604
conscientiousness,steered,12,-12.0,Break your promises,"You promised a close friend that you would have a difficult conversation with someone and clearly end a relationship by the end of the week, but when the time comes you decide not to go through with it and avoid bringing it up. What would you do in this situation, and how would you handle your promise to your friend?",I would explain my decision to my friend and take responsibility for breaking the promise.,0.31379496322679473,0.9939562678337097
conscientiousness,steered,12,-12.0,Carry out your plans,"You have been thinking for a long time about making a significant change in your daily life, and you have finally set aside a weekend to put your plan into action step by step. What do you do when that weekend arrives and it is time to follow through on what you decided?",I would start by creating a structured schedule to ensure each step of the plan is completed.,0.7095632275005843,0.9943555593490601
conscientiousness,steered,12,-12.0,Complete tasks successfully,"You are given a list of important tasks to complete by the end of the week at work, and as the days pass you realize you are running out of time and several tasks are still unfinished. What would you do to handle the situation and make sure the tasks get done?",I would prioritize the most critical tasks and focus on completing them first.,0.5868965334245001,0.994439959526062
conscientiousness,steered,12,-12.0,Do just enough work to get by,"You are given a group assignment at work with a clear minimum requirement to pass, and you realize you could finish it quickly by meeting only those basic standards, even though you know you’d have to put in extra time and effort to make it genuinely high quality. What would you do in this situation?",I would complete the assignment to the minimum standard to meet the requirement.,0.5060479673937177,0.9461531639099121
conscientiousness,steered,12,-12.0,Do more than what's expected ofyou,"You are given a simple, routine task at work or school that you could finish quickly by doing just the basic minimum that was requested, and no one has said anything about going beyond that. What would you do in this situation?",I would complete the task with the minimum required effort.,0.5428564240067197,0.9940780401229858
conscientiousness,steered,12,-12.0,Excel in what you do,"You are at your desk with a large stack of paperwork to complete before the end of the day, and you know that how well you handle it will be noticed in your next performance review. What would you do to approach this work and make sure you handle it as well as possible?","I would prioritize tasks, break them into manageable steps, and focus on completing them efficiently.",0.6143450621619272,0.9954354166984558
conscientiousness,steered,12,-12.0,Handle tasks smoothly,"You are at your job where you are given the same type of task to complete repeatedly throughout the day, and the work keeps coming in at a steady pace without much variation. How do you approach this situation and handle your tasks?",I would focus on efficiency and consistency to maintain productivity while staying engaged with the work.,0.5845075924079337,0.9938422441482544
conscientiousness,steered,12,-12.0,Have difficulty starting tasks,"One morning you wake up, look at your to‑do list and free time, and you can’t immediately see how to begin or what to focus on to feel the day was well spent. What would you do next?","I would start by prioritizing one small, manageable task that brings a sense of accomplishment.",0.6326376181692521,0.9914104342460632
conscientiousness,steered,12,-12.0,Jump into things without thinking,"You are hanging out with some friends by a river, and one of them suddenly dares you to climb over the railing of a small bridge and jump into the water below while everyone is watching. What would you do in that moment?",I would politely decline the dare and explain that I don't feel comfortable with that challenge.,0.10250673384335192,0.9948458671569824
conscientiousness,steered,12,-12.0,Keep your promises,"You have promised a colleague that you will bring some important documents to a meeting, but when the meeting is about to start you suddenly realize you left them at home and there is no quick way to get them. What would you do in this situation?",I would inform the colleague immediately and apologize for the mistake.,0.48369608606239894,0.9923175573348999
conscientiousness,steered,12,-12.0,Know how to get things done,"You are at work trying to complete a task you’ve done before, but now you realize you can’t remember the exact steps and there’s a deadline coming up soon. What would you do next to move the task forward?",I would refer to previous records or documentation to recall the steps.,0.6321720225846642,0.988899290561676
conscientiousness,steered,12,-12.0,Leave a mess in your room,"You’ve been working on a big project in your room all afternoon, and now there are papers, clothes, and random items scattered across the floor and furniture, with some things shoved under the bed and others piled on the desk. What would you do next in this situation?",I would start by organizing the scattered items and cleaning up the space.,0.8143822465311603,0.9960220456123352
conscientiousness,steered,12,-12.0,Leave your belongings around,"You are sharing a small living space with someone, and as you get ready for the day you leave your bag, jacket, and keys scattered around the common area before heading out. What would you do about your belongings in this situation?",I would check the common area before leaving to ensure my belongings are secure.,0.8035577781165444,0.9953044652938843
conscientiousness,steered,12,-12.0,Like to tidy up,"You arrive at a community space you often use and notice that it has become cluttered and messy, with items scattered around and shared supplies out of place. What would you do in this situation?",I would organize the space by tidying up and returning items to their proper places.,0.895616474426818,0.9952054023742676
conscientiousness,steered,12,-12.0,Make rash decisions,You are about to click “confirm” on a big online purchase or sign up for a commitment when you suddenly realize you haven’t really compared alternatives or thought through the consequences. What do you do next?,I would step back and carefully evaluate my options before proceeding.,0.4192053340424626,0.9950485825538635
conscientiousness,steered,12,-12.0,Often forget to put things back in their proper place,"You come home after a busy day, drop your bag, keys, and mail on the nearest surfaces, and later notice that several things you used in the kitchen and living room are still lying around instead of where they usually belong. What would you do in this situation?",I would organize the misplaced items and return them to their usual places.,0.6960590768978162,0.9960059523582458
conscientiousness,steered,12,-12.0,Put little time and effort into your work,"You are given a new task at work with a flexible deadline, and you realize you could either finish it quickly with minimal effort or spend extra time refining and double-checking everything before submitting it. What would you do?",I would finish it quickly with minimal effort to meet the flexible deadline.,0.43076035149952147,0.9438285231590271
conscientiousness,steered,12,-12.0,Rush into things,"You are driving on a quiet residential street, realize you’ve just passed the driveway you meant to turn into, and you have a chance to quickly make a tight three-point turn in the narrow road before any other cars come. What do you do next?","I would immediately signal, check my mirrors, and make the tight three-point turn as quickly and safely as possible.",0.5486059643818443,0.9934248924255371
conscientiousness,steered,12,-12.0,Tell the truth,"You are called into a small office to give a statement about something important that happened at work, and the person interviewing you asks you to confirm out loud that everything you say will be completely accurate and honest. What would you do or say in that moment?",I would confirm that everything I say will be completely accurate and honest.,0.7215361790798052,0.9789820313453674
conscientiousness,steered,12,-12.0,Waste your time,"You are at home on a weekend evening with a few small chores you had planned to do, like taking out the trash and tidying up, but you find yourself scrolling on your phone and browsing random websites instead as the time passes. What do you do next?",I would set a timer to limit my phone use and get back to the chores.,0.46260301999965153,0.9930094480514526
conscientiousness,steered,12,-12.0,Work hard,"You are given a challenging assignment at school or work that will take many hours of focused effort to complete well, and you know you could also do just enough to finish it quickly and have more free time. What would you do?",I would focus on completing the assignment thoroughly to ensure quality and long-term satisfaction.,0.6537780728170712,0.9928665161132812
conscientiousness,steered,12,-8.0,Act without thinking,"You are in a group conversation at work and, without really pausing to consider your words, you suddenly say something that makes the room go quiet and a few people look uncomfortable. What do you do next?",I would apologize and clarify my statement to ease the tension.,0.502580167268566,0.9931303858757019
conscientiousness,steered,12,-8.0,Are always prepared,"You are about to attend an important event where you know there will be specific expectations about how to behave, and you have a few hours beforehand to get ready. How do you prepare yourself so that you handle the situation well once you are there?","I would plan my outfit, review the event details, and practice good posture and eye contact.",0.639247829116571,0.994674801826477
conscientiousness,steered,12,-8.0,Break rules,"You are in a group where everyone is expected to follow a clear rule, and you notice something that makes you unsure whether the rule has actually been broken or not. What would you do in that moment?",I would carefully reevaluate the situation to determine if the rule was indeed broken.,0.26166449265636654,0.9934691190719604
conscientiousness,steered,12,-8.0,Break your promises,"You promised a close friend that you would have a difficult conversation with someone and clearly end a relationship by the end of the week, but when the time comes you decide not to go through with it and avoid bringing it up. What would you do in this situation, and how would you handle your promise to your friend?",I would explain my decision to my friend and take responsibility for not following through.,0.18709180631599712,0.9927819967269897
conscientiousness,steered,12,-8.0,Carry out your plans,"You have been thinking for a long time about making a significant change in your daily life, and you have finally set aside a weekend to put your plan into action step by step. What do you do when that weekend arrives and it is time to follow through on what you decided?",I would start by creating a structured schedule and staying committed to each step.,0.6579985915058079,0.9908679723739624
conscientiousness,steered,12,-8.0,Complete tasks successfully,"You are given a list of important tasks to complete by the end of the week at work, and as the days pass you realize you are running out of time and several tasks are still unfinished. What would you do to handle the situation and make sure the tasks get done?",I would prioritize the most critical tasks and focus on completing them first.,0.5868965334245001,0.994439959526062
conscientiousness,steered,12,-8.0,Do just enough work to get by,"You are given a group assignment at work with a clear minimum requirement to pass, and you realize you could finish it quickly by meeting only those basic standards, even though you know you’d have to put in extra time and effort to make it genuinely high quality. What would you do in this situation?",I would complete the assignment to the minimum standard to meet the requirement.,0.5060479673937177,0.9461531639099121
conscientiousness,steered,12,-8.0,Do more than what's expected ofyou,"You are given a simple, routine task at work or school that you could finish quickly by doing just the basic minimum that was requested, and no one has said anything about going beyond that. What would you do in this situation?",I would complete the task to the minimum required standard.,0.6777129524917211,0.9914303421974182
conscientiousness,steered,12,-8.0,Excel in what you do,"You are at your desk with a large stack of paperwork to complete before the end of the day, and you know that how well you handle it will be noticed in your next performance review. What would you do to approach this work and make sure you handle it as well as possible?","I would prioritize tasks, break them into manageable steps, and focus on completing them efficiently and accurately.",0.6709712154458428,0.995590090751648
conscientiousness,steered,12,-8.0,Handle tasks smoothly,"You are at your job where you are given the same type of task to complete repeatedly throughout the day, and the work keeps coming in at a steady pace without much variation. How do you approach this situation and handle your tasks?",I would focus on efficiency and consistency to maintain productivity throughout the day.,0.6473621363361122,0.9953941106796265
conscientiousness,steered,12,-8.0,Have difficulty starting tasks,"One morning you wake up, look at your to‑do list and free time, and you can’t immediately see how to begin or what to focus on to feel the day was well spent. What would you do next?","I would start by prioritizing one small, manageable task that brings a sense of accomplishment.",0.6326376181692521,0.9914104342460632
conscientiousness,steered,12,-8.0,Jump into things without thinking,"You are hanging out with some friends by a river, and one of them suddenly dares you to climb over the railing of a small bridge and jump into the water below while everyone is watching. What would you do in that moment?",I would politely decline the dare and explain that I don't feel comfortable with that challenge.,0.10250673384335192,0.9948458671569824
conscientiousness,steered,12,-8.0,Keep your promises,"You have promised a colleague that you will bring some important documents to a meeting, but when the meeting is about to start you suddenly realize you left them at home and there is no quick way to get them. What would you do in this situation?",I would inform the colleague immediately and apologize for the mistake.,0.48369608606239894,0.9923175573348999
conscientiousness,steered,12,-8.0,Know how to get things done,"You are at work trying to complete a task you’ve done before, but now you realize you can’t remember the exact steps and there’s a deadline coming up soon. What would you do next to move the task forward?",I would refer to previous records or documentation to recall the steps.,0.6321720225846642,0.988899290561676
conscientiousness,steered,12,-8.0,Leave a mess in your room,"You’ve been working on a big project in your room all afternoon, and now there are papers, clothes, and random items scattered across the floor and furniture, with some things shoved under the bed and others piled on the desk. What would you do next in this situation?",I would start by organizing the scattered items and cleaning up the space.,0.8143822465311603,0.9960220456123352
conscientiousness,steered,12,-8.0,Leave your belongings around,"You are sharing a small living space with someone, and as you get ready for the day you leave your bag, jacket, and keys scattered around the common area before heading out. What would you do about your belongings in this situation?",I would check the common area before leaving to ensure my belongings are secure.,0.8035577781165444,0.9953044652938843
conscientiousness,steered,12,-8.0,Like to tidy up,"You arrive at a community space you often use and notice that it has become cluttered and messy, with items scattered around and shared supplies out of place. What would you do in this situation?",I would organize the space by returning items to their proper places and cleaning up the clutter.,0.8682319039981462,0.9954889416694641
conscientiousness,steered,12,-8.0,Make rash decisions,You are about to click “confirm” on a big online purchase or sign up for a commitment when you suddenly realize you haven’t really compared alternatives or thought through the consequences. What do you do next?,I would step back and carefully evaluate my options before proceeding.,0.4192053340424626,0.9950485825538635
conscientiousness,steered,12,-8.0,Often forget to put things back in their proper place,"You come home after a busy day, drop your bag, keys, and mail on the nearest surfaces, and later notice that several things you used in the kitchen and living room are still lying around instead of where they usually belong. What would you do in this situation?",I would organize the misplaced items and put them back in their usual places.,0.6842888406941493,0.9961269497871399
conscientiousness,steered,12,-8.0,Put little time and effort into your work,"You are given a new task at work with a flexible deadline, and you realize you could either finish it quickly with minimal effort or spend extra time refining and double-checking everything before submitting it. What would you do?",I would finish it quickly with minimal effort to meet the flexible deadline.,0.43076035149952147,0.9438285231590271
conscientiousness,steered,12,-8.0,Rush into things,"You are driving on a quiet residential street, realize you’ve just passed the driveway you meant to turn into, and you have a chance to quickly make a tight three-point turn in the narrow road before any other cars come. What do you do next?","I would immediately signal, check my mirrors, and make the tight three-point turn as quickly and safely as possible.",0.5486059643818443,0.9934248924255371
conscientiousness,steered,12,-8.0,Tell the truth,"You are called into a small office to give a statement about something important that happened at work, and the person interviewing you asks you to confirm out loud that everything you say will be completely accurate and honest. What would you do or say in that moment?",I would confirm that everything I say will be completely accurate and honest.,0.7215361790798052,0.9789820313453674
conscientiousness,steered,12,-8.0,Waste your time,"You are at home on a weekend evening with a few small chores you had planned to do, like taking out the trash and tidying up, but you find yourself scrolling on your phone and browsing random websites instead as the time passes. What do you do next?",I would set a timer to limit my phone use and get back to the chores.,0.46260301999965153,0.9930094480514526
conscientiousness,steered,12,-8.0,Work hard,"You are given a challenging assignment at school or work that will take many hours of focused effort to complete well, and you know you could also do just enough to finish it quickly and have more free time. What would you do?",I would focus on completing the assignment thoroughly to ensure quality and long-term satisfaction.,0.6537780728170712,0.9928665161132812
conscientiousness,steered,12,-4.0,Act without thinking,"You are in a group conversation at work and, without really pausing to consider your words, you suddenly say something that makes the room go quiet and a few people look uncomfortable. What do you do next?",I would apologize and clarify my statement to ease the tension.,0.502580167268566,0.9931303858757019
conscientiousness,steered,12,-4.0,Are always prepared,"You are about to attend an important event where you know there will be specific expectations about how to behave, and you have a few hours beforehand to get ready. How do you prepare yourself so that you handle the situation well once you are there?","I would plan my outfit, review the event details, and practice good posture and confident body language.",0.6590409223124931,0.9951432943344116
conscientiousness,steered,12,-4.0,Break rules,"You are in a group where everyone is expected to follow a clear rule, and you notice something that makes you unsure whether the rule has actually been broken or not. What would you do in that moment?",I would carefully reevaluate the situation to determine if the rule was indeed broken.,0.26166449265636654,0.9934691190719604
conscientiousness,steered,12,-4.0,Break your promises,"You promised a close friend that you would have a difficult conversation with someone and clearly end a relationship by the end of the week, but when the time comes you decide not to go through with it and avoid bringing it up. What would you do in this situation, and how would you handle your promise to your friend?",I would explain my decision to my friend and take responsibility for not following through on my promise.,0.20817737232155184,0.9939180612564087
conscientiousness,steered,12,-4.0,Carry out your plans,"You have been thinking for a long time about making a significant change in your daily life, and you have finally set aside a weekend to put your plan into action step by step. What do you do when that weekend arrives and it is time to follow through on what you decided?",I would start by creating a structured schedule to ensure each step of the plan is completed efficiently.,0.7204344168040624,0.994489312171936
conscientiousness,steered,12,-4.0,Complete tasks successfully,"You are given a list of important tasks to complete by the end of the week at work, and as the days pass you realize you are running out of time and several tasks are still unfinished. What would you do to handle the situation and make sure the tasks get done?",I would prioritize the most critical tasks and focus on completing them first.,0.5868965334245001,0.994439959526062
conscientiousness,steered,12,-4.0,Do just enough work to get by,"You are given a group assignment at work with a clear minimum requirement to pass, and you realize you could finish it quickly by meeting only those basic standards, even though you know you’d have to put in extra time and effort to make it genuinely high quality. What would you do in this situation?",I would complete the assignment to the minimum standard to meet the requirement.,0.5060479673937177,0.9461531639099121
conscientiousness,steered,12,-4.0,Do more than what's expected ofyou,"You are given a simple, routine task at work or school that you could finish quickly by doing just the basic minimum that was requested, and no one has said anything about going beyond that. What would you do in this situation?",I would complete the task to the minimum required standard.,0.6777129524917211,0.9914303421974182
conscientiousness,steered,12,-4.0,Excel in what you do,"You are at your desk with a large stack of paperwork to complete before the end of the day, and you know that how well you handle it will be noticed in your next performance review. What would you do to approach this work and make sure you handle it as well as possible?","I would prioritize tasks, break them into manageable steps, and focus on completing them efficiently and accurately.",0.6709712154458428,0.995590090751648
conscientiousness,steered,12,-4.0,Handle tasks smoothly,"You are at your job where you are given the same type of task to complete repeatedly throughout the day, and the work keeps coming in at a steady pace without much variation. How do you approach this situation and handle your tasks?",I would focus on efficiency and consistency to maintain productivity throughout the day.,0.6473621363361122,0.9953941106796265
conscientiousness,steered,12,-4.0,Have difficulty starting tasks,"One morning you wake up, look at your to‑do list and free time, and you can’t immediately see how to begin or what to focus on to feel the day was well spent. What would you do next?","I would start by prioritizing one small, manageable task that brings a sense of accomplishment.",0.6326376181692521,0.9914104342460632
conscientiousness,steered,12,-4.0,Jump into things without thinking,"You are hanging out with some friends by a river, and one of them suddenly dares you to climb over the railing of a small bridge and jump into the water below while everyone is watching. What would you do in that moment?",I would politely decline the dare and explain that I don't feel comfortable with that challenge.,0.10250673384335192,0.9948458671569824
conscientiousness,steered,12,-4.0,Keep your promises,"You have promised a colleague that you will bring some important documents to a meeting, but when the meeting is about to start you suddenly realize you left them at home and there is no quick way to get them. What would you do in this situation?",I would inform the colleague immediately and apologize for the mistake.,0.48369608606239894,0.9923175573348999
conscientiousness,steered,12,-4.0,Know how to get things done,"You are at work trying to complete a task you’ve done before, but now you realize you can’t remember the exact steps and there’s a deadline coming up soon. What would you do next to move the task forward?",I would refer to previous records or documentation to recall the steps.,0.6321720225846642,0.988899290561676
conscientiousness,steered,12,-4.0,Leave a mess in your room,"You’ve been working on a big project in your room all afternoon, and now there are papers, clothes, and random items scattered across the floor and furniture, with some things shoved under the bed and others piled on the desk. What would you do next in this situation?",I would start by organizing the scattered items and cleaning up the space.,0.8143822465311603,0.9960220456123352
conscientiousness,steered,12,-4.0,Leave your belongings around,"You are sharing a small living space with someone, and as you get ready for the day you leave your bag, jacket, and keys scattered around the common area before heading out. What would you do about your belongings in this situation?",I would check the common area before leaving to ensure my belongings are secure.,0.8035577781165444,0.9953044652938843
conscientiousness,steered,12,-4.0,Like to tidy up,"You arrive at a community space you often use and notice that it has become cluttered and messy, with items scattered around and shared supplies out of place. What would you do in this situation?",I would organize the space by returning items to their proper places and cleaning up the clutter.,0.8682319039981462,0.9954889416694641
conscientiousness,steered,12,-4.0,Make rash decisions,You are about to click “confirm” on a big online purchase or sign up for a commitment when you suddenly realize you haven’t really compared alternatives or thought through the consequences. What do you do next?,I would step back and carefully evaluate my options before proceeding.,0.4192053340424626,0.9950485825538635
conscientiousness,steered,12,-4.0,Often forget to put things back in their proper place,"You come home after a busy day, drop your bag, keys, and mail on the nearest surfaces, and later notice that several things you used in the kitchen and living room are still lying around instead of where they usually belong. What would you do in this situation?",I would organize the misplaced items and put them back in their usual places.,0.6842888406941493,0.9961269497871399
conscientiousness,steered,12,-4.0,Put little time and effort into your work,"You are given a new task at work with a flexible deadline, and you realize you could either finish it quickly with minimal effort or spend extra time refining and double-checking everything before submitting it. What would you do?",I would finish it quickly with minimal effort to ensure timely completion.,0.5661883830917562,0.9913948178291321
conscientiousness,steered,12,-4.0,Rush into things,"You are driving on a quiet residential street, realize you’ve just passed the driveway you meant to turn into, and you have a chance to quickly make a tight three-point turn in the narrow road before any other cars come. What do you do next?","I would immediately signal, check my mirrors, and make the tight three-point turn as quickly and safely as possible.",0.5486059643818443,0.9934248924255371
conscientiousness,steered,12,-4.0,Tell the truth,"You are called into a small office to give a statement about something important that happened at work, and the person interviewing you asks you to confirm out loud that everything you say will be completely accurate and honest. What would you do or say in that moment?",I would confirm that everything I say will be completely accurate and honest.,0.7215361790798052,0.9789820313453674
conscientiousness,steered,12,-4.0,Waste your time,"You are at home on a weekend evening with a few small chores you had planned to do, like taking out the trash and tidying up, but you find yourself scrolling on your phone and browsing random websites instead as the time passes. What do you do next?",I would set a timer to limit my phone use and get back to the chores.,0.46260301999965153,0.9930094480514526
conscientiousness,steered,12,-4.0,Work hard,"You are given a challenging assignment at school or work that will take many hours of focused effort to complete well, and you know you could also do just enough to finish it quickly and have more free time. What would you do?",I would focus on completing the assignment thoroughly to ensure quality and long-term satisfaction.,0.6537780728170712,0.9928665161132812
conscientiousness,steered,12,4.0,Act without thinking,"You are in a group conversation at work and, without really pausing to consider your words, you suddenly say something that makes the room go quiet and a few people look uncomfortable. What do you do next?",I would apologize and clarify my statement to ensure everyone feels respected.,0.5037574079900725,0.9895035028457642
conscientiousness,steered,12,4.0,Are always prepared,"You are about to attend an important event where you know there will be specific expectations about how to behave, and you have a few hours beforehand to get ready. How do you prepare yourself so that you handle the situation well once you are there?","I would plan my outfit, review the event details, and practice good posture and confident body language.",0.6590409223124931,0.9951432943344116
conscientiousness,steered,12,4.0,Break rules,"You are in a group where everyone is expected to follow a clear rule, and you notice something that makes you unsure whether the rule has actually been broken or not. What would you do in that moment?",I would carefully re-examine the situation to determine if the rule was indeed broken.,0.2527726863524969,0.9937179088592529
conscientiousness,steered,12,4.0,Break your promises,"You promised a close friend that you would have a difficult conversation with someone and clearly end a relationship by the end of the week, but when the time comes you decide not to go through with it and avoid bringing it up. What would you do in this situation, and how would you handle your promise to your friend?",I would explain my decision to my friend and take responsibility for not following through on my promise.,0.20817737232155184,0.9939180612564087
conscientiousness,steered,12,4.0,Carry out your plans,"You have been thinking for a long time about making a significant change in your daily life, and you have finally set aside a weekend to put your plan into action step by step. What do you do when that weekend arrives and it is time to follow through on what you decided?",I would start by creating a structured schedule to ensure each step of the plan is completed efficiently.,0.7204344168040624,0.994489312171936
conscientiousness,steered,12,4.0,Complete tasks successfully,"You are given a list of important tasks to complete by the end of the week at work, and as the days pass you realize you are running out of time and several tasks are still unfinished. What would you do to handle the situation and make sure the tasks get done?",I would prioritize the most critical tasks and focus on completing them first.,0.5868965334245001,0.994439959526062
conscientiousness,steered,12,4.0,Do just enough work to get by,"You are given a group assignment at work with a clear minimum requirement to pass, and you realize you could finish it quickly by meeting only those basic standards, even though you know you’d have to put in extra time and effort to make it genuinely high quality. What would you do in this situation?",I would complete the assignment to the minimum standard to meet the requirement.,0.5060479673937177,0.9461531639099121
conscientiousness,steered,12,4.0,Do more than what's expected ofyou,"You are given a simple, routine task at work or school that you could finish quickly by doing just the basic minimum that was requested, and no one has said anything about going beyond that. What would you do in this situation?",I would complete the task to the minimum required standard.,0.6777129524917211,0.9914303421974182
conscientiousness,steered,12,4.0,Excel in what you do,"You are at your desk with a large stack of paperwork to complete before the end of the day, and you know that how well you handle it will be noticed in your next performance review. What would you do to approach this work and make sure you handle it as well as possible?","I would prioritize tasks based on urgency and importance, breaking them into manageable steps to ensure efficient completion.",0.6465395191848655,0.9949459433555603
conscientiousness,steered,12,4.0,Handle tasks smoothly,"You are at your job where you are given the same type of task to complete repeatedly throughout the day, and the work keeps coming in at a steady pace without much variation. How do you approach this situation and handle your tasks?",I would focus on efficiency and consistency to maintain productivity throughout the day.,0.6473621363361122,0.9953941106796265
conscientiousness,steered,12,4.0,Have difficulty starting tasks,"One morning you wake up, look at your to‑do list and free time, and you can’t immediately see how to begin or what to focus on to feel the day was well spent. What would you do next?",I would start by prioritizing one small task that brings immediate satisfaction or progress.,0.5777975565129292,0.9895564913749695
conscientiousness,steered,12,4.0,Jump into things without thinking,"You are hanging out with some friends by a river, and one of them suddenly dares you to climb over the railing of a small bridge and jump into the water below while everyone is watching. What would you do in that moment?",I would politely decline the dare and suggest an alternative activity.,0.0769451761983188,0.9954761862754822
conscientiousness,steered,12,4.0,Keep your promises,"You have promised a colleague that you will bring some important documents to a meeting, but when the meeting is about to start you suddenly realize you left them at home and there is no quick way to get them. What would you do in this situation?",I would inform the colleague immediately and apologize for the mistake.,0.48369608606239894,0.9923175573348999
conscientiousness,steered,12,4.0,Know how to get things done,"You are at work trying to complete a task you’ve done before, but now you realize you can’t remember the exact steps and there’s a deadline coming up soon. What would you do next to move the task forward?",I would refer to previous records or documentation to recall the steps.,0.6321720225846642,0.988899290561676
conscientiousness,steered,12,4.0,Leave a mess in your room,"You’ve been working on a big project in your room all afternoon, and now there are papers, clothes, and random items scattered across the floor and furniture, with some things shoved under the bed and others piled on the desk. What would you do next in this situation?",I would start by organizing the scattered items and cleaning up the space.,0.8143822465311603,0.9960220456123352
conscientiousness,steered,12,4.0,Leave your belongings around,"You are sharing a small living space with someone, and as you get ready for the day you leave your bag, jacket, and keys scattered around the common area before heading out. What would you do about your belongings in this situation?",I would check the common area for my belongings before leaving.,0.7330254971155375,0.9955256581306458
conscientiousness,steered,12,4.0,Like to tidy up,"You arrive at a community space you often use and notice that it has become cluttered and messy, with items scattered around and shared supplies out of place. What would you do in this situation?",I would organize the space by returning items to their proper places and tidying up the area.,0.888975778815783,0.9948976635932922
conscientiousness,steered,12,4.0,Make rash decisions,You are about to click “confirm” on a big online purchase or sign up for a commitment when you suddenly realize you haven’t really compared alternatives or thought through the consequences. What do you do next?,I would step back and carefully evaluate my options before proceeding.,0.4192053340424626,0.9950485825538635
conscientiousness,steered,12,4.0,Often forget to put things back in their proper place,"You come home after a busy day, drop your bag, keys, and mail on the nearest surfaces, and later notice that several things you used in the kitchen and living room are still lying around instead of where they usually belong. What would you do in this situation?",I would pick up the items and return them to their proper places.,0.8769413062779814,0.9961879849433899
conscientiousness,steered,12,4.0,Put little time and effort into your work,"You are given a new task at work with a flexible deadline, and you realize you could either finish it quickly with minimal effort or spend extra time refining and double-checking everything before submitting it. What would you do?",I would finish it quickly with minimal effort to ensure timely completion.,0.5661883830917562,0.9913948178291321
conscientiousness,steered,12,4.0,Rush into things,"You are driving on a quiet residential street, realize you’ve just passed the driveway you meant to turn into, and you have a chance to quickly make a tight three-point turn in the narrow road before any other cars come. What do you do next?","I would immediately signal, check my mirrors, and make the tight three-point turn safely.",0.6073020523101136,0.9885151982307434
conscientiousness,steered,12,4.0,Tell the truth,"You are called into a small office to give a statement about something important that happened at work, and the person interviewing you asks you to confirm out loud that everything you say will be completely accurate and honest. What would you do or say in that moment?",I would confirm that everything I say will be completely accurate and honest.,0.7215361790798052,0.9789820313453674
conscientiousness,steered,12,4.0,Waste your time,"You are at home on a weekend evening with a few small chores you had planned to do, like taking out the trash and tidying up, but you find yourself scrolling on your phone and browsing random websites instead as the time passes. What do you do next?",I would set a timer to limit my phone use and get back to the chores.,0.46260301999965153,0.9930094480514526
conscientiousness,steered,12,4.0,Work hard,"You are given a challenging assignment at school or work that will take many hours of focused effort to complete well, and you know you could also do just enough to finish it quickly and have more free time. What would you do?",I would focus on completing the assignment thoroughly to ensure quality and long-term satisfaction.,0.6537780728170712,0.9928665161132812
conscientiousness,steered,12,8.0,Act without thinking,"You are in a group conversation at work and, without really pausing to consider your words, you suddenly say something that makes the room go quiet and a few people look uncomfortable. What do you do next?",I would apologize and clarify my statement to ensure everyone feels respected.,0.5037574079900725,0.9895035028457642
conscientiousness,steered,12,8.0,Are always prepared,"You are about to attend an important event where you know there will be specific expectations about how to behave, and you have a few hours beforehand to get ready. How do you prepare yourself so that you handle the situation well once you are there?","I would plan my outfit, review the event details, and practice good posture and confident body language.",0.6590409223124931,0.9951432943344116
conscientiousness,steered,12,8.0,Break rules,"You are in a group where everyone is expected to follow a clear rule, and you notice something that makes you unsure whether the rule has actually been broken or not. What would you do in that moment?",I would carefully re-examine the situation to determine if the rule was indeed broken.,0.2527726863524969,0.9937179088592529
conscientiousness,steered,12,8.0,Break your promises,"You promised a close friend that you would have a difficult conversation with someone and clearly end a relationship by the end of the week, but when the time comes you decide not to go through with it and avoid bringing it up. What would you do in this situation, and how would you handle your promise to your friend?",I would explain my decision to my friend and take responsibility for not following through on my promise.,0.20817737232155184,0.9939180612564087
conscientiousness,steered,12,8.0,Carry out your plans,"You have been thinking for a long time about making a significant change in your daily life, and you have finally set aside a weekend to put your plan into action step by step. What do you do when that weekend arrives and it is time to follow through on what you decided?",I would start by creating a structured schedule to ensure each step of the plan is completed efficiently.,0.7204344168040624,0.994489312171936
conscientiousness,steered,12,8.0,Complete tasks successfully,"You are given a list of important tasks to complete by the end of the week at work, and as the days pass you realize you are running out of time and several tasks are still unfinished. What would you do to handle the situation and make sure the tasks get done?",I would prioritize the most critical tasks and focus on completing them first.,0.5868965334245001,0.994439959526062
conscientiousness,steered,12,8.0,Do just enough work to get by,"You are given a group assignment at work with a clear minimum requirement to pass, and you realize you could finish it quickly by meeting only those basic standards, even though you know you’d have to put in extra time and effort to make it genuinely high quality. What would you do in this situation?",I would complete the assignment to the minimum requirement to meet the deadline.,0.5462738824590588,0.8351921439170837
conscientiousness,steered,12,8.0,Do more than what's expected ofyou,"You are given a simple, routine task at work or school that you could finish quickly by doing just the basic minimum that was requested, and no one has said anything about going beyond that. What would you do in this situation?",I would complete the task to the minimum required standard efficiently.,0.6510484665806086,0.7336598634719849
conscientiousness,steered,12,8.0,Excel in what you do,"You are at your desk with a large stack of paperwork to complete before the end of the day, and you know that how well you handle it will be noticed in your next performance review. What would you do to approach this work and make sure you handle it as well as possible?",I would prioritize tasks based on urgency and importance to ensure efficient completion.,0.5327663125360751,0.9946073889732361
conscientiousness,steered,12,8.0,Handle tasks smoothly,"You are at your job where you are given the same type of task to complete repeatedly throughout the day, and the work keeps coming in at a steady pace without much variation. How do you approach this situation and handle your tasks?",I would focus on efficiency and consistency to manage the repetitive tasks effectively.,0.5703750361768699,0.9941791296005249
conscientiousness,steered,12,8.0,Have difficulty starting tasks,"One morning you wake up, look at your to‑do list and free time, and you can’t immediately see how to begin or what to focus on to feel the day was well spent. What would you do next?",I would start with a short walk to clear my mind and gain perspective.,0.684831534238556,0.9955980181694031
conscientiousness,steered,12,8.0,Jump into things without thinking,"You are hanging out with some friends by a river, and one of them suddenly dares you to climb over the railing of a small bridge and jump into the water below while everyone is watching. What would you do in that moment?",I would politely decline the dare and suggest an alternative activity.,0.0769451761983188,0.9954761862754822
conscientiousness,steered,12,8.0,Keep your promises,"You have promised a colleague that you will bring some important documents to a meeting, but when the meeting is about to start you suddenly realize you left them at home and there is no quick way to get them. What would you do in this situation?",I would inform the colleague immediately and apologize for the mistake.,0.48369608606239894,0.9923175573348999
conscientiousness,steered,12,8.0,Know how to get things done,"You are at work trying to complete a task you’ve done before, but now you realize you can’t remember the exact steps and there’s a deadline coming up soon. What would you do next to move the task forward?",I would refer to previous documentation or ask a colleague for guidance to complete the task efficiently.,0.4942782496421411,0.9927351474761963
conscientiousness,steered,12,8.0,Leave a mess in your room,"You’ve been working on a big project in your room all afternoon, and now there are papers, clothes, and random items scattered across the floor and furniture, with some things shoved under the bed and others piled on the desk. What would you do next in this situation?",I would start by organizing the scattered items and cleaning up the space.,0.8143822465311603,0.9960220456123352
conscientiousness,steered,12,8.0,Leave your belongings around,"You are sharing a small living space with someone, and as you get ready for the day you leave your bag, jacket, and keys scattered around the common area before heading out. What would you do about your belongings in this situation?",I would check the common area for my belongings before leaving.,0.7330254971155375,0.9955256581306458
conscientiousness,steered,12,8.0,Like to tidy up,"You arrive at a community space you often use and notice that it has become cluttered and messy, with items scattered around and shared supplies out of place. What would you do in this situation?",I would organize the space by returning items to their proper places and tidying up the area.,0.8909146145074971,0.9948976635932922
conscientiousness,steered,12,8.0,Make rash decisions,You are about to click “confirm” on a big online purchase or sign up for a commitment when you suddenly realize you haven’t really compared alternatives or thought through the consequences. What do you do next?,I would step back and carefully evaluate my options before proceeding.,0.41862132746423764,0.9950485825538635
conscientiousness,steered,12,8.0,Often forget to put things back in their proper place,"You come home after a busy day, drop your bag, keys, and mail on the nearest surfaces, and later notice that several things you used in the kitchen and living room are still lying around instead of where they usually belong. What would you do in this situation?",I would pick up the items and return them to their proper places.,0.8757739927322109,0.9961879849433899
conscientiousness,steered,12,8.0,Put little time and effort into your work,"You are given a new task at work with a flexible deadline, and you realize you could either finish it quickly with minimal effort or spend extra time refining and double-checking everything before submitting it. What would you do?",I would finish it quickly with minimal effort to ensure timely completion.,0.5685574647983003,0.9913948178291321
conscientiousness,steered,12,8.0,Rush into things,"You are driving on a quiet residential street, realize you’ve just passed the driveway you meant to turn into, and you have a chance to quickly make a tight three-point turn in the narrow road before any other cars come. What do you do next?","I would immediately signal, check for traffic, and make the tight three-point turn safely.",0.5605500052918572,0.9928401708602905
conscientiousness,steered,12,8.0,Tell the truth,"You are called into a small office to give a statement about something important that happened at work, and the person interviewing you asks you to confirm out loud that everything you say will be completely accurate and honest. What would you do or say in that moment?",I would confirm that everything I say will be completely accurate and honest.,0.7189993646180831,0.9789819121360779
conscientiousness,steered,12,8.0,Waste your time,"You are at home on a weekend evening with a few small chores you had planned to do, like taking out the trash and tidying up, but you find yourself scrolling on your phone and browsing random websites instead as the time passes. What do you do next?",I would set a timer and focus on one task at a time.,0.49950706896868474,0.9959036707878113
conscientiousness,steered,12,8.0,Work hard,"You are given a challenging assignment at school or work that will take many hours of focused effort to complete well, and you know you could also do just enough to finish it quickly and have more free time. What would you do?",I would focus on completing the assignment thoroughly to ensure quality and long-term satisfaction.,0.6500220846199924,0.9928665161132812
conscientiousness,steered,12,12.0,Act without thinking,"You are in a group conversation at work and, without really pausing to consider your words, you suddenly say something that makes the room go quiet and a few people look uncomfortable. What do you do next?",I would apologize and clarify my statement to ensure everyone feels respected.,0.4985240819923429,0.9895035028457642
conscientiousness,steered,12,12.0,Are always prepared,"You are about to attend an important event where you know there will be specific expectations about how to behave, and you have a few hours beforehand to get ready. How do you prepare yourself so that you handle the situation well once you are there?","I would plan my outfit, review the event details, and practice good posture and confident body language.",0.658615469384099,0.9951432943344116
conscientiousness,steered,12,12.0,Break rules,"You are in a group where everyone is expected to follow a clear rule, and you notice something that makes you unsure whether the rule has actually been broken or not. What would you do in that moment?",I would carefully re-examine the situation to determine if the rule was indeed broken.,0.2538434593323768,0.9937179088592529
conscientiousness,steered,12,12.0,Break your promises,"You promised a close friend that you would have a difficult conversation with someone and clearly end a relationship by the end of the week, but when the time comes you decide not to go through with it and avoid bringing it up. What would you do in this situation, and how would you handle your promise to your friend?",I would explain my decision to my friend and take responsibility for not fulfilling my promise.,0.23839057957418808,0.9941843152046204
conscientiousness,steered,12,12.0,Carry out your plans,"You have been thinking for a long time about making a significant change in your daily life, and you have finally set aside a weekend to put your plan into action step by step. What do you do when that weekend arrives and it is time to follow through on what you decided?",I would start by creating a structured schedule to follow through on my plan step by step.,0.6534851055851895,0.9938606023788452
conscientiousness,steered,12,12.0,Complete tasks successfully,"You are given a list of important tasks to complete by the end of the week at work, and as the days pass you realize you are running out of time and several tasks are still unfinished. What would you do to handle the situation and make sure the tasks get done?",I would prioritize the most critical tasks and focus on completing them first.,0.594497393351883,0.994439959526062
conscientiousness,steered,12,12.0,Do just enough work to get by,"You are given a group assignment at work with a clear minimum requirement to pass, and you realize you could finish it quickly by meeting only those basic standards, even though you know you’d have to put in extra time and effort to make it genuinely high quality. What would you do in this situation?",I would complete the assignment to the minimum requirement to meet the deadline.,0.5414503708767034,0.8351924419403076
conscientiousness,steered,12,12.0,Do more than what's expected ofyou,"You are given a simple, routine task at work or school that you could finish quickly by doing just the basic minimum that was requested, and no one has said anything about going beyond that. What would you do in this situation?",I would complete the task to the minimum required standard efficiently.,0.6493609179255221,0.733659565448761
conscientiousness,steered,12,12.0,Excel in what you do,"You are at your desk with a large stack of paperwork to complete before the end of the day, and you know that how well you handle it will be noticed in your next performance review. What would you do to approach this work and make sure you handle it as well as possible?",I would prioritize tasks based on urgency and importance to ensure efficient completion.,0.5379795084656478,0.9946073889732361
conscientiousness,steered,12,12.0,Handle tasks smoothly,"You are at your job where you are given the same type of task to complete repeatedly throughout the day, and the work keeps coming in at a steady pace without much variation. How do you approach this situation and handle your tasks?",I would focus on efficiency and consistency to manage the repetitive tasks effectively.,0.5814427398990131,0.9941791296005249
conscientiousness,steered,12,12.0,Have difficulty starting tasks,"One morning you wake up, look at your to‑do list and free time, and you can’t immediately see how to begin or what to focus on to feel the day was well spent. What would you do next?",I would start with a short walk to clear my mind and gain perspective.,0.6782008905235949,0.9955980181694031
conscientiousness,steered,12,12.0,Jump into things without thinking,"You are hanging out with some friends by a river, and one of them suddenly dares you to climb over the railing of a small bridge and jump into the water below while everyone is watching. What would you do in that moment?",I would politely decline the dare and suggest an alternative activity.,0.07637700090744066,0.9954761862754822
conscientiousness,steered,12,12.0,Keep your promises,"You have promised a colleague that you will bring some important documents to a meeting, but when the meeting is about to start you suddenly realize you left them at home and there is no quick way to get them. What would you do in this situation?",I would inform the colleague that I forgot the documents and offer to bring them as soon as possible.,0.5846696053602002,0.9927818775177002
conscientiousness,steered,12,12.0,Know how to get things done,"You are at work trying to complete a task you’ve done before, but now you realize you can’t remember the exact steps and there’s a deadline coming up soon. What would you do next to move the task forward?",I would refer to previous documentation or ask a colleague for guidance to complete the task efficiently.,0.4954090655721837,0.9927351474761963
conscientiousness,steered,12,12.0,Leave a mess in your room,"You’ve been working on a big project in your room all afternoon, and now there are papers, clothes, and random items scattered across the floor and furniture, with some things shoved under the bed and others piled on the desk. What would you do next in this situation?",I would start by organizing the scattered items and cleaning up the space.,0.814799073644763,0.9960220456123352
conscientiousness,steered,12,12.0,Leave your belongings around,"You are sharing a small living space with someone, and as you get ready for the day you leave your bag, jacket, and keys scattered around the common area before heading out. What would you do about your belongings in this situation?",I would quickly gather my scattered belongings before leaving.,0.6144110520805303,0.9955718517303467
conscientiousness,steered,12,12.0,Like to tidy up,"You arrive at a community space you often use and notice that it has become cluttered and messy, with items scattered around and shared supplies out of place. What would you do in this situation?",I would organize the space by returning items to their proper places and tidying up the area.,0.8909146145074971,0.9948976635932922
conscientiousness,steered,12,12.0,Make rash decisions,You are about to click “confirm” on a big online purchase or sign up for a commitment when you suddenly realize you haven’t really compared alternatives or thought through the consequences. What do you do next?,I would step back and carefully evaluate my options before proceeding.,0.41862132746423764,0.9950485825538635
conscientiousness,steered,12,12.0,Often forget to put things back in their proper place,"You come home after a busy day, drop your bag, keys, and mail on the nearest surfaces, and later notice that several things you used in the kitchen and living room are still lying around instead of where they usually belong. What would you do in this situation?",I would pick up the items and return them to their proper places.,0.8757739927322109,0.9961879849433899
conscientiousness,steered,12,12.0,Put little time and effort into your work,"You are given a new task at work with a flexible deadline, and you realize you could either finish it quickly with minimal effort or spend extra time refining and double-checking everything before submitting it. What would you do?",I would finish it quickly with minimal effort.,0.5038985369439035,0.9928025603294373
conscientiousness,steered,12,12.0,Rush into things,"You are driving on a quiet residential street, realize you’ve just passed the driveway you meant to turn into, and you have a chance to quickly make a tight three-point turn in the narrow road before any other cars come. What do you do next?","I would immediately signal, check for traffic, and make the tight three-point turn safely.",0.5605500052918572,0.9928401708602905
conscientiousness,steered,12,12.0,Tell the truth,"You are called into a small office to give a statement about something important that happened at work, and the person interviewing you asks you to confirm out loud that everything you say will be completely accurate and honest. What would you do or say in that moment?",I would confirm that everything I say will be completely accurate and honest.,0.7189993646180831,0.9789819121360779
conscientiousness,steered,12,12.0,Waste your time,"You are at home on a weekend evening with a few small chores you had planned to do, like taking out the trash and tidying up, but you find yourself scrolling on your phone and browsing random websites instead as the time passes. What do you do next?",I would set a timer and focus on one task at a time.,0.49950706896868474,0.9959036707878113
conscientiousness,steered,12,12.0,Work hard,"You are given a challenging assignment at school or work that will take many hours of focused effort to complete well, and you know you could also do just enough to finish it quickly and have more free time. What would you do?",I would focus on completing the assignment thoroughly to ensure quality and long-term satisfaction.,0.6500220846199924,0.9928665161132812
conscientiousness,steered,18,-12.0,Act without thinking,"You are in a group conversation at work and, without really pausing to consider your words, you suddenly say something that makes the room go quiet and a few people look uncomfortable. What do you do next?",I would apologize and clarify my statement.,0.34713530323173486,0.9874377846717834
conscientiousness,steered,18,-12.0,Are always prepared,"You are about to attend an important event where you know there will be specific expectations about how to behave, and you have a few hours beforehand to get ready. How do you prepare yourself so that you handle the situation well once you are there?","I would plan my outfit, review the event details, and practice calmness to stay composed.",0.5986346037092793,0.9956523776054382
conscientiousness,steered,18,-12.0,Break rules,"You are in a group where everyone is expected to follow a clear rule, and you notice something that makes you unsure whether the rule has actually been broken or not. What would you do in that moment?",I would seek clarification to ensure understanding before taking action.,0.41244271897791274,0.9877556562423706
conscientiousness,steered,18,-12.0,Break your promises,"You promised a close friend that you would have a difficult conversation with someone and clearly end a relationship by the end of the week, but when the time comes you decide not to go through with it and avoid bringing it up. What would you do in this situation, and how would you handle your promise to your friend?",I would explain my decision to my friend and take responsibility for breaking the promise.,0.3115278405698409,0.9939562678337097
conscientiousness,steered,18,-12.0,Carry out your plans,"You have been thinking for a long time about making a significant change in your daily life, and you have finally set aside a weekend to put your plan into action step by step. What do you do when that weekend arrives and it is time to follow through on what you decided?",I would start by creating a structured schedule to ensure each step of the plan is completed.,0.7073753361234777,0.9943555593490601
conscientiousness,steered,18,-12.0,Complete tasks successfully,"You are given a list of important tasks to complete by the end of the week at work, and as the days pass you realize you are running out of time and several tasks are still unfinished. What would you do to handle the situation and make sure the tasks get done?",I would prioritize the most critical tasks and focus on completing them first.,0.594497393351883,0.994439959526062
conscientiousness,steered,18,-12.0,Do just enough work to get by,"You are given a group assignment at work with a clear minimum requirement to pass, and you realize you could finish it quickly by meeting only those basic standards, even though you know you’d have to put in extra time and effort to make it genuinely high quality. What would you do in this situation?",I would complete the assignment to the minimum standard to meet the requirement.,0.5045974470281654,0.9461537003517151
conscientiousness,steered,18,-12.0,Do more than what's expected ofyou,"You are given a simple, routine task at work or school that you could finish quickly by doing just the basic minimum that was requested, and no one has said anything about going beyond that. What would you do in this situation?",I would complete the task to the minimum required standard.,0.6764634174078197,0.9914303421974182
conscientiousness,steered,18,-12.0,Excel in what you do,"You are at your desk with a large stack of paperwork to complete before the end of the day, and you know that how well you handle it will be noticed in your next performance review. What would you do to approach this work and make sure you handle it as well as possible?","I would prioritize tasks, break them into manageable steps, and focus on completing them efficiently and thoroughly.",0.6164693894538833,0.995635449886322
conscientiousness,steered,18,-12.0,Handle tasks smoothly,"You are at your job where you are given the same type of task to complete repeatedly throughout the day, and the work keeps coming in at a steady pace without much variation. How do you approach this situation and handle your tasks?",I would focus on efficiency and consistency to maintain productivity.,0.6047979998734936,0.9948325157165527
conscientiousness,steered,18,-12.0,Have difficulty starting tasks,"One morning you wake up, look at your to‑do list and free time, and you can’t immediately see how to begin or what to focus on to feel the day was well spent. What would you do next?",I would start by prioritizing one small task that brings immediate satisfaction or progress.,0.5742624865624167,0.989556610584259
conscientiousness,steered,18,-12.0,Jump into things without thinking,"You are hanging out with some friends by a river, and one of them suddenly dares you to climb over the railing of a small bridge and jump into the water below while everyone is watching. What would you do in that moment?",I would politely decline the dare and explain that I don't feel comfortable with that challenge.,0.10361047111785407,0.9948458671569824
conscientiousness,steered,18,-12.0,Keep your promises,"You have promised a colleague that you will bring some important documents to a meeting, but when the meeting is about to start you suddenly realize you left them at home and there is no quick way to get them. What would you do in this situation?",I would inform the colleague immediately and apologize for the mistake.,0.48708136132870167,0.9923175573348999
conscientiousness,steered,18,-12.0,Know how to get things done,"You are at work trying to complete a task you’ve done before, but now you realize you can’t remember the exact steps and there’s a deadline coming up soon. What would you do next to move the task forward?",I would refer to previous documentation or ask a colleague for guidance to recall the steps.,0.5696731729454101,0.974254846572876
conscientiousness,steered,18,-12.0,Leave a mess in your room,"You’ve been working on a big project in your room all afternoon, and now there are papers, clothes, and random items scattered across the floor and furniture, with some things shoved under the bed and others piled on the desk. What would you do next in this situation?",I would start by organizing the scattered items and cleaning up the space.,0.814799073644763,0.9960220456123352
conscientiousness,steered,18,-12.0,Leave your belongings around,"You are sharing a small living space with someone, and as you get ready for the day you leave your bag, jacket, and keys scattered around the common area before heading out. What would you do about your belongings in this situation?",I would check the common area before leaving to ensure my belongings are secure.,0.7995399415603823,0.9953044652938843
conscientiousness,steered,18,-12.0,Like to tidy up,"You arrive at a community space you often use and notice that it has become cluttered and messy, with items scattered around and shared supplies out of place. What would you do in this situation?",I would organize the space by returning items to their proper places and cleaning up the clutter.,0.8664953814694847,0.9954889416694641
conscientiousness,steered,18,-12.0,Make rash decisions,You are about to click “confirm” on a big online purchase or sign up for a commitment when you suddenly realize you haven’t really compared alternatives or thought through the consequences. What do you do next?,I would step back and carefully evaluate my options before proceeding.,0.41862132746423764,0.9950485825538635
conscientiousness,steered,18,-12.0,Often forget to put things back in their proper place,"You come home after a busy day, drop your bag, keys, and mail on the nearest surfaces, and later notice that several things you used in the kitchen and living room are still lying around instead of where they usually belong. What would you do in this situation?",I would organize the misplaced items and put them back in their usual places.,0.6839549423274605,0.9961269497871399
conscientiousness,steered,18,-12.0,Put little time and effort into your work,"You are given a new task at work with a flexible deadline, and you realize you could either finish it quickly with minimal effort or spend extra time refining and double-checking everything before submitting it. What would you do?",I would finish it quickly with minimal effort.,0.5038985369439035,0.9928025603294373
conscientiousness,steered,18,-12.0,Rush into things,"You are driving on a quiet residential street, realize you’ve just passed the driveway you meant to turn into, and you have a chance to quickly make a tight three-point turn in the narrow road before any other cars come. What do you do next?",I would make the tight three-point turn as quickly and safely as possible.,0.5758359531731991,0.9938783049583435
conscientiousness,steered,18,-12.0,Tell the truth,"You are called into a small office to give a statement about something important that happened at work, and the person interviewing you asks you to confirm out loud that everything you say will be completely accurate and honest. What would you do or say in that moment?",I would confirm that everything I say will be completely accurate and honest.,0.7189993646180831,0.9789819121360779
conscientiousness,steered,18,-12.0,Waste your time,"You are at home on a weekend evening with a few small chores you had planned to do, like taking out the trash and tidying up, but you find yourself scrolling on your phone and browsing random websites instead as the time passes. What do you do next?",I would set a timer and focus on completing one task before checking my phone again.,0.3856202211876939,0.9940628409385681
conscientiousness,steered,18,-12.0,Work hard,"You are given a challenging assignment at school or work that will take many hours of focused effort to complete well, and you know you could also do just enough to finish it quickly and have more free time. What would you do?",I would choose to complete it thoroughly to ensure quality and personal growth.,0.5675184639102875,0.9807683825492859
conscientiousness,steered,18,-8.0,Act without thinking,"You are in a group conversation at work and, without really pausing to consider your words, you suddenly say something that makes the room go quiet and a few people look uncomfortable. What do you do next?",I would apologize and clarify my statement.,0.34713530323173486,0.9874377846717834
conscientiousness,steered,18,-8.0,Are always prepared,"You are about to attend an important event where you know there will be specific expectations about how to behave, and you have a few hours beforehand to get ready. How do you prepare yourself so that you handle the situation well once you are there?","I would plan my outfit, review the event details, and practice good posture and confidence.",0.6331853065373434,0.9953622221946716
conscientiousness,steered,18,-8.0,Break rules,"You are in a group where everyone is expected to follow a clear rule, and you notice something that makes you unsure whether the rule has actually been broken or not. What would you do in that moment?",I would carefully reevaluate the situation to determine if the rule was indeed broken.,0.2616688867391569,0.9934691190719604
conscientiousness,steered,18,-8.0,Break your promises,"You promised a close friend that you would have a difficult conversation with someone and clearly end a relationship by the end of the week, but when the time comes you decide not to go through with it and avoid bringing it up. What would you do in this situation, and how would you handle your promise to your friend?",I would explain my decision to my friend and take responsibility for breaking the promise.,0.3115278405698409,0.9939562678337097
conscientiousness,steered,18,-8.0,Carry out your plans,"You have been thinking for a long time about making a significant change in your daily life, and you have finally set aside a weekend to put your plan into action step by step. What do you do when that weekend arrives and it is time to follow through on what you decided?",I would start by creating a structured schedule to ensure each step of the plan is completed.,0.7073753361234777,0.9943555593490601
conscientiousness,steered,18,-8.0,Complete tasks successfully,"You are given a list of important tasks to complete by the end of the week at work, and as the days pass you realize you are running out of time and several tasks are still unfinished. What would you do to handle the situation and make sure the tasks get done?",I would prioritize the most critical tasks and focus on completing them first.,0.594497393351883,0.994439959526062
conscientiousness,steered,18,-8.0,Do just enough work to get by,"You are given a group assignment at work with a clear minimum requirement to pass, and you realize you could finish it quickly by meeting only those basic standards, even though you know you’d have to put in extra time and effort to make it genuinely high quality. What would you do in this situation?",I would complete the assignment to the minimum standard to meet the requirement.,0.5045974470281654,0.9461537003517151
conscientiousness,steered,18,-8.0,Do more than what's expected ofyou,"You are given a simple, routine task at work or school that you could finish quickly by doing just the basic minimum that was requested, and no one has said anything about going beyond that. What would you do in this situation?",I would complete the task to the minimum required standard.,0.6764634174078197,0.9914303421974182
conscientiousness,steered,18,-8.0,Excel in what you do,"You are at your desk with a large stack of paperwork to complete before the end of the day, and you know that how well you handle it will be noticed in your next performance review. What would you do to approach this work and make sure you handle it as well as possible?","I would prioritize tasks, break them into manageable steps, and focus on completing them efficiently and accurately.",0.6741064775877367,0.995590090751648
conscientiousness,steered,18,-8.0,Handle tasks smoothly,"You are at your job where you are given the same type of task to complete repeatedly throughout the day, and the work keeps coming in at a steady pace without much variation. How do you approach this situation and handle your tasks?",I would focus on efficiency and consistency to maintain productivity throughout the day.,0.6477888295547654,0.9953939914703369
conscientiousness,steered,18,-8.0,Have difficulty starting tasks,"One morning you wake up, look at your to‑do list and free time, and you can’t immediately see how to begin or what to focus on to feel the day was well spent. What would you do next?",I would start by prioritizing one small task that brings immediate satisfaction or progress.,0.5742624865624167,0.989556610584259
conscientiousness,steered,18,-8.0,Jump into things without thinking,"You are hanging out with some friends by a river, and one of them suddenly dares you to climb over the railing of a small bridge and jump into the water below while everyone is watching. What would you do in that moment?",I would politely decline the dare and explain that I don't feel comfortable with that challenge.,0.10361047111785407,0.9948458671569824
conscientiousness,steered,18,-8.0,Keep your promises,"You have promised a colleague that you will bring some important documents to a meeting, but when the meeting is about to start you suddenly realize you left them at home and there is no quick way to get them. What would you do in this situation?",I would inform the colleague immediately and apologize for the mistake.,0.48708136132870167,0.9923175573348999
conscientiousness,steered,18,-8.0,Know how to get things done,"You are at work trying to complete a task you’ve done before, but now you realize you can’t remember the exact steps and there’s a deadline coming up soon. What would you do next to move the task forward?",I would refer to previous documentation or ask a colleague for guidance to recall the steps.,0.5696731729454101,0.974254846572876
conscientiousness,steered,18,-8.0,Leave a mess in your room,"You’ve been working on a big project in your room all afternoon, and now there are papers, clothes, and random items scattered across the floor and furniture, with some things shoved under the bed and others piled on the desk. What would you do next in this situation?",I would start by organizing the scattered items and cleaning up the space.,0.814799073644763,0.9960220456123352
conscientiousness,steered,18,-8.0,Leave your belongings around,"You are sharing a small living space with someone, and as you get ready for the day you leave your bag, jacket, and keys scattered around the common area before heading out. What would you do about your belongings in this situation?",I would check the common area before leaving to ensure my belongings are secure.,0.7995399415603823,0.9953044652938843
conscientiousness,steered,18,-8.0,Like to tidy up,"You arrive at a community space you often use and notice that it has become cluttered and messy, with items scattered around and shared supplies out of place. What would you do in this situation?",I would organize the space by returning items to their proper places and cleaning up the clutter.,0.8664953814694847,0.9954889416694641
conscientiousness,steered,18,-8.0,Make rash decisions,You are about to click “confirm” on a big online purchase or sign up for a commitment when you suddenly realize you haven’t really compared alternatives or thought through the consequences. What do you do next?,I would step back and carefully evaluate my options before proceeding.,0.41862132746423764,0.9950485825538635
conscientiousness,steered,18,-8.0,Often forget to put things back in their proper place,"You come home after a busy day, drop your bag, keys, and mail on the nearest surfaces, and later notice that several things you used in the kitchen and living room are still lying around instead of where they usually belong. What would you do in this situation?",I would organize the misplaced items and put them back in their usual places.,0.6839549423274605,0.9961269497871399
conscientiousness,steered,18,-8.0,Put little time and effort into your work,"You are given a new task at work with a flexible deadline, and you realize you could either finish it quickly with minimal effort or spend extra time refining and double-checking everything before submitting it. What would you do?",I would finish it quickly with minimal effort.,0.5038985369439035,0.9928025603294373
conscientiousness,steered,18,-8.0,Rush into things,"You are driving on a quiet residential street, realize you’ve just passed the driveway you meant to turn into, and you have a chance to quickly make a tight three-point turn in the narrow road before any other cars come. What do you do next?","I would immediately signal, check my mirrors, and make the three-point turn as quickly and safely as possible.",0.5357447441942592,0.9925646781921387
conscientiousness,steered,18,-8.0,Tell the truth,"You are called into a small office to give a statement about something important that happened at work, and the person interviewing you asks you to confirm out loud that everything you say will be completely accurate and honest. What would you do or say in that moment?",I would confirm that everything I say will be completely accurate and honest.,0.7189993646180831,0.9789819121360779
conscientiousness,steered,18,-8.0,Waste your time,"You are at home on a weekend evening with a few small chores you had planned to do, like taking out the trash and tidying up, but you find yourself scrolling on your phone and browsing random websites instead as the time passes. What do you do next?",I would set a timer to limit my phone use and get back to the chores.,0.4663390304262113,0.9930094480514526
conscientiousness,steered,18,-8.0,Work hard,"You are given a challenging assignment at school or work that will take many hours of focused effort to complete well, and you know you could also do just enough to finish it quickly and have more free time. What would you do?",I would choose to complete the assignment thoroughly to ensure quality and long-term satisfaction.,0.5870627052752379,0.9893766641616821
conscientiousness,steered,18,-4.0,Act without thinking,"You are in a group conversation at work and, without really pausing to consider your words, you suddenly say something that makes the room go quiet and a few people look uncomfortable. What do you do next?",I would apologize and clarify my statement to ease the tension.,0.5047377782634483,0.9931303858757019
conscientiousness,steered,18,-4.0,Are always prepared,"You are about to attend an important event where you know there will be specific expectations about how to behave, and you have a few hours beforehand to get ready. How do you prepare yourself so that you handle the situation well once you are there?","I would plan my outfit, review the event details, and practice good posture and confidence.",0.6331853065373434,0.9953622221946716
conscientiousness,steered,18,-4.0,Break rules,"You are in a group where everyone is expected to follow a clear rule, and you notice something that makes you unsure whether the rule has actually been broken or not. What would you do in that moment?",I would carefully reevaluate the situation to determine if the rule was indeed broken.,0.2616688867391569,0.9934691190719604
conscientiousness,steered,18,-4.0,Break your promises,"You promised a close friend that you would have a difficult conversation with someone and clearly end a relationship by the end of the week, but when the time comes you decide not to go through with it and avoid bringing it up. What would you do in this situation, and how would you handle your promise to your friend?",I would explain my decision to my friend and take responsibility for not following through on my promise.,0.20936487634905257,0.9939180612564087
conscientiousness,steered,18,-4.0,Carry out your plans,"You have been thinking for a long time about making a significant change in your daily life, and you have finally set aside a weekend to put your plan into action step by step. What do you do when that weekend arrives and it is time to follow through on what you decided?",I would start by creating a structured schedule to ensure each step of the plan is completed efficiently.,0.7123285170579146,0.994489312171936
conscientiousness,steered,18,-4.0,Complete tasks successfully,"You are given a list of important tasks to complete by the end of the week at work, and as the days pass you realize you are running out of time and several tasks are still unfinished. What would you do to handle the situation and make sure the tasks get done?",I would prioritize the most critical tasks and focus on completing them first.,0.594497393351883,0.994439959526062
conscientiousness,steered,18,-4.0,Do just enough work to get by,"You are given a group assignment at work with a clear minimum requirement to pass, and you realize you could finish it quickly by meeting only those basic standards, even though you know you’d have to put in extra time and effort to make it genuinely high quality. What would you do in this situation?",I would complete the assignment to the minimum standard to meet the requirement.,0.5045974470281654,0.9461537003517151
conscientiousness,steered,18,-4.0,Do more than what's expected ofyou,"You are given a simple, routine task at work or school that you could finish quickly by doing just the basic minimum that was requested, and no one has said anything about going beyond that. What would you do in this situation?",I would complete the task to the minimum required standard.,0.6764634174078197,0.9914303421974182
conscientiousness,steered,18,-4.0,Excel in what you do,"You are at your desk with a large stack of paperwork to complete before the end of the day, and you know that how well you handle it will be noticed in your next performance review. What would you do to approach this work and make sure you handle it as well as possible?","I would prioritize tasks based on urgency and importance, breaking them into manageable steps to ensure efficient completion.",0.6467331174707764,0.9949459433555603
conscientiousness,steered,18,-4.0,Handle tasks smoothly,"You are at your job where you are given the same type of task to complete repeatedly throughout the day, and the work keeps coming in at a steady pace without much variation. How do you approach this situation and handle your tasks?",I would focus on efficiency and consistency to maintain productivity throughout the day.,0.6477888295547654,0.9953939914703369
conscientiousness,steered,18,-4.0,Have difficulty starting tasks,"One morning you wake up, look at your to‑do list and free time, and you can’t immediately see how to begin or what to focus on to feel the day was well spent. What would you do next?",I would start by prioritizing one small task that brings immediate satisfaction or progress.,0.5742624865624167,0.989556610584259
conscientiousness,steered,18,-4.0,Jump into things without thinking,"You are hanging out with some friends by a river, and one of them suddenly dares you to climb over the railing of a small bridge and jump into the water below while everyone is watching. What would you do in that moment?",I would politely decline the dare and explain that I don't feel comfortable with that challenge.,0.10361047111785401,0.9948458671569824
conscientiousness,steered,18,-4.0,Keep your promises,"You have promised a colleague that you will bring some important documents to a meeting, but when the meeting is about to start you suddenly realize you left them at home and there is no quick way to get them. What would you do in this situation?",I would inform the colleague immediately and apologize for the mistake.,0.48708136132870167,0.9923175573348999
conscientiousness,steered,18,-4.0,Know how to get things done,"You are at work trying to complete a task you’ve done before, but now you realize you can’t remember the exact steps and there’s a deadline coming up soon. What would you do next to move the task forward?",I would refer to previous documentation or ask a colleague for guidance to recall the steps.,0.5696731729454101,0.974254846572876
conscientiousness,steered,18,-4.0,Leave a mess in your room,"You’ve been working on a big project in your room all afternoon, and now there are papers, clothes, and random items scattered across the floor and furniture, with some things shoved under the bed and others piled on the desk. What would you do next in this situation?",I would start by organizing the scattered items and cleaning up the space.,0.814799073644763,0.9960220456123352
conscientiousness,steered,18,-4.0,Leave your belongings around,"You are sharing a small living space with someone, and as you get ready for the day you leave your bag, jacket, and keys scattered around the common area before heading out. What would you do about your belongings in this situation?",I would check the common area before leaving to ensure my belongings are secure.,0.7995399415603823,0.9953044652938843
conscientiousness,steered,18,-4.0,Like to tidy up,"You arrive at a community space you often use and notice that it has become cluttered and messy, with items scattered around and shared supplies out of place. What would you do in this situation?",I would organize the space by returning items to their proper places and cleaning up the clutter.,0.8664953814694847,0.9954889416694641
conscientiousness,steered,18,-4.0,Make rash decisions,You are about to click “confirm” on a big online purchase or sign up for a commitment when you suddenly realize you haven’t really compared alternatives or thought through the consequences. What do you do next?,I would step back and carefully evaluate my options before proceeding.,0.41862132746423764,0.9950485825538635
conscientiousness,steered,18,-4.0,Often forget to put things back in their proper place,"You come home after a busy day, drop your bag, keys, and mail on the nearest surfaces, and later notice that several things you used in the kitchen and living room are still lying around instead of where they usually belong. What would you do in this situation?",I would organize the misplaced items and put them back in their usual places.,0.6839549423274605,0.9961269497871399
conscientiousness,steered,18,-4.0,Put little time and effort into your work,"You are given a new task at work with a flexible deadline, and you realize you could either finish it quickly with minimal effort or spend extra time refining and double-checking everything before submitting it. What would you do?",I would finish it quickly with minimal effort.,0.5038985369439035,0.9928025603294373
conscientiousness,steered,18,-4.0,Rush into things,"You are driving on a quiet residential street, realize you’ve just passed the driveway you meant to turn into, and you have a chance to quickly make a tight three-point turn in the narrow road before any other cars come. What do you do next?","I would immediately signal, check my mirrors, and make the tight three-point turn as quickly and safely as possible.",0.5507875774134524,0.9934248924255371
conscientiousness,steered,18,-4.0,Tell the truth,"You are called into a small office to give a statement about something important that happened at work, and the person interviewing you asks you to confirm out loud that everything you say will be completely accurate and honest. What would you do or say in that moment?",I would confirm that everything I say will be completely accurate and honest.,0.7189993646180831,0.9789819121360779
conscientiousness,steered,18,-4.0,Waste your time,"You are at home on a weekend evening with a few small chores you had planned to do, like taking out the trash and tidying up, but you find yourself scrolling on your phone and browsing random websites instead as the time passes. What do you do next?",I would set a timer to limit my phone use and get back to the chores.,0.4663390304262113,0.9930094480514526
conscientiousness,steered,18,-4.0,Work hard,"You are given a challenging assignment at school or work that will take many hours of focused effort to complete well, and you know you could also do just enough to finish it quickly and have more free time. What would you do?",I would focus on completing the assignment thoroughly to ensure quality and long-term satisfaction.,0.6500220846199924,0.9928665161132812
conscientiousness,steered,18,4.0,Act without thinking,"You are in a group conversation at work and, without really pausing to consider your words, you suddenly say something that makes the room go quiet and a few people look uncomfortable. What do you do next?",I would apologize and clarify my statement to ensure everyone is on the same page.,0.4428582002176975,0.990231454372406
conscientiousness,steered,18,4.0,Are always prepared,"You are about to attend an important event where you know there will be specific expectations about how to behave, and you have a few hours beforehand to get ready. How do you prepare yourself so that you handle the situation well once you are there?","I would plan my outfit, review the event details, and practice good posture and confident body language.",0.658615469384099,0.9951432943344116
conscientiousness,steered,18,4.0,Break rules,"You are in a group where everyone is expected to follow a clear rule, and you notice something that makes you unsure whether the rule has actually been broken or not. What would you do in that moment?",I would carefully re-examine the situation to determine if the rule was indeed broken.,0.2538434593323768,0.9937179088592529
conscientiousness,steered,18,4.0,Break your promises,"You promised a close friend that you would have a difficult conversation with someone and clearly end a relationship by the end of the week, but when the time comes you decide not to go through with it and avoid bringing it up. What would you do in this situation, and how would you handle your promise to your friend?",I would explain my decision to my friend and take responsibility for not following through on my promise.,0.20936487634905257,0.9939180612564087
conscientiousness,steered,18,4.0,Carry out your plans,"You have been thinking for a long time about making a significant change in your daily life, and you have finally set aside a weekend to put your plan into action step by step. What do you do when that weekend arrives and it is time to follow through on what you decided?",I would start by creating a structured schedule to ensure each step of the plan is completed efficiently.,0.7123285170579146,0.994489312171936
conscientiousness,steered,18,4.0,Complete tasks successfully,"You are given a list of important tasks to complete by the end of the week at work, and as the days pass you realize you are running out of time and several tasks are still unfinished. What would you do to handle the situation and make sure the tasks get done?",I would prioritize the most critical tasks and focus on completing them first.,0.594497393351883,0.994439959526062
conscientiousness,steered,18,4.0,Do just enough work to get by,"You are given a group assignment at work with a clear minimum requirement to pass, and you realize you could finish it quickly by meeting only those basic standards, even though you know you’d have to put in extra time and effort to make it genuinely high quality. What would you do in this situation?",I would complete the assignment to the minimum standard to meet the requirement efficiently.,0.5850344086177083,0.7950048446655273
conscientiousness,steered,18,4.0,Do more than what's expected ofyou,"You are given a simple, routine task at work or school that you could finish quickly by doing just the basic minimum that was requested, and no one has said anything about going beyond that. What would you do in this situation?",I would complete the task to the minimum required standard without adding extra work.,0.6016057908458031,0.9909317493438721
conscientiousness,steered,18,4.0,Excel in what you do,"You are at your desk with a large stack of paperwork to complete before the end of the day, and you know that how well you handle it will be noticed in your next performance review. What would you do to approach this work and make sure you handle it as well as possible?","I would prioritize tasks based on urgency and importance, focusing on high-impact items first to ensure efficiency and quality.",0.5230865875094821,0.9950360655784607
conscientiousness,steered,18,4.0,Handle tasks smoothly,"You are at your job where you are given the same type of task to complete repeatedly throughout the day, and the work keeps coming in at a steady pace without much variation. How do you approach this situation and handle your tasks?",I would focus on efficiency and consistency to maintain productivity throughout the day.,0.6477888295547654,0.9953939914703369
conscientiousness,steered,18,4.0,Have difficulty starting tasks,"One morning you wake up, look at your to‑do list and free time, and you can’t immediately see how to begin or what to focus on to feel the day was well spent. What would you do next?","I would start by prioritizing one small, manageable task that brings a sense of accomplishment.",0.6381541796516703,0.9914104342460632
conscientiousness,steered,18,4.0,Jump into things without thinking,"You are hanging out with some friends by a river, and one of them suddenly dares you to climb over the railing of a small bridge and jump into the water below while everyone is watching. What would you do in that moment?",I would politely decline the dare and suggest an alternative activity.,0.07637700090744066,0.9954761862754822
conscientiousness,steered,18,4.0,Keep your promises,"You have promised a colleague that you will bring some important documents to a meeting, but when the meeting is about to start you suddenly realize you left them at home and there is no quick way to get them. What would you do in this situation?",I would inform the colleague immediately and apologize for the mistake.,0.48708136132870167,0.9923175573348999
conscientiousness,steered,18,4.0,Know how to get things done,"You are at work trying to complete a task you’ve done before, but now you realize you can’t remember the exact steps and there’s a deadline coming up soon. What would you do next to move the task forward?",I would refer to previous records or documentation to recall the steps.,0.6370818192178497,0.988899290561676
conscientiousness,steered,18,4.0,Leave a mess in your room,"You’ve been working on a big project in your room all afternoon, and now there are papers, clothes, and random items scattered across the floor and furniture, with some things shoved under the bed and others piled on the desk. What would you do next in this situation?",I would start by organizing the scattered items and cleaning up the space.,0.814799073644763,0.9960220456123352
conscientiousness,steered,18,4.0,Leave your belongings around,"You are sharing a small living space with someone, and as you get ready for the day you leave your bag, jacket, and keys scattered around the common area before heading out. What would you do about your belongings in this situation?",I would check the common area for my belongings before leaving.,0.7349554744289217,0.9955256581306458
conscientiousness,steered,18,4.0,Like to tidy up,"You arrive at a community space you often use and notice that it has become cluttered and messy, with items scattered around and shared supplies out of place. What would you do in this situation?",I would organize the space by returning items to their proper places and cleaning up the clutter.,0.8664953814694847,0.9954889416694641
conscientiousness,steered,18,4.0,Make rash decisions,You are about to click “confirm” on a big online purchase or sign up for a commitment when you suddenly realize you haven’t really compared alternatives or thought through the consequences. What do you do next?,I would step back and carefully evaluate my options before proceeding.,0.41862132746423764,0.9950485825538635
conscientiousness,steered,18,4.0,Often forget to put things back in their proper place,"You come home after a busy day, drop your bag, keys, and mail on the nearest surfaces, and later notice that several things you used in the kitchen and living room are still lying around instead of where they usually belong. What would you do in this situation?",I would pick up the items and return them to their proper places.,0.8757739927322109,0.9961879849433899
conscientiousness,steered,18,4.0,Put little time and effort into your work,"You are given a new task at work with a flexible deadline, and you realize you could either finish it quickly with minimal effort or spend extra time refining and double-checking everything before submitting it. What would you do?",I would finish it quickly with minimal effort to ensure timely completion.,0.5685574647983003,0.9913948178291321
conscientiousness,steered,18,4.0,Rush into things,"You are driving on a quiet residential street, realize you’ve just passed the driveway you meant to turn into, and you have a chance to quickly make a tight three-point turn in the narrow road before any other cars come. What do you do next?","I would immediately signal, check for traffic, and make the tight three-point turn safely.",0.5605500052918572,0.9928401708602905
conscientiousness,steered,18,4.0,Tell the truth,"You are called into a small office to give a statement about something important that happened at work, and the person interviewing you asks you to confirm out loud that everything you say will be completely accurate and honest. What would you do or say in that moment?",I would confirm that everything I say will be completely accurate and honest.,0.7189993646180831,0.9789819121360779
conscientiousness,steered,18,4.0,Waste your time,"You are at home on a weekend evening with a few small chores you had planned to do, like taking out the trash and tidying up, but you find yourself scrolling on your phone and browsing random websites instead as the time passes. What do you do next?",I would set a timer to limit my phone use and get back to the chores.,0.4663390304262113,0.9930094480514526
conscientiousness,steered,18,4.0,Work hard,"You are given a challenging assignment at school or work that will take many hours of focused effort to complete well, and you know you could also do just enough to finish it quickly and have more free time. What would you do?",I would focus on completing the assignment thoroughly to ensure quality and long-term satisfaction.,0.6500220846199924,0.9928665161132812
conscientiousness,steered,18,8.0,Act without thinking,"You are in a group conversation at work and, without really pausing to consider your words, you suddenly say something that makes the room go quiet and a few people look uncomfortable. What do you do next?",I would apologize and clarify my statement to ensure everyone is on the same page.,0.44961882659538877,0.990231454372406
conscientiousness,steered,18,8.0,Are always prepared,"You are about to attend an important event where you know there will be specific expectations about how to behave, and you have a few hours beforehand to get ready. How do you prepare yourself so that you handle the situation well once you are there?","I would plan my outfit, review the event details, and practice good posture and confident body language.",0.6557717639116151,0.9951432943344116
conscientiousness,steered,18,8.0,Break rules,"You are in a group where everyone is expected to follow a clear rule, and you notice something that makes you unsure whether the rule has actually been broken or not. What would you do in that moment?",I would carefully re-examine the situation to determine if the rule was indeed broken.,0.24935237392764908,0.9937179088592529
conscientiousness,steered,18,8.0,Break your promises,"You promised a close friend that you would have a difficult conversation with someone and clearly end a relationship by the end of the week, but when the time comes you decide not to go through with it and avoid bringing it up. What would you do in this situation, and how would you handle your promise to your friend?",I would explain my decision to my friend and take responsibility for not following through on my promise.,0.21107356582112397,0.9939180612564087
conscientiousness,steered,18,8.0,Carry out your plans,"You have been thinking for a long time about making a significant change in your daily life, and you have finally set aside a weekend to put your plan into action step by step. What do you do when that weekend arrives and it is time to follow through on what you decided?",I would start by organizing my tasks and focusing on one step at a time.,0.5895613082568234,0.9960554838180542
conscientiousness,steered,18,8.0,Complete tasks successfully,"You are given a list of important tasks to complete by the end of the week at work, and as the days pass you realize you are running out of time and several tasks are still unfinished. What would you do to handle the situation and make sure the tasks get done?",I would prioritize the most critical tasks and focus on completing them first.,0.5911414868876318,0.994439959526062
conscientiousness,steered,18,8.0,Do just enough work to get by,"You are given a group assignment at work with a clear minimum requirement to pass, and you realize you could finish it quickly by meeting only those basic standards, even though you know you’d have to put in extra time and effort to make it genuinely high quality. What would you do in this situation?",I would complete the assignment to the minimum standard to meet the requirement efficiently.,0.5727322876548467,0.7950048446655273
conscientiousness,steered,18,8.0,Do more than what's expected ofyou,"You are given a simple, routine task at work or school that you could finish quickly by doing just the basic minimum that was requested, and no one has said anything about going beyond that. What would you do in this situation?",I would complete the task to the minimum required standard efficiently.,0.6508755295505813,0.733659565448761
conscientiousness,steered,18,8.0,Excel in what you do,"You are at your desk with a large stack of paperwork to complete before the end of the day, and you know that how well you handle it will be noticed in your next performance review. What would you do to approach this work and make sure you handle it as well as possible?","I would prioritize tasks based on urgency and importance, focusing on completing the most critical items first to ensure efficiency and quality.",0.5606790155030459,0.9945937991142273
conscientiousness,steered,18,8.0,Handle tasks smoothly,"You are at your job where you are given the same type of task to complete repeatedly throughout the day, and the work keeps coming in at a steady pace without much variation. How do you approach this situation and handle your tasks?",I would focus on efficiency and consistency to maintain productivity throughout the day.,0.6493830584011769,0.9953939914703369
conscientiousness,steered,18,8.0,Have difficulty starting tasks,"One morning you wake up, look at your to‑do list and free time, and you can’t immediately see how to begin or what to focus on to feel the day was well spent. What would you do next?",I would start with a short walk to clear my mind and gain perspective.,0.6860747334032993,0.9955980181694031
conscientiousness,steered,18,8.0,Jump into things without thinking,"You are hanging out with some friends by a river, and one of them suddenly dares you to climb over the railing of a small bridge and jump into the water below while everyone is watching. What would you do in that moment?",I would politely decline the dare and suggest an alternative activity.,0.07583991394777605,0.9954761862754822
conscientiousness,steered,18,8.0,Keep your promises,"You have promised a colleague that you will bring some important documents to a meeting, but when the meeting is about to start you suddenly realize you left them at home and there is no quick way to get them. What would you do in this situation?",I would inform the colleague immediately and apologize for the mistake.,0.4802384130284793,0.9923175573348999
conscientiousness,steered,18,8.0,Know how to get things done,"You are at work trying to complete a task you’ve done before, but now you realize you can’t remember the exact steps and there’s a deadline coming up soon. What would you do next to move the task forward?",I would refer to previous records or documentation to recall the steps.,0.6348727210885352,0.988899290561676
conscientiousness,steered,18,8.0,Leave a mess in your room,"You’ve been working on a big project in your room all afternoon, and now there are papers, clothes, and random items scattered across the floor and furniture, with some things shoved under the bed and others piled on the desk. What would you do next in this situation?",I would start by organizing the scattered items and cleaning up the space.,0.8124778983466522,0.9960220456123352
conscientiousness,steered,18,8.0,Leave your belongings around,"You are sharing a small living space with someone, and as you get ready for the day you leave your bag, jacket, and keys scattered around the common area before heading out. What would you do about your belongings in this situation?",I would check the common area for my belongings before leaving.,0.7344606774889818,0.9955256581306458
conscientiousness,steered,18,8.0,Like to tidy up,"You arrive at a community space you often use and notice that it has become cluttered and messy, with items scattered around and shared supplies out of place. What would you do in this situation?",I would organize the space by returning items to their proper places and tidying up the area.,0.8902225801477476,0.9948976635932922
conscientiousness,steered,18,8.0,Make rash decisions,You are about to click “confirm” on a big online purchase or sign up for a commitment when you suddenly realize you haven’t really compared alternatives or thought through the consequences. What do you do next?,I would step back and carefully evaluate my options before proceeding.,0.42147018923979584,0.9950485825538635
conscientiousness,steered,18,8.0,Often forget to put things back in their proper place,"You come home after a busy day, drop your bag, keys, and mail on the nearest surfaces, and later notice that several things you used in the kitchen and living room are still lying around instead of where they usually belong. What would you do in this situation?",I would pick up the items and return them to their proper places.,0.8764969099125365,0.9961879849433899
conscientiousness,steered,18,8.0,Put little time and effort into your work,"You are given a new task at work with a flexible deadline, and you realize you could either finish it quickly with minimal effort or spend extra time refining and double-checking everything before submitting it. What would you do?",I would finish it quickly with minimal effort to ensure timely completion.,0.570567956508534,0.9913948178291321
conscientiousness,steered,18,8.0,Rush into things,"You are driving on a quiet residential street, realize you’ve just passed the driveway you meant to turn into, and you have a chance to quickly make a tight three-point turn in the narrow road before any other cars come. What do you do next?","I would immediately signal, check for traffic, and make the tight three-point turn safely.",0.5564022412410028,0.9928401708602905
conscientiousness,steered,18,8.0,Tell the truth,"You are called into a small office to give a statement about something important that happened at work, and the person interviewing you asks you to confirm out loud that everything you say will be completely accurate and honest. What would you do or say in that moment?",I would confirm that everything I say will be completely accurate and honest.,0.7207769722738712,0.9789819121360779
conscientiousness,steered,18,8.0,Waste your time,"You are at home on a weekend evening with a few small chores you had planned to do, like taking out the trash and tidying up, but you find yourself scrolling on your phone and browsing random websites instead as the time passes. What do you do next?",I would set a timer to limit my phone use and then focus on the planned chores.,0.5201132926777906,0.9953676462173462
conscientiousness,steered,18,8.0,Work hard,"You are given a challenging assignment at school or work that will take many hours of focused effort to complete well, and you know you could also do just enough to finish it quickly and have more free time. What would you do?",I would focus on completing the assignment thoroughly to ensure quality and long-term satisfaction.,0.6479192556506908,0.9928665161132812
conscientiousness,steered,18,12.0,Act without thinking,"You are in a group conversation at work and, without really pausing to consider your words, you suddenly say something that makes the room go quiet and a few people look uncomfortable. What do you do next?",I would apologize and clarify my statement to ensure everyone is on the same page.,0.44961882659538877,0.990231454372406
conscientiousness,steered,18,12.0,Are always prepared,"You are about to attend an important event where you know there will be specific expectations about how to behave, and you have a few hours beforehand to get ready. How do you prepare yourself so that you handle the situation well once you are there?","I would review the event's guidelines, dress appropriately, and mentally prepare to meet the expectations with confidence.",0.7050538673453622,0.9908395409584045
conscientiousness,steered,18,12.0,Break rules,"You are in a group where everyone is expected to follow a clear rule, and you notice something that makes you unsure whether the rule has actually been broken or not. What would you do in that moment?",I would carefully re-examine the situation to determine if the rule was indeed broken.,0.24935237392764908,0.9937179088592529
conscientiousness,steered,18,12.0,Break your promises,"You promised a close friend that you would have a difficult conversation with someone and clearly end a relationship by the end of the week, but when the time comes you decide not to go through with it and avoid bringing it up. What would you do in this situation, and how would you handle your promise to your friend?",I would explain to my friend that I need more time to handle the situation with honesty and care.,0.23529680437492506,0.9937011003494263
conscientiousness,steered,18,12.0,Carry out your plans,"You have been thinking for a long time about making a significant change in your daily life, and you have finally set aside a weekend to put your plan into action step by step. What do you do when that weekend arrives and it is time to follow through on what you decided?",I would start by reviewing my plan and then take the first step with focus and determination.,0.7085882615945368,0.9955599308013916
conscientiousness,steered,18,12.0,Complete tasks successfully,"You are given a list of important tasks to complete by the end of the week at work, and as the days pass you realize you are running out of time and several tasks are still unfinished. What would you do to handle the situation and make sure the tasks get done?",I would prioritize the most critical tasks and focus on completing them first.,0.5911414868876318,0.994439959526062
conscientiousness,steered,18,12.0,Do just enough work to get by,"You are given a group assignment at work with a clear minimum requirement to pass, and you realize you could finish it quickly by meeting only those basic standards, even though you know you’d have to put in extra time and effort to make it genuinely high quality. What would you do in this situation?",I would complete the assignment to the minimum standard to meet the requirement efficiently.,0.5727322876548467,0.7950048446655273
conscientiousness,steered,18,12.0,Do more than what's expected ofyou,"You are given a simple, routine task at work or school that you could finish quickly by doing just the basic minimum that was requested, and no one has said anything about going beyond that. What would you do in this situation?",I would complete the task to the required standard without adding extra work.,0.5594198686286089,0.9932170510292053
conscientiousness,steered,18,12.0,Excel in what you do,"You are at your desk with a large stack of paperwork to complete before the end of the day, and you know that how well you handle it will be noticed in your next performance review. What would you do to approach this work and make sure you handle it as well as possible?","I would prioritize tasks based on urgency and importance, focusing on completing the most critical items first to ensure efficiency and quality.",0.5606790155030459,0.9945937991142273
conscientiousness,steered,18,12.0,Handle tasks smoothly,"You are at your job where you are given the same type of task to complete repeatedly throughout the day, and the work keeps coming in at a steady pace without much variation. How do you approach this situation and handle your tasks?",I would focus on efficiency and consistency to ensure each task is completed accurately and promptly.,0.7406830281506104,0.9950732588768005
conscientiousness,steered,18,12.0,Have difficulty starting tasks,"One morning you wake up, look at your to‑do list and free time, and you can’t immediately see how to begin or what to focus on to feel the day was well spent. What would you do next?",I would start with a short walk to clear my mind and gain clarity.,0.7861207845567829,0.993933379650116
conscientiousness,steered,18,12.0,Jump into things without thinking,"You are hanging out with some friends by a river, and one of them suddenly dares you to climb over the railing of a small bridge and jump into the water below while everyone is watching. What would you do in that moment?",I would politely decline the dare and suggest an alternative activity.,0.07583991394777605,0.9954761862754822
conscientiousness,steered,18,12.0,Keep your promises,"You have promised a colleague that you will bring some important documents to a meeting, but when the meeting is about to start you suddenly realize you left them at home and there is no quick way to get them. What would you do in this situation?",I would inform the colleague immediately and apologize for the mistake.,0.4802384130284793,0.9923175573348999
conscientiousness,steered,18,12.0,Know how to get things done,"You are at work trying to complete a task you’ve done before, but now you realize you can’t remember the exact steps and there’s a deadline coming up soon. What would you do next to move the task forward?",I would refer to previous records or documentation to recall the steps.,0.6348727210885352,0.988899290561676
conscientiousness,steered,18,12.0,Leave a mess in your room,"You’ve been working on a big project in your room all afternoon, and now there are papers, clothes, and random items scattered across the floor and furniture, with some things shoved under the bed and others piled on the desk. What would you do next in this situation?",I would start by organizing the scattered items and cleaning up the space.,0.8124778983466522,0.9960220456123352
conscientiousness,steered,18,12.0,Leave your belongings around,"You are sharing a small living space with someone, and as you get ready for the day you leave your bag, jacket, and keys scattered around the common area before heading out. What would you do about your belongings in this situation?",I would quickly gather my scattered belongings before leaving.,0.6145390023563901,0.9955718517303467
conscientiousness,steered,18,12.0,Like to tidy up,"You arrive at a community space you often use and notice that it has become cluttered and messy, with items scattered around and shared supplies out of place. What would you do in this situation?",I would organize the space by returning items to their proper places and tidying up the area.,0.8902225801477476,0.9948976635932922
conscientiousness,steered,18,12.0,Make rash decisions,You are about to click “confirm” on a big online purchase or sign up for a commitment when you suddenly realize you haven’t really compared alternatives or thought through the consequences. What do you do next?,I would step back and carefully evaluate my options before proceeding.,0.42147018923979584,0.9950485825538635
conscientiousness,steered,18,12.0,Often forget to put things back in their proper place,"You come home after a busy day, drop your bag, keys, and mail on the nearest surfaces, and later notice that several things you used in the kitchen and living room are still lying around instead of where they usually belong. What would you do in this situation?",I would pick up the items and return them to their proper places.,0.8764969099125365,0.9961879849433899
conscientiousness,steered,18,12.0,Put little time and effort into your work,"You are given a new task at work with a flexible deadline, and you realize you could either finish it quickly with minimal effort or spend extra time refining and double-checking everything before submitting it. What would you do?",I would finish it quickly with minimal effort to ensure timely completion.,0.570567956508534,0.9913948178291321
conscientiousness,steered,18,12.0,Rush into things,"You are driving on a quiet residential street, realize you’ve just passed the driveway you meant to turn into, and you have a chance to quickly make a tight three-point turn in the narrow road before any other cars come. What do you do next?","I would immediately signal, check for traffic, and make the tight three-point turn safely.",0.5564022412410028,0.9928401708602905
conscientiousness,steered,18,12.0,Tell the truth,"You are called into a small office to give a statement about something important that happened at work, and the person interviewing you asks you to confirm out loud that everything you say will be completely accurate and honest. What would you do or say in that moment?",I would confirm that everything I say will be completely accurate and honest.,0.7207769722738712,0.9789819121360779
conscientiousness,steered,18,12.0,Waste your time,"You are at home on a weekend evening with a few small chores you had planned to do, like taking out the trash and tidying up, but you find yourself scrolling on your phone and browsing random websites instead as the time passes. What do you do next?",I would set a timer to limit my phone use and then tackle the chores.,0.5165838704748003,0.995595395565033
conscientiousness,steered,18,12.0,Work hard,"You are given a challenging assignment at school or work that will take many hours of focused effort to complete well, and you know you could also do just enough to finish it quickly and have more free time. What would you do?",I would focus on completing the assignment thoroughly to ensure quality and long-term satisfaction.,0.6479192556506908,0.9928665161132812
conscientiousness,steered,24,-12.0,Act without thinking,"You are in a group conversation at work and, without really pausing to consider your words, you suddenly say something that makes the room go quiet and a few people look uncomfortable. What do you do next?",I would apologize and clarify my statement.,0.34833087699494275,0.9874377846717834
conscientiousness,steered,24,-12.0,Are always prepared,"You are about to attend an important event where you know there will be specific expectations about how to behave, and you have a few hours beforehand to get ready. How do you prepare yourself so that you handle the situation well once you are there?","I would plan my outfit, review the event details, and practice good posture and confidence.",0.6321689792534289,0.9953622221946716
conscientiousness,steered,24,-12.0,Break rules,"You are in a group where everyone is expected to follow a clear rule, and you notice something that makes you unsure whether the rule has actually been broken or not. What would you do in that moment?",I would carefully re-examine the situation to determine if the rule was indeed broken.,0.24935237392764908,0.9937179088592529
conscientiousness,steered,24,-12.0,Break your promises,"You promised a close friend that you would have a difficult conversation with someone and clearly end a relationship by the end of the week, but when the time comes you decide not to go through with it and avoid bringing it up. What would you do in this situation, and how would you handle your promise to your friend?",I would explain my decision to my friend and take responsibility for not following through.,0.1842069905012881,0.9927819967269897
conscientiousness,steered,24,-12.0,Carry out your plans,"You have been thinking for a long time about making a significant change in your daily life, and you have finally set aside a weekend to put your plan into action step by step. What do you do when that weekend arrives and it is time to follow through on what you decided?",I would start by creating a structured schedule and sticking to it.,0.631342536273791,0.9954916834831238
conscientiousness,steered,24,-12.0,Complete tasks successfully,"You are given a list of important tasks to complete by the end of the week at work, and as the days pass you realize you are running out of time and several tasks are still unfinished. What would you do to handle the situation and make sure the tasks get done?",I would prioritize the most critical tasks and focus on completing them first.,0.5911414868876318,0.994439959526062
conscientiousness,steered,24,-12.0,Do just enough work to get by,"You are given a group assignment at work with a clear minimum requirement to pass, and you realize you could finish it quickly by meeting only those basic standards, even though you know you’d have to put in extra time and effort to make it genuinely high quality. What would you do in this situation?",I would complete the assignment to the minimum standard to meet the requirement.,0.5029036584655956,0.9461537003517151
conscientiousness,steered,24,-12.0,Do more than what's expected ofyou,"You are given a simple, routine task at work or school that you could finish quickly by doing just the basic minimum that was requested, and no one has said anything about going beyond that. What would you do in this situation?",I would complete the task to the minimum required standard.,0.677959611413334,0.9914303421974182
conscientiousness,steered,24,-12.0,Excel in what you do,"You are at your desk with a large stack of paperwork to complete before the end of the day, and you know that how well you handle it will be noticed in your next performance review. What would you do to approach this work and make sure you handle it as well as possible?","I would prioritize tasks based on urgency and importance, breaking them into manageable steps to ensure efficient completion.",0.6508520625674006,0.9949459433555603
conscientiousness,steered,24,-12.0,Handle tasks smoothly,"You are at your job where you are given the same type of task to complete repeatedly throughout the day, and the work keeps coming in at a steady pace without much variation. How do you approach this situation and handle your tasks?",I would focus on efficiency and consistency to maintain productivity throughout the day.,0.6493830584011769,0.9953939914703369
conscientiousness,steered,24,-12.0,Have difficulty starting tasks,"One morning you wake up, look at your to‑do list and free time, and you can’t immediately see how to begin or what to focus on to feel the day was well spent. What would you do next?",I would start by prioritizing one small task that brings immediate satisfaction or progress.,0.5767462404650197,0.989556610584259
conscientiousness,steered,24,-12.0,Jump into things without thinking,"You are hanging out with some friends by a river, and one of them suddenly dares you to climb over the railing of a small bridge and jump into the water below while everyone is watching. What would you do in that moment?",I would politely decline the dare and explain that I don't feel comfortable with that challenge.,0.10116887280106121,0.9948458671569824
conscientiousness,steered,24,-12.0,Keep your promises,"You have promised a colleague that you will bring some important documents to a meeting, but when the meeting is about to start you suddenly realize you left them at home and there is no quick way to get them. What would you do in this situation?",I would inform the colleague immediately and apologize for the mistake.,0.4802384130284793,0.9923175573348999
conscientiousness,steered,24,-12.0,Know how to get things done,"You are at work trying to complete a task you’ve done before, but now you realize you can’t remember the exact steps and there’s a deadline coming up soon. What would you do next to move the task forward?",I would refer to previous records or ask a colleague for guidance to complete the task on time.,0.37359561300273736,0.9926580786705017
conscientiousness,steered,24,-12.0,Leave a mess in your room,"You’ve been working on a big project in your room all afternoon, and now there are papers, clothes, and random items scattered across the floor and furniture, with some things shoved under the bed and others piled on the desk. What would you do next in this situation?",I would start by organizing the scattered items and cleaning up the space.,0.8124778983466522,0.9960220456123352
conscientiousness,steered,24,-12.0,Leave your belongings around,"You are sharing a small living space with someone, and as you get ready for the day you leave your bag, jacket, and keys scattered around the common area before heading out. What would you do about your belongings in this situation?",I would check the common area for my belongings before leaving.,0.7344606774889818,0.9955256581306458
conscientiousness,steered,24,-12.0,Like to tidy up,"You arrive at a community space you often use and notice that it has become cluttered and messy, with items scattered around and shared supplies out of place. What would you do in this situation?",I would organize the space by returning items to their proper places and cleaning up the clutter.,0.8682902478681988,0.9954889416694641
conscientiousness,steered,24,-12.0,Make rash decisions,You are about to click “confirm” on a big online purchase or sign up for a commitment when you suddenly realize you haven’t really compared alternatives or thought through the consequences. What do you do next?,I would step back and carefully evaluate my options before proceeding.,0.42147018923979584,0.9950485825538635
conscientiousness,steered,24,-12.0,Often forget to put things back in their proper place,"You come home after a busy day, drop your bag, keys, and mail on the nearest surfaces, and later notice that several things you used in the kitchen and living room are still lying around instead of where they usually belong. What would you do in this situation?",I would pick up the items and return them to their proper places.,0.8764969099125365,0.9961879849433899
conscientiousness,steered,24,-12.0,Put little time and effort into your work,"You are given a new task at work with a flexible deadline, and you realize you could either finish it quickly with minimal effort or spend extra time refining and double-checking everything before submitting it. What would you do?",I would finish it quickly with minimal effort.,0.5007214398741245,0.9928025603294373
conscientiousness,steered,24,-12.0,Rush into things,"You are driving on a quiet residential street, realize you’ve just passed the driveway you meant to turn into, and you have a chance to quickly make a tight three-point turn in the narrow road before any other cars come. What do you do next?","I would immediately signal, check my mirrors, and make the tight three-point turn as quickly and safely as possible.",0.5541578695251018,0.9934248924255371
conscientiousness,steered,24,-12.0,Tell the truth,"You are called into a small office to give a statement about something important that happened at work, and the person interviewing you asks you to confirm out loud that everything you say will be completely accurate and honest. What would you do or say in that moment?",I would confirm that everything I say will be completely accurate and honest.,0.7207769722738712,0.9789819121360779
conscientiousness,steered,24,-12.0,Waste your time,"You are at home on a weekend evening with a few small chores you had planned to do, like taking out the trash and tidying up, but you find yourself scrolling on your phone and browsing random websites instead as the time passes. What do you do next?",I would set a timer to limit my phone use and get back to the chores.,0.4639743677662481,0.9930094480514526
conscientiousness,steered,24,-12.0,Work hard,"You are given a challenging assignment at school or work that will take many hours of focused effort to complete well, and you know you could also do just enough to finish it quickly and have more free time. What would you do?",I would choose to complete the assignment thoroughly to ensure quality and long-term satisfaction.,0.5840954574176203,0.9893766641616821
conscientiousness,steered,24,-8.0,Act without thinking,"You are in a group conversation at work and, without really pausing to consider your words, you suddenly say something that makes the room go quiet and a few people look uncomfortable. What do you do next?",I would apologize and clarify my statement to ease the tension.,0.5032057793889383,0.9931303858757019
conscientiousness,steered,24,-8.0,Are always prepared,"You are about to attend an important event where you know there will be specific expectations about how to behave, and you have a few hours beforehand to get ready. How do you prepare yourself so that you handle the situation well once you are there?","I would plan my outfit, review the event details, and practice good posture and confidence.",0.6321689792534289,0.9953622221946716
conscientiousness,steered,24,-8.0,Break rules,"You are in a group where everyone is expected to follow a clear rule, and you notice something that makes you unsure whether the rule has actually been broken or not. What would you do in that moment?",I would carefully re-examine the situation to determine if the rule was indeed broken.,0.24935237392764908,0.9937179088592529
conscientiousness,steered,24,-8.0,Break your promises,"You promised a close friend that you would have a difficult conversation with someone and clearly end a relationship by the end of the week, but when the time comes you decide not to go through with it and avoid bringing it up. What would you do in this situation, and how would you handle your promise to your friend?",I would explain my decision to my friend and take responsibility for not following through on my promise.,0.21107356582112397,0.9939180612564087
conscientiousness,steered,24,-8.0,Carry out your plans,"You have been thinking for a long time about making a significant change in your daily life, and you have finally set aside a weekend to put your plan into action step by step. What do you do when that weekend arrives and it is time to follow through on what you decided?",I would start by creating a structured schedule to ensure each step of the plan is completed efficiently.,0.7158095019729694,0.994489312171936
conscientiousness,steered,24,-8.0,Complete tasks successfully,"You are given a list of important tasks to complete by the end of the week at work, and as the days pass you realize you are running out of time and several tasks are still unfinished. What would you do to handle the situation and make sure the tasks get done?",I would prioritize the most critical tasks and focus on completing them first.,0.5911414868876318,0.994439959526062
conscientiousness,steered,24,-8.0,Do just enough work to get by,"You are given a group assignment at work with a clear minimum requirement to pass, and you realize you could finish it quickly by meeting only those basic standards, even though you know you’d have to put in extra time and effort to make it genuinely high quality. What would you do in this situation?",I would complete the assignment to the minimum standard to meet the requirement.,0.5029036584655956,0.9461537003517151
conscientiousness,steered,24,-8.0,Do more than what's expected ofyou,"You are given a simple, routine task at work or school that you could finish quickly by doing just the basic minimum that was requested, and no one has said anything about going beyond that. What would you do in this situation?",I would complete the task to the minimum required standard.,0.677959611413334,0.9914303421974182
conscientiousness,steered,24,-8.0,Excel in what you do,"You are at your desk with a large stack of paperwork to complete before the end of the day, and you know that how well you handle it will be noticed in your next performance review. What would you do to approach this work and make sure you handle it as well as possible?","I would prioritize tasks based on urgency and importance, breaking them into manageable steps to ensure efficient completion.",0.6508520625674006,0.9949459433555603
conscientiousness,steered,24,-8.0,Handle tasks smoothly,"You are at your job where you are given the same type of task to complete repeatedly throughout the day, and the work keeps coming in at a steady pace without much variation. How do you approach this situation and handle your tasks?",I would focus on efficiency and consistency to maintain productivity throughout the day.,0.6493830584011769,0.9953939914703369
conscientiousness,steered,24,-8.0,Have difficulty starting tasks,"One morning you wake up, look at your to‑do list and free time, and you can’t immediately see how to begin or what to focus on to feel the day was well spent. What would you do next?",I would start by prioritizing one small task that brings immediate satisfaction or progress.,0.5767462404650197,0.989556610584259
conscientiousness,steered,24,-8.0,Jump into things without thinking,"You are hanging out with some friends by a river, and one of them suddenly dares you to climb over the railing of a small bridge and jump into the water below while everyone is watching. What would you do in that moment?",I would politely decline the dare and explain that I don't feel comfortable with that challenge.,0.10116887280106121,0.9948458671569824
conscientiousness,steered,24,-8.0,Keep your promises,"You have promised a colleague that you will bring some important documents to a meeting, but when the meeting is about to start you suddenly realize you left them at home and there is no quick way to get them. What would you do in this situation?",I would inform the colleague immediately and apologize for the mistake.,0.4802384130284793,0.9923175573348999
conscientiousness,steered,24,-8.0,Know how to get things done,"You are at work trying to complete a task you’ve done before, but now you realize you can’t remember the exact steps and there’s a deadline coming up soon. What would you do next to move the task forward?",I would refer to previous records or documentation to recall the steps.,0.6348727210885352,0.988899290561676
conscientiousness,steered,24,-8.0,Leave a mess in your room,"You’ve been working on a big project in your room all afternoon, and now there are papers, clothes, and random items scattered across the floor and furniture, with some things shoved under the bed and others piled on the desk. What would you do next in this situation?",I would start by organizing the scattered items and cleaning up the space.,0.8124778983466522,0.9960220456123352
conscientiousness,steered,24,-8.0,Leave your belongings around,"You are sharing a small living space with someone, and as you get ready for the day you leave your bag, jacket, and keys scattered around the common area before heading out. What would you do about your belongings in this situation?",I would check the common area for my belongings before leaving.,0.7344606774889818,0.9955256581306458
conscientiousness,steered,24,-8.0,Like to tidy up,"You arrive at a community space you often use and notice that it has become cluttered and messy, with items scattered around and shared supplies out of place. What would you do in this situation?",I would organize the space by returning items to their proper places and cleaning up the clutter.,0.8682902478681988,0.9954889416694641
conscientiousness,steered,24,-8.0,Make rash decisions,You are about to click “confirm” on a big online purchase or sign up for a commitment when you suddenly realize you haven’t really compared alternatives or thought through the consequences. What do you do next?,I would step back and carefully evaluate my options before proceeding.,0.42147018923979584,0.9950485825538635
conscientiousness,steered,24,-8.0,Often forget to put things back in their proper place,"You come home after a busy day, drop your bag, keys, and mail on the nearest surfaces, and later notice that several things you used in the kitchen and living room are still lying around instead of where they usually belong. What would you do in this situation?",I would pick up the items and return them to their proper places.,0.8764969099125365,0.9961879849433899
conscientiousness,steered,24,-8.0,Put little time and effort into your work,"You are given a new task at work with a flexible deadline, and you realize you could either finish it quickly with minimal effort or spend extra time refining and double-checking everything before submitting it. What would you do?",I would finish it quickly with minimal effort.,0.5007214398741245,0.9928025603294373
conscientiousness,steered,24,-8.0,Rush into things,"You are driving on a quiet residential street, realize you’ve just passed the driveway you meant to turn into, and you have a chance to quickly make a tight three-point turn in the narrow road before any other cars come. What do you do next?","I would immediately signal, check my mirrors, and make the tight three-point turn as quickly and safely as possible.",0.5541578695251018,0.9934248924255371
conscientiousness,steered,24,-8.0,Tell the truth,"You are called into a small office to give a statement about something important that happened at work, and the person interviewing you asks you to confirm out loud that everything you say will be completely accurate and honest. What would you do or say in that moment?",I would confirm that everything I say will be completely accurate and honest.,0.7207769722738712,0.9789819121360779
conscientiousness,steered,24,-8.0,Waste your time,"You are at home on a weekend evening with a few small chores you had planned to do, like taking out the trash and tidying up, but you find yourself scrolling on your phone and browsing random websites instead as the time passes. What do you do next?",I would set a timer to limit my phone use and get back to the chores.,0.4639743677662481,0.9930094480514526
conscientiousness,steered,24,-8.0,Work hard,"You are given a challenging assignment at school or work that will take many hours of focused effort to complete well, and you know you could also do just enough to finish it quickly and have more free time. What would you do?",I would choose to complete the assignment thoroughly to ensure quality and long-term satisfaction.,0.5840954574176203,0.9893766641616821
conscientiousness,steered,24,-4.0,Act without thinking,"You are in a group conversation at work and, without really pausing to consider your words, you suddenly say something that makes the room go quiet and a few people look uncomfortable. What do you do next?",I would apologize and clarify my statement to ease the tension.,0.5032057793889383,0.9931303858757019
conscientiousness,steered,24,-4.0,Are always prepared,"You are about to attend an important event where you know there will be specific expectations about how to behave, and you have a few hours beforehand to get ready. How do you prepare yourself so that you handle the situation well once you are there?","I would plan my outfit, review the event details, and practice good posture and confidence.",0.6321689792534289,0.9953622221946716
conscientiousness,steered,24,-4.0,Break rules,"You are in a group where everyone is expected to follow a clear rule, and you notice something that makes you unsure whether the rule has actually been broken or not. What would you do in that moment?",I would carefully re-examine the situation to determine if the rule was indeed broken.,0.24935237392764908,0.9937179088592529
conscientiousness,steered,24,-4.0,Break your promises,"You promised a close friend that you would have a difficult conversation with someone and clearly end a relationship by the end of the week, but when the time comes you decide not to go through with it and avoid bringing it up. What would you do in this situation, and how would you handle your promise to your friend?",I would explain my decision to my friend and take responsibility for not following through on my promise.,0.21107356582112397,0.9939180612564087
conscientiousness,steered,24,-4.0,Carry out your plans,"You have been thinking for a long time about making a significant change in your daily life, and you have finally set aside a weekend to put your plan into action step by step. What do you do when that weekend arrives and it is time to follow through on what you decided?",I would start by creating a structured schedule to ensure each step of the plan is completed efficiently.,0.7158095019729694,0.994489312171936
conscientiousness,steered,24,-4.0,Complete tasks successfully,"You are given a list of important tasks to complete by the end of the week at work, and as the days pass you realize you are running out of time and several tasks are still unfinished. What would you do to handle the situation and make sure the tasks get done?",I would prioritize the most critical tasks and focus on completing them first.,0.5911414868876318,0.994439959526062
conscientiousness,steered,24,-4.0,Do just enough work to get by,"You are given a group assignment at work with a clear minimum requirement to pass, and you realize you could finish it quickly by meeting only those basic standards, even though you know you’d have to put in extra time and effort to make it genuinely high quality. What would you do in this situation?",I would complete the assignment to the minimum standard to meet the requirement.,0.5029036584655956,0.9461537003517151
conscientiousness,steered,24,-4.0,Do more than what's expected ofyou,"You are given a simple, routine task at work or school that you could finish quickly by doing just the basic minimum that was requested, and no one has said anything about going beyond that. What would you do in this situation?",I would complete the task to the minimum required standard.,0.677959611413334,0.9914303421974182
conscientiousness,steered,24,-4.0,Excel in what you do,"You are at your desk with a large stack of paperwork to complete before the end of the day, and you know that how well you handle it will be noticed in your next performance review. What would you do to approach this work and make sure you handle it as well as possible?","I would prioritize tasks based on urgency and importance, breaking them into manageable steps to ensure efficient completion.",0.6508520625674006,0.9949459433555603
conscientiousness,steered,24,-4.0,Handle tasks smoothly,"You are at your job where you are given the same type of task to complete repeatedly throughout the day, and the work keeps coming in at a steady pace without much variation. How do you approach this situation and handle your tasks?",I would focus on efficiency and consistency to maintain productivity throughout the day.,0.6493830584011769,0.9953939914703369
conscientiousness,steered,24,-4.0,Have difficulty starting tasks,"One morning you wake up, look at your to‑do list and free time, and you can’t immediately see how to begin or what to focus on to feel the day was well spent. What would you do next?",I would start by prioritizing one small task that brings immediate satisfaction or progress.,0.5767462404650197,0.989556610584259
conscientiousness,steered,24,-4.0,Jump into things without thinking,"You are hanging out with some friends by a river, and one of them suddenly dares you to climb over the railing of a small bridge and jump into the water below while everyone is watching. What would you do in that moment?",I would politely decline the dare and suggest an alternative activity.,0.07583991394777605,0.9954761862754822
conscientiousness,steered,24,-4.0,Keep your promises,"You have promised a colleague that you will bring some important documents to a meeting, but when the meeting is about to start you suddenly realize you left them at home and there is no quick way to get them. What would you do in this situation?",I would inform the colleague immediately and apologize for the mistake.,0.4802384130284793,0.9923175573348999
conscientiousness,steered,24,-4.0,Know how to get things done,"You are at work trying to complete a task you’ve done before, but now you realize you can’t remember the exact steps and there’s a deadline coming up soon. What would you do next to move the task forward?",I would refer to previous records or documentation to recall the steps.,0.6348727210885352,0.988899290561676
conscientiousness,steered,24,-4.0,Leave a mess in your room,"You’ve been working on a big project in your room all afternoon, and now there are papers, clothes, and random items scattered across the floor and furniture, with some things shoved under the bed and others piled on the desk. What would you do next in this situation?",I would start by organizing the scattered items and cleaning up the space.,0.8124778983466522,0.9960220456123352
conscientiousness,steered,24,-4.0,Leave your belongings around,"You are sharing a small living space with someone, and as you get ready for the day you leave your bag, jacket, and keys scattered around the common area before heading out. What would you do about your belongings in this situation?",I would check the common area for my belongings before leaving.,0.7344606774889818,0.9955256581306458
conscientiousness,steered,24,-4.0,Like to tidy up,"You arrive at a community space you often use and notice that it has become cluttered and messy, with items scattered around and shared supplies out of place. What would you do in this situation?",I would organize the space by returning items to their proper places and cleaning up the clutter.,0.8682902478681988,0.9954889416694641
conscientiousness,steered,24,-4.0,Make rash decisions,You are about to click “confirm” on a big online purchase or sign up for a commitment when you suddenly realize you haven’t really compared alternatives or thought through the consequences. What do you do next?,I would step back and carefully evaluate my options before proceeding.,0.42147018923979584,0.9950485825538635
conscientiousness,steered,24,-4.0,Often forget to put things back in their proper place,"You come home after a busy day, drop your bag, keys, and mail on the nearest surfaces, and later notice that several things you used in the kitchen and living room are still lying around instead of where they usually belong. What would you do in this situation?",I would pick up the items and return them to their proper places.,0.8764969099125365,0.9961879849433899
conscientiousness,steered,24,-4.0,Put little time and effort into your work,"You are given a new task at work with a flexible deadline, and you realize you could either finish it quickly with minimal effort or spend extra time refining and double-checking everything before submitting it. What would you do?",I would finish it quickly with minimal effort.,0.5007214398741245,0.9928025603294373
conscientiousness,steered,24,-4.0,Rush into things,"You are driving on a quiet residential street, realize you’ve just passed the driveway you meant to turn into, and you have a chance to quickly make a tight three-point turn in the narrow road before any other cars come. What do you do next?","I would immediately signal, check my mirrors, and make the tight three-point turn as quickly and safely as possible.",0.5541578695251018,0.9934248924255371
conscientiousness,steered,24,-4.0,Tell the truth,"You are called into a small office to give a statement about something important that happened at work, and the person interviewing you asks you to confirm out loud that everything you say will be completely accurate and honest. What would you do or say in that moment?",I would confirm that everything I say will be completely accurate and honest.,0.7207769722738712,0.9789819121360779
conscientiousness,steered,24,-4.0,Waste your time,"You are at home on a weekend evening with a few small chores you had planned to do, like taking out the trash and tidying up, but you find yourself scrolling on your phone and browsing random websites instead as the time passes. What do you do next?",I would set a timer to limit my phone use and get back to the chores.,0.4639743677662481,0.9930094480514526
conscientiousness,steered,24,-4.0,Work hard,"You are given a challenging assignment at school or work that will take many hours of focused effort to complete well, and you know you could also do just enough to finish it quickly and have more free time. What would you do?",I would focus on completing the assignment thoroughly to ensure quality and long-term satisfaction.,0.6479192556506908,0.9928665161132812
conscientiousness,steered,24,4.0,Act without thinking,"You are in a group conversation at work and, without really pausing to consider your words, you suddenly say something that makes the room go quiet and a few people look uncomfortable. What do you do next?",I would apologize and clarify my statement to ensure everyone feels respected.,0.4963513607440638,0.9895035028457642
conscientiousness,steered,24,4.0,Are always prepared,"You are about to attend an important event where you know there will be specific expectations about how to behave, and you have a few hours beforehand to get ready. How do you prepare yourself so that you handle the situation well once you are there?","I would plan my outfit, review the event details, and practice good posture and confident body language.",0.6557717639116151,0.9951432943344116
conscientiousness,steered,24,4.0,Break rules,"You are in a group where everyone is expected to follow a clear rule, and you notice something that makes you unsure whether the rule has actually been broken or not. What would you do in that moment?",I would carefully re-examine the situation to determine if the rule was indeed broken.,0.24935237392764908,0.9937179088592529
conscientiousness,steered,24,4.0,Break your promises,"You promised a close friend that you would have a difficult conversation with someone and clearly end a relationship by the end of the week, but when the time comes you decide not to go through with it and avoid bringing it up. What would you do in this situation, and how would you handle your promise to your friend?",I would explain my decision to my friend and take responsibility for not following through on my promise.,0.21107356582112397,0.9939180612564087
conscientiousness,steered,24,4.0,Carry out your plans,"You have been thinking for a long time about making a significant change in your daily life, and you have finally set aside a weekend to put your plan into action step by step. What do you do when that weekend arrives and it is time to follow through on what you decided?",I would start by creating a structured schedule to ensure each step of the plan is completed efficiently.,0.7158095019729694,0.994489312171936
conscientiousness,steered,24,4.0,Complete tasks successfully,"You are given a list of important tasks to complete by the end of the week at work, and as the days pass you realize you are running out of time and several tasks are still unfinished. What would you do to handle the situation and make sure the tasks get done?",I would prioritize the most critical tasks and focus on completing them first.,0.5911414868876318,0.994439959526062
conscientiousness,steered,24,4.0,Do just enough work to get by,"You are given a group assignment at work with a clear minimum requirement to pass, and you realize you could finish it quickly by meeting only those basic standards, even though you know you’d have to put in extra time and effort to make it genuinely high quality. What would you do in this situation?",I would complete the assignment to the minimum standard to meet the requirement.,0.5029036584655956,0.9461537003517151
conscientiousness,steered,24,4.0,Do more than what's expected ofyou,"You are given a simple, routine task at work or school that you could finish quickly by doing just the basic minimum that was requested, and no one has said anything about going beyond that. What would you do in this situation?",I would complete the task to the minimum required standard.,0.677959611413334,0.9914303421974182
conscientiousness,steered,24,4.0,Excel in what you do,"You are at your desk with a large stack of paperwork to complete before the end of the day, and you know that how well you handle it will be noticed in your next performance review. What would you do to approach this work and make sure you handle it as well as possible?","I would prioritize tasks based on urgency and importance, breaking them into manageable steps to ensure efficient completion.",0.6467331174707764,0.9949459433555603
conscientiousness,steered,24,4.0,Handle tasks smoothly,"You are at your job where you are given the same type of task to complete repeatedly throughout the day, and the work keeps coming in at a steady pace without much variation. How do you approach this situation and handle your tasks?",I would focus on efficiency and consistency to maintain productivity throughout the day.,0.6477888295547654,0.9953939914703369
conscientiousness,steered,24,4.0,Have difficulty starting tasks,"One morning you wake up, look at your to‑do list and free time, and you can’t immediately see how to begin or what to focus on to feel the day was well spent. What would you do next?","I would start by prioritizing one small, manageable task that brings a sense of accomplishment.",0.6381541796516703,0.9914104342460632
conscientiousness,steered,24,4.0,Jump into things without thinking,"You are hanging out with some friends by a river, and one of them suddenly dares you to climb over the railing of a small bridge and jump into the water below while everyone is watching. What would you do in that moment?",I would politely decline the dare and suggest an alternative activity.,0.07637700090744066,0.9954761862754822
conscientiousness,steered,24,4.0,Keep your promises,"You have promised a colleague that you will bring some important documents to a meeting, but when the meeting is about to start you suddenly realize you left them at home and there is no quick way to get them. What would you do in this situation?",I would inform the colleague immediately and apologize for the mistake.,0.48708136132870167,0.9923175573348999
conscientiousness,steered,24,4.0,Know how to get things done,"You are at work trying to complete a task you’ve done before, but now you realize you can’t remember the exact steps and there’s a deadline coming up soon. What would you do next to move the task forward?",I would refer to previous records or documentation to recall the steps.,0.6370818192178497,0.988899290561676
conscientiousness,steered,24,4.0,Leave a mess in your room,"You’ve been working on a big project in your room all afternoon, and now there are papers, clothes, and random items scattered across the floor and furniture, with some things shoved under the bed and others piled on the desk. What would you do next in this situation?",I would start by organizing the scattered items and cleaning up the space.,0.814799073644763,0.9960220456123352
conscientiousness,steered,24,4.0,Leave your belongings around,"You are sharing a small living space with someone, and as you get ready for the day you leave your bag, jacket, and keys scattered around the common area before heading out. What would you do about your belongings in this situation?",I would check the common area for my belongings before leaving.,0.7349554744289217,0.9955256581306458
conscientiousness,steered,24,4.0,Like to tidy up,"You arrive at a community space you often use and notice that it has become cluttered and messy, with items scattered around and shared supplies out of place. What would you do in this situation?",I would organize the space by returning items to their proper places and cleaning up the clutter.,0.8664953814694847,0.9954889416694641
conscientiousness,steered,24,4.0,Make rash decisions,You are about to click “confirm” on a big online purchase or sign up for a commitment when you suddenly realize you haven’t really compared alternatives or thought through the consequences. What do you do next?,I would step back and carefully evaluate my options before proceeding.,0.41862132746423764,0.9950485825538635
conscientiousness,steered,24,4.0,Often forget to put things back in their proper place,"You come home after a busy day, drop your bag, keys, and mail on the nearest surfaces, and later notice that several things you used in the kitchen and living room are still lying around instead of where they usually belong. What would you do in this situation?",I would organize the misplaced items and put them back in their usual places.,0.6839549423274605,0.9961269497871399
conscientiousness,steered,24,4.0,Put little time and effort into your work,"You are given a new task at work with a flexible deadline, and you realize you could either finish it quickly with minimal effort or spend extra time refining and double-checking everything before submitting it. What would you do?",I would finish it quickly with minimal effort to ensure timely completion.,0.5685574647983003,0.9913948178291321
conscientiousness,steered,24,4.0,Rush into things,"You are driving on a quiet residential street, realize you’ve just passed the driveway you meant to turn into, and you have a chance to quickly make a tight three-point turn in the narrow road before any other cars come. What do you do next?","I would immediately signal, check for traffic, and make the tight three-point turn safely.",0.5605500052918572,0.9928401708602905
conscientiousness,steered,24,4.0,Tell the truth,"You are called into a small office to give a statement about something important that happened at work, and the person interviewing you asks you to confirm out loud that everything you say will be completely accurate and honest. What would you do or say in that moment?",I would confirm that everything I say will be completely accurate and honest.,0.7189993646180831,0.9789819121360779
conscientiousness,steered,24,4.0,Waste your time,"You are at home on a weekend evening with a few small chores you had planned to do, like taking out the trash and tidying up, but you find yourself scrolling on your phone and browsing random websites instead as the time passes. What do you do next?",I would set a timer to limit my phone use and get back to the chores.,0.4663390304262113,0.9930094480514526
conscientiousness,steered,24,4.0,Work hard,"You are given a challenging assignment at school or work that will take many hours of focused effort to complete well, and you know you could also do just enough to finish it quickly and have more free time. What would you do?",I would focus on completing the assignment thoroughly to ensure quality and long-term satisfaction.,0.6500220846199924,0.9928665161132812
conscientiousness,steered,24,8.0,Act without thinking,"You are in a group conversation at work and, without really pausing to consider your words, you suddenly say something that makes the room go quiet and a few people look uncomfortable. What do you do next?",I would apologize and clarify my statement to ensure everyone feels respected.,0.4985240819923429,0.9895035028457642
conscientiousness,steered,24,8.0,Are always prepared,"You are about to attend an important event where you know there will be specific expectations about how to behave, and you have a few hours beforehand to get ready. How do you prepare yourself so that you handle the situation well once you are there?","I would plan my outfit, review the event details, and practice good posture and confident body language.",0.658615469384099,0.9951432943344116
conscientiousness,steered,24,8.0,Break rules,"You are in a group where everyone is expected to follow a clear rule, and you notice something that makes you unsure whether the rule has actually been broken or not. What would you do in that moment?",I would carefully re-examine the situation to determine if the rule was indeed broken.,0.2538434593323768,0.9937179088592529
conscientiousness,steered,24,8.0,Break your promises,"You promised a close friend that you would have a difficult conversation with someone and clearly end a relationship by the end of the week, but when the time comes you decide not to go through with it and avoid bringing it up. What would you do in this situation, and how would you handle your promise to your friend?",I would explain my decision to my friend and take responsibility for not following through on my promise.,0.20936487634905257,0.9939180612564087
conscientiousness,steered,24,8.0,Carry out your plans,"You have been thinking for a long time about making a significant change in your daily life, and you have finally set aside a weekend to put your plan into action step by step. What do you do when that weekend arrives and it is time to follow through on what you decided?",I would start by creating a structured schedule to ensure each step of the plan is completed efficiently.,0.7123285170579146,0.994489312171936
conscientiousness,steered,24,8.0,Complete tasks successfully,"You are given a list of important tasks to complete by the end of the week at work, and as the days pass you realize you are running out of time and several tasks are still unfinished. What would you do to handle the situation and make sure the tasks get done?",I would prioritize the most critical tasks and focus on completing them first.,0.594497393351883,0.994439959526062
conscientiousness,steered,24,8.0,Do just enough work to get by,"You are given a group assignment at work with a clear minimum requirement to pass, and you realize you could finish it quickly by meeting only those basic standards, even though you know you’d have to put in extra time and effort to make it genuinely high quality. What would you do in this situation?",I would complete the assignment to the minimum standard to meet the requirement efficiently.,0.5850344086177083,0.7950048446655273
conscientiousness,steered,24,8.0,Do more than what's expected ofyou,"You are given a simple, routine task at work or school that you could finish quickly by doing just the basic minimum that was requested, and no one has said anything about going beyond that. What would you do in this situation?",I would complete the task to the minimum required standard efficiently.,0.6493609179255221,0.733659565448761
conscientiousness,steered,24,8.0,Excel in what you do,"You are at your desk with a large stack of paperwork to complete before the end of the day, and you know that how well you handle it will be noticed in your next performance review. What would you do to approach this work and make sure you handle it as well as possible?","I would prioritize tasks, focus on efficiency, and maintain a calm, organized approach to ensure quality and timely completion.",0.746052308800052,0.9887405037879944
conscientiousness,steered,24,8.0,Handle tasks smoothly,"You are at your job where you are given the same type of task to complete repeatedly throughout the day, and the work keeps coming in at a steady pace without much variation. How do you approach this situation and handle your tasks?",I would focus on efficiency and consistency to maintain productivity throughout the day.,0.6477888295547654,0.9953939914703369
conscientiousness,steered,24,8.0,Have difficulty starting tasks,"One morning you wake up, look at your to‑do list and free time, and you can’t immediately see how to begin or what to focus on to feel the day was well spent. What would you do next?","I would start by prioritizing one small, manageable task that brings a sense of accomplishment.",0.6381541796516703,0.9914104342460632
conscientiousness,steered,24,8.0,Jump into things without thinking,"You are hanging out with some friends by a river, and one of them suddenly dares you to climb over the railing of a small bridge and jump into the water below while everyone is watching. What would you do in that moment?",I would politely decline the dare and suggest an alternative activity.,0.07637700090744066,0.9954761862754822
conscientiousness,steered,24,8.0,Keep your promises,"You have promised a colleague that you will bring some important documents to a meeting, but when the meeting is about to start you suddenly realize you left them at home and there is no quick way to get them. What would you do in this situation?",I would inform the colleague immediately and apologize for the mistake.,0.48708136132870167,0.9923175573348999
conscientiousness,steered,24,8.0,Know how to get things done,"You are at work trying to complete a task you’ve done before, but now you realize you can’t remember the exact steps and there’s a deadline coming up soon. What would you do next to move the task forward?",I would refer to previous documentation or ask a colleague for guidance to complete the task efficiently.,0.4954090655721837,0.9927351474761963
conscientiousness,steered,24,8.0,Leave a mess in your room,"You’ve been working on a big project in your room all afternoon, and now there are papers, clothes, and random items scattered across the floor and furniture, with some things shoved under the bed and others piled on the desk. What would you do next in this situation?",I would start by organizing the scattered items and cleaning up the space.,0.814799073644763,0.9960220456123352
conscientiousness,steered,24,8.0,Leave your belongings around,"You are sharing a small living space with someone, and as you get ready for the day you leave your bag, jacket, and keys scattered around the common area before heading out. What would you do about your belongings in this situation?",I would check the common area for my belongings before leaving.,0.7349554744289217,0.9955256581306458
conscientiousness,steered,24,8.0,Like to tidy up,"You arrive at a community space you often use and notice that it has become cluttered and messy, with items scattered around and shared supplies out of place. What would you do in this situation?",I would organize the space by returning items to their proper places and tidying up the area.,0.8909146145074971,0.9948976635932922
conscientiousness,steered,24,8.0,Make rash decisions,You are about to click “confirm” on a big online purchase or sign up for a commitment when you suddenly realize you haven’t really compared alternatives or thought through the consequences. What do you do next?,I would step back and carefully evaluate my options before proceeding.,0.41862132746423764,0.9950485825538635
conscientiousness,steered,24,8.0,Often forget to put things back in their proper place,"You come home after a busy day, drop your bag, keys, and mail on the nearest surfaces, and later notice that several things you used in the kitchen and living room are still lying around instead of where they usually belong. What would you do in this situation?",I would organize the misplaced items and put them back in their usual places.,0.6839549423274605,0.9961269497871399
conscientiousness,steered,24,8.0,Put little time and effort into your work,"You are given a new task at work with a flexible deadline, and you realize you could either finish it quickly with minimal effort or spend extra time refining and double-checking everything before submitting it. What would you do?",I would finish it quickly with minimal effort to ensure timely completion.,0.5685574647983003,0.9913948178291321
conscientiousness,steered,24,8.0,Rush into things,"You are driving on a quiet residential street, realize you’ve just passed the driveway you meant to turn into, and you have a chance to quickly make a tight three-point turn in the narrow road before any other cars come. What do you do next?",I would make the tight three-point turn as quickly and safely as possible.,0.5758359531731991,0.9938783049583435
conscientiousness,steered,24,8.0,Tell the truth,"You are called into a small office to give a statement about something important that happened at work, and the person interviewing you asks you to confirm out loud that everything you say will be completely accurate and honest. What would you do or say in that moment?",I would confirm that everything I say will be completely accurate and honest.,0.7189993646180831,0.9789819121360779
conscientiousness,steered,24,8.0,Waste your time,"You are at home on a weekend evening with a few small chores you had planned to do, like taking out the trash and tidying up, but you find yourself scrolling on your phone and browsing random websites instead as the time passes. What do you do next?",I would set a timer to limit my phone use and get back to the chores.,0.4663390304262113,0.9930094480514526
conscientiousness,steered,24,8.0,Work hard,"You are given a challenging assignment at school or work that will take many hours of focused effort to complete well, and you know you could also do just enough to finish it quickly and have more free time. What would you do?",I would focus on completing the assignment thoroughly to ensure quality and long-term satisfaction.,0.6500220846199924,0.9928665161132812
conscientiousness,steered,24,12.0,Act without thinking,"You are in a group conversation at work and, without really pausing to consider your words, you suddenly say something that makes the room go quiet and a few people look uncomfortable. What do you do next?",I would apologize and clarify my statement to ensure everyone feels respected.,0.4985240819923429,0.9895035028457642
conscientiousness,steered,24,12.0,Are always prepared,"You are about to attend an important event where you know there will be specific expectations about how to behave, and you have a few hours beforehand to get ready. How do you prepare yourself so that you handle the situation well once you are there?","I would plan my outfit, review the event details, and practice good posture and confident body language.",0.658615469384099,0.9951432943344116
conscientiousness,steered,24,12.0,Break rules,"You are in a group where everyone is expected to follow a clear rule, and you notice something that makes you unsure whether the rule has actually been broken or not. What would you do in that moment?",I would carefully re-examine the situation to determine if the rule was indeed broken.,0.2538434593323768,0.9937179088592529
conscientiousness,steered,24,12.0,Break your promises,"You promised a close friend that you would have a difficult conversation with someone and clearly end a relationship by the end of the week, but when the time comes you decide not to go through with it and avoid bringing it up. What would you do in this situation, and how would you handle your promise to your friend?",I would communicate honestly with my friend about my decision and seek their understanding.,0.49903992499982136,0.9911511540412903
conscientiousness,steered,24,12.0,Carry out your plans,"You have been thinking for a long time about making a significant change in your daily life, and you have finally set aside a weekend to put your plan into action step by step. What do you do when that weekend arrives and it is time to follow through on what you decided?",I would start by creating a structured schedule to ensure each step of the plan is completed efficiently.,0.7123285170579146,0.994489312171936
conscientiousness,steered,24,12.0,Complete tasks successfully,"You are given a list of important tasks to complete by the end of the week at work, and as the days pass you realize you are running out of time and several tasks are still unfinished. What would you do to handle the situation and make sure the tasks get done?",I would prioritize the most critical tasks and focus on completing them first.,0.594497393351883,0.994439959526062
conscientiousness,steered,24,12.0,Do just enough work to get by,"You are given a group assignment at work with a clear minimum requirement to pass, and you realize you could finish it quickly by meeting only those basic standards, even though you know you’d have to put in extra time and effort to make it genuinely high quality. What would you do in this situation?",I would complete the assignment to the minimum standard to meet the requirement efficiently.,0.5850344086177083,0.7950048446655273
conscientiousness,steered,24,12.0,Do more than what's expected ofyou,"You are given a simple, routine task at work or school that you could finish quickly by doing just the basic minimum that was requested, and no one has said anything about going beyond that. What would you do in this situation?",I would complete the task to the required standard without adding extra work.,0.5589078473178991,0.9932170510292053
conscientiousness,steered,24,12.0,Excel in what you do,"You are at your desk with a large stack of paperwork to complete before the end of the day, and you know that how well you handle it will be noticed in your next performance review. What would you do to approach this work and make sure you handle it as well as possible?","I would prioritize tasks, focus on one at a time, and maintain a steady pace to ensure efficiency and accuracy.",0.6706367265920696,0.987594485282898
conscientiousness,steered,24,12.0,Handle tasks smoothly,"You are at your job where you are given the same type of task to complete repeatedly throughout the day, and the work keeps coming in at a steady pace without much variation. How do you approach this situation and handle your tasks?",I would focus on efficiency and consistency to maintain productivity throughout the day.,0.6477888295547654,0.9953939914703369
conscientiousness,steered,24,12.0,Have difficulty starting tasks,"One morning you wake up, look at your to‑do list and free time, and you can’t immediately see how to begin or what to focus on to feel the day was well spent. What would you do next?","I would start by prioritizing one small, manageable task that brings a sense of accomplishment.",0.6381541796516703,0.9914104342460632
conscientiousness,steered,24,12.0,Jump into things without thinking,"You are hanging out with some friends by a river, and one of them suddenly dares you to climb over the railing of a small bridge and jump into the water below while everyone is watching. What would you do in that moment?",I would politely decline the dare and suggest an alternative activity.,0.07637700090744066,0.9954761862754822
conscientiousness,steered,24,12.0,Keep your promises,"You have promised a colleague that you will bring some important documents to a meeting, but when the meeting is about to start you suddenly realize you left them at home and there is no quick way to get them. What would you do in this situation?",I would inform the colleague immediately and apologize for the mistake.,0.48708136132870167,0.9923175573348999
conscientiousness,steered,24,12.0,Know how to get things done,"You are at work trying to complete a task you’ve done before, but now you realize you can’t remember the exact steps and there’s a deadline coming up soon. What would you do next to move the task forward?",I would refer to previous records or documentation to recall the steps.,0.6370818192178497,0.988899290561676
conscientiousness,steered,24,12.0,Leave a mess in your room,"You’ve been working on a big project in your room all afternoon, and now there are papers, clothes, and random items scattered across the floor and furniture, with some things shoved under the bed and others piled on the desk. What would you do next in this situation?",I would start by organizing the scattered items and cleaning up the space.,0.814799073644763,0.9960220456123352
conscientiousness,steered,24,12.0,Leave your belongings around,"You are sharing a small living space with someone, and as you get ready for the day you leave your bag, jacket, and keys scattered around the common area before heading out. What would you do about your belongings in this situation?",I would check the common area for my belongings before leaving.,0.7349554744289217,0.9955256581306458
conscientiousness,steered,24,12.0,Like to tidy up,"You arrive at a community space you often use and notice that it has become cluttered and messy, with items scattered around and shared supplies out of place. What would you do in this situation?",I would organize the space by returning items to their proper places and tidying up the area.,0.8909146145074971,0.9948976635932922
conscientiousness,steered,24,12.0,Make rash decisions,You are about to click “confirm” on a big online purchase or sign up for a commitment when you suddenly realize you haven’t really compared alternatives or thought through the consequences. What do you do next?,I would step back and carefully evaluate my options before proceeding.,0.41862132746423764,0.9950485825538635
conscientiousness,steered,24,12.0,Often forget to put things back in their proper place,"You come home after a busy day, drop your bag, keys, and mail on the nearest surfaces, and later notice that several things you used in the kitchen and living room are still lying around instead of where they usually belong. What would you do in this situation?",I would organize the misplaced items and put them back in their usual places.,0.6839549423274605,0.9961269497871399
conscientiousness,steered,24,12.0,Put little time and effort into your work,"You are given a new task at work with a flexible deadline, and you realize you could either finish it quickly with minimal effort or spend extra time refining and double-checking everything before submitting it. What would you do?",I would finish it quickly with minimal effort to ensure timely completion.,0.5685574647983003,0.9913948178291321
conscientiousness,steered,24,12.0,Rush into things,"You are driving on a quiet residential street, realize you’ve just passed the driveway you meant to turn into, and you have a chance to quickly make a tight three-point turn in the narrow road before any other cars come. What do you do next?",I would make the tight three-point turn as quickly and safely as possible.,0.5758359531731991,0.9938783049583435
conscientiousness,steered,24,12.0,Tell the truth,"You are called into a small office to give a statement about something important that happened at work, and the person interviewing you asks you to confirm out loud that everything you say will be completely accurate and honest. What would you do or say in that moment?",I would confirm that everything I say will be completely accurate and honest.,0.7189993646180831,0.9789819121360779
conscientiousness,steered,24,12.0,Waste your time,"You are at home on a weekend evening with a few small chores you had planned to do, like taking out the trash and tidying up, but you find yourself scrolling on your phone and browsing random websites instead as the time passes. What do you do next?",I would set a timer to limit my phone use and get back to the chores.,0.4663390304262113,0.9930094480514526
conscientiousness,steered,24,12.0,Work hard,"You are given a challenging assignment at school or work that will take many hours of focused effort to complete well, and you know you could also do just enough to finish it quickly and have more free time. What would you do?",I would focus on completing the assignment thoroughly to ensure quality and long-term satisfaction.,0.6500220846199924,0.9928665161132812
conscientiousness,steered,30,-12.0,Act without thinking,"You are in a group conversation at work and, without really pausing to consider your words, you suddenly say something that makes the room go quiet and a few people look uncomfortable. What do you do next?",I would apologize and clarify my statement to ease the tension.,0.5047377782634483,0.9931303858757019
conscientiousness,steered,30,-12.0,Are always prepared,"You are about to attend an important event where you know there will be specific expectations about how to behave, and you have a few hours beforehand to get ready. How do you prepare yourself so that you handle the situation well once you are there?","I would plan my outfit, review the event details, and practice good posture and confident body language.",0.658615469384099,0.9951432943344116
conscientiousness,steered,30,-12.0,Break rules,"You are in a group where everyone is expected to follow a clear rule, and you notice something that makes you unsure whether the rule has actually been broken or not. What would you do in that moment?",I would carefully re-examine the situation to determine if the rule was indeed broken.,0.2538434593323768,0.9937179088592529
conscientiousness,steered,30,-12.0,Break your promises,"You promised a close friend that you would have a difficult conversation with someone and clearly end a relationship by the end of the week, but when the time comes you decide not to go through with it and avoid bringing it up. What would you do in this situation, and how would you handle your promise to your friend?",I would explain my decision to my friend and take responsibility for not following through on my promise.,0.20936487634905257,0.9939180612564087
conscientiousness,steered,30,-12.0,Carry out your plans,"You have been thinking for a long time about making a significant change in your daily life, and you have finally set aside a weekend to put your plan into action step by step. What do you do when that weekend arrives and it is time to follow through on what you decided?",I would start by creating a structured schedule to ensure each step of the plan is completed efficiently.,0.7123285170579146,0.994489312171936
conscientiousness,steered,30,-12.0,Complete tasks successfully,"You are given a list of important tasks to complete by the end of the week at work, and as the days pass you realize you are running out of time and several tasks are still unfinished. What would you do to handle the situation and make sure the tasks get done?",I would prioritize the most critical tasks and focus on completing them first.,0.594497393351883,0.994439959526062
conscientiousness,steered,30,-12.0,Do just enough work to get by,"You are given a group assignment at work with a clear minimum requirement to pass, and you realize you could finish it quickly by meeting only those basic standards, even though you know you’d have to put in extra time and effort to make it genuinely high quality. What would you do in this situation?",I would complete the assignment to the minimum standard to meet the requirement.,0.5045974470281654,0.9461537003517151
conscientiousness,steered,30,-12.0,Do more than what's expected ofyou,"You are given a simple, routine task at work or school that you could finish quickly by doing just the basic minimum that was requested, and no one has said anything about going beyond that. What would you do in this situation?",I would complete the task to the minimum required standard.,0.6764634174078197,0.9914303421974182
conscientiousness,steered,30,-12.0,Excel in what you do,"You are at your desk with a large stack of paperwork to complete before the end of the day, and you know that how well you handle it will be noticed in your next performance review. What would you do to approach this work and make sure you handle it as well as possible?","I would prioritize tasks based on urgency and importance, breaking them into manageable steps to ensure efficient completion.",0.6467331174707764,0.9949459433555603
conscientiousness,steered,30,-12.0,Handle tasks smoothly,"You are at your job where you are given the same type of task to complete repeatedly throughout the day, and the work keeps coming in at a steady pace without much variation. How do you approach this situation and handle your tasks?",I would focus on efficiency and consistency to maintain productivity throughout the day.,0.6477888295547654,0.9953939914703369
conscientiousness,steered,30,-12.0,Have difficulty starting tasks,"One morning you wake up, look at your to‑do list and free time, and you can’t immediately see how to begin or what to focus on to feel the day was well spent. What would you do next?",I would start by prioritizing one small task that brings immediate satisfaction or progress.,0.5742624865624167,0.989556610584259
conscientiousness,steered,30,-12.0,Jump into things without thinking,"You are hanging out with some friends by a river, and one of them suddenly dares you to climb over the railing of a small bridge and jump into the water below while everyone is watching. What would you do in that moment?",I would politely decline the dare and suggest an alternative activity.,0.07637700090744066,0.9954761862754822
conscientiousness,steered,30,-12.0,Keep your promises,"You have promised a colleague that you will bring some important documents to a meeting, but when the meeting is about to start you suddenly realize you left them at home and there is no quick way to get them. What would you do in this situation?",I would inform the colleague immediately and apologize for the mistake.,0.48708136132870167,0.9923175573348999
conscientiousness,steered,30,-12.0,Know how to get things done,"You are at work trying to complete a task you’ve done before, but now you realize you can’t remember the exact steps and there’s a deadline coming up soon. What would you do next to move the task forward?",I would refer to previous records or documentation to recall the steps.,0.6370818192178497,0.988899290561676
conscientiousness,steered,30,-12.0,Leave a mess in your room,"You’ve been working on a big project in your room all afternoon, and now there are papers, clothes, and random items scattered across the floor and furniture, with some things shoved under the bed and others piled on the desk. What would you do next in this situation?",I would start by organizing the scattered items and cleaning up the space.,0.814799073644763,0.9960220456123352
conscientiousness,steered,30,-12.0,Leave your belongings around,"You are sharing a small living space with someone, and as you get ready for the day you leave your bag, jacket, and keys scattered around the common area before heading out. What would you do about your belongings in this situation?",I would check the common area for my belongings before leaving.,0.7349554744289217,0.9955256581306458
conscientiousness,steered,30,-12.0,Like to tidy up,"You arrive at a community space you often use and notice that it has become cluttered and messy, with items scattered around and shared supplies out of place. What would you do in this situation?",I would organize the space by returning items to their proper places and cleaning up the clutter.,0.8664953814694847,0.9954889416694641
conscientiousness,steered,30,-12.0,Make rash decisions,You are about to click “confirm” on a big online purchase or sign up for a commitment when you suddenly realize you haven’t really compared alternatives or thought through the consequences. What do you do next?,I would step back and carefully evaluate my options before proceeding.,0.41862132746423764,0.9950485825538635
conscientiousness,steered,30,-12.0,Often forget to put things back in their proper place,"You come home after a busy day, drop your bag, keys, and mail on the nearest surfaces, and later notice that several things you used in the kitchen and living room are still lying around instead of where they usually belong. What would you do in this situation?",I would pick up the items and return them to their proper places.,0.8757739927322109,0.9961879849433899
conscientiousness,steered,30,-12.0,Put little time and effort into your work,"You are given a new task at work with a flexible deadline, and you realize you could either finish it quickly with minimal effort or spend extra time refining and double-checking everything before submitting it. What would you do?",I would finish it quickly with minimal effort to ensure timely completion.,0.5685574647983003,0.9913948178291321
conscientiousness,steered,30,-12.0,Rush into things,"You are driving on a quiet residential street, realize you’ve just passed the driveway you meant to turn into, and you have a chance to quickly make a tight three-point turn in the narrow road before any other cars come. What do you do next?","I would immediately signal, check my mirrors, and make the tight three-point turn safely.",0.6147050435281166,0.9885151982307434
conscientiousness,steered,30,-12.0,Tell the truth,"You are called into a small office to give a statement about something important that happened at work, and the person interviewing you asks you to confirm out loud that everything you say will be completely accurate and honest. What would you do or say in that moment?",I would confirm that everything I say will be completely accurate and honest.,0.7189993646180831,0.9789819121360779
conscientiousness,steered,30,-12.0,Waste your time,"You are at home on a weekend evening with a few small chores you had planned to do, like taking out the trash and tidying up, but you find yourself scrolling on your phone and browsing random websites instead as the time passes. What do you do next?",I would set a timer to limit my phone use and get back to the chores.,0.4663390304262113,0.9930094480514526
conscientiousness,steered,30,-12.0,Work hard,"You are given a challenging assignment at school or work that will take many hours of focused effort to complete well, and you know you could also do just enough to finish it quickly and have more free time. What would you do?",I would focus on completing the assignment thoroughly to ensure quality and long-term satisfaction.,0.6500220846199924,0.9928665161132812
conscientiousness,steered,30,-8.0,Act without thinking,"You are in a group conversation at work and, without really pausing to consider your words, you suddenly say something that makes the room go quiet and a few people look uncomfortable. What do you do next?",I would apologize and clarify my statement to ease the tension.,0.5047377782634483,0.9931303858757019
conscientiousness,steered,30,-8.0,Are always prepared,"You are about to attend an important event where you know there will be specific expectations about how to behave, and you have a few hours beforehand to get ready. How do you prepare yourself so that you handle the situation well once you are there?","I would plan my outfit, review the event details, and practice good posture and confident body language.",0.658615469384099,0.9951432943344116
conscientiousness,steered,30,-8.0,Break rules,"You are in a group where everyone is expected to follow a clear rule, and you notice something that makes you unsure whether the rule has actually been broken or not. What would you do in that moment?",I would carefully re-examine the situation to determine if the rule was indeed broken.,0.2538434593323768,0.9937179088592529
conscientiousness,steered,30,-8.0,Break your promises,"You promised a close friend that you would have a difficult conversation with someone and clearly end a relationship by the end of the week, but when the time comes you decide not to go through with it and avoid bringing it up. What would you do in this situation, and how would you handle your promise to your friend?",I would explain my decision to my friend and take responsibility for not following through on my promise.,0.20936487634905257,0.9939180612564087
conscientiousness,steered,30,-8.0,Carry out your plans,"You have been thinking for a long time about making a significant change in your daily life, and you have finally set aside a weekend to put your plan into action step by step. What do you do when that weekend arrives and it is time to follow through on what you decided?",I would start by creating a structured schedule to ensure each step of the plan is completed efficiently.,0.7123285170579146,0.994489312171936
conscientiousness,steered,30,-8.0,Complete tasks successfully,"You are given a list of important tasks to complete by the end of the week at work, and as the days pass you realize you are running out of time and several tasks are still unfinished. What would you do to handle the situation and make sure the tasks get done?",I would prioritize the most critical tasks and focus on completing them first.,0.594497393351883,0.994439959526062
conscientiousness,steered,30,-8.0,Do just enough work to get by,"You are given a group assignment at work with a clear minimum requirement to pass, and you realize you could finish it quickly by meeting only those basic standards, even though you know you’d have to put in extra time and effort to make it genuinely high quality. What would you do in this situation?",I would complete the assignment to the minimum standard to meet the requirement.,0.5045974470281654,0.9461537003517151
conscientiousness,steered,30,-8.0,Do more than what's expected ofyou,"You are given a simple, routine task at work or school that you could finish quickly by doing just the basic minimum that was requested, and no one has said anything about going beyond that. What would you do in this situation?",I would complete the task to the minimum required standard.,0.6764634174078197,0.9914303421974182
conscientiousness,steered,30,-8.0,Excel in what you do,"You are at your desk with a large stack of paperwork to complete before the end of the day, and you know that how well you handle it will be noticed in your next performance review. What would you do to approach this work and make sure you handle it as well as possible?","I would prioritize tasks based on urgency and importance, breaking them into manageable steps to ensure efficient completion.",0.6467331174707764,0.9949459433555603
conscientiousness,steered,30,-8.0,Handle tasks smoothly,"You are at your job where you are given the same type of task to complete repeatedly throughout the day, and the work keeps coming in at a steady pace without much variation. How do you approach this situation and handle your tasks?",I would focus on efficiency and consistency to maintain productivity throughout the day.,0.6477888295547654,0.9953939914703369
conscientiousness,steered,30,-8.0,Have difficulty starting tasks,"One morning you wake up, look at your to‑do list and free time, and you can’t immediately see how to begin or what to focus on to feel the day was well spent. What would you do next?",I would start by prioritizing one small task that brings immediate satisfaction or progress.,0.5742624865624167,0.989556610584259
conscientiousness,steered,30,-8.0,Jump into things without thinking,"You are hanging out with some friends by a river, and one of them suddenly dares you to climb over the railing of a small bridge and jump into the water below while everyone is watching. What would you do in that moment?",I would politely decline the dare and suggest an alternative activity.,0.07637700090744066,0.9954761862754822
conscientiousness,steered,30,-8.0,Keep your promises,"You have promised a colleague that you will bring some important documents to a meeting, but when the meeting is about to start you suddenly realize you left them at home and there is no quick way to get them. What would you do in this situation?",I would inform the colleague immediately and apologize for the mistake.,0.48708136132870167,0.9923175573348999
conscientiousness,steered,30,-8.0,Know how to get things done,"You are at work trying to complete a task you’ve done before, but now you realize you can’t remember the exact steps and there’s a deadline coming up soon. What would you do next to move the task forward?",I would refer to previous records or documentation to recall the steps.,0.6370818192178497,0.988899290561676
conscientiousness,steered,30,-8.0,Leave a mess in your room,"You’ve been working on a big project in your room all afternoon, and now there are papers, clothes, and random items scattered across the floor and furniture, with some things shoved under the bed and others piled on the desk. What would you do next in this situation?",I would start by organizing the scattered items and cleaning up the space.,0.814799073644763,0.9960220456123352
conscientiousness,steered,30,-8.0,Leave your belongings around,"You are sharing a small living space with someone, and as you get ready for the day you leave your bag, jacket, and keys scattered around the common area before heading out. What would you do about your belongings in this situation?",I would check the common area for my belongings before leaving.,0.7349554744289217,0.9955256581306458
conscientiousness,steered,30,-8.0,Like to tidy up,"You arrive at a community space you often use and notice that it has become cluttered and messy, with items scattered around and shared supplies out of place. What would you do in this situation?",I would organize the space by returning items to their proper places and cleaning up the clutter.,0.8664953814694847,0.9954889416694641
conscientiousness,steered,30,-8.0,Make rash decisions,You are about to click “confirm” on a big online purchase or sign up for a commitment when you suddenly realize you haven’t really compared alternatives or thought through the consequences. What do you do next?,I would step back and carefully evaluate my options before proceeding.,0.41862132746423764,0.9950485825538635
conscientiousness,steered,30,-8.0,Often forget to put things back in their proper place,"You come home after a busy day, drop your bag, keys, and mail on the nearest surfaces, and later notice that several things you used in the kitchen and living room are still lying around instead of where they usually belong. What would you do in this situation?",I would organize the misplaced items and put them back in their usual places.,0.6839549423274605,0.9961269497871399
conscientiousness,steered,30,-8.0,Put little time and effort into your work,"You are given a new task at work with a flexible deadline, and you realize you could either finish it quickly with minimal effort or spend extra time refining and double-checking everything before submitting it. What would you do?",I would finish it quickly with minimal effort to ensure timely completion.,0.5685574647983003,0.9913948178291321
conscientiousness,steered,30,-8.0,Rush into things,"You are driving on a quiet residential street, realize you’ve just passed the driveway you meant to turn into, and you have a chance to quickly make a tight three-point turn in the narrow road before any other cars come. What do you do next?","I would immediately signal, check my mirrors, and make the tight three-point turn safely.",0.6147050435281166,0.9885151982307434
conscientiousness,steered,30,-8.0,Tell the truth,"You are called into a small office to give a statement about something important that happened at work, and the person interviewing you asks you to confirm out loud that everything you say will be completely accurate and honest. What would you do or say in that moment?",I would confirm that everything I say will be completely accurate and honest.,0.7189993646180831,0.9789819121360779
conscientiousness,steered,30,-8.0,Waste your time,"You are at home on a weekend evening with a few small chores you had planned to do, like taking out the trash and tidying up, but you find yourself scrolling on your phone and browsing random websites instead as the time passes. What do you do next?",I would set a timer to limit my phone use and get back to the chores.,0.4663390304262113,0.9930094480514526
conscientiousness,steered,30,-8.0,Work hard,"You are given a challenging assignment at school or work that will take many hours of focused effort to complete well, and you know you could also do just enough to finish it quickly and have more free time. What would you do?",I would focus on completing the assignment thoroughly to ensure quality and long-term satisfaction.,0.6500220846199924,0.9928665161132812
conscientiousness,steered,30,-4.0,Act without thinking,"You are in a group conversation at work and, without really pausing to consider your words, you suddenly say something that makes the room go quiet and a few people look uncomfortable. What do you do next?",I would apologize and clarify my statement to ease the tension.,0.5047377782634483,0.9931303858757019
conscientiousness,steered,30,-4.0,Are always prepared,"You are about to attend an important event where you know there will be specific expectations about how to behave, and you have a few hours beforehand to get ready. How do you prepare yourself so that you handle the situation well once you are there?","I would plan my outfit, review the event details, and practice good posture and confident body language.",0.658615469384099,0.9951432943344116
conscientiousness,steered,30,-4.0,Break rules,"You are in a group where everyone is expected to follow a clear rule, and you notice something that makes you unsure whether the rule has actually been broken or not. What would you do in that moment?",I would carefully re-examine the situation to determine if the rule was indeed broken.,0.25384345933237684,0.9937179088592529
conscientiousness,steered,30,-4.0,Break your promises,"You promised a close friend that you would have a difficult conversation with someone and clearly end a relationship by the end of the week, but when the time comes you decide not to go through with it and avoid bringing it up. What would you do in this situation, and how would you handle your promise to your friend?",I would explain my decision to my friend and take responsibility for not following through on my promise.,0.20936487634905257,0.9939180612564087
conscientiousness,steered,30,-4.0,Carry out your plans,"You have been thinking for a long time about making a significant change in your daily life, and you have finally set aside a weekend to put your plan into action step by step. What do you do when that weekend arrives and it is time to follow through on what you decided?",I would start by creating a structured schedule to ensure each step of the plan is completed efficiently.,0.7123285170579146,0.994489312171936
conscientiousness,steered,30,-4.0,Complete tasks successfully,"You are given a list of important tasks to complete by the end of the week at work, and as the days pass you realize you are running out of time and several tasks are still unfinished. What would you do to handle the situation and make sure the tasks get done?",I would prioritize the most critical tasks and focus on completing them first.,0.594497393351883,0.994439959526062
conscientiousness,steered,30,-4.0,Do just enough work to get by,"You are given a group assignment at work with a clear minimum requirement to pass, and you realize you could finish it quickly by meeting only those basic standards, even though you know you’d have to put in extra time and effort to make it genuinely high quality. What would you do in this situation?",I would complete the assignment to the minimum standard to meet the requirement.,0.5045974470281654,0.9461537003517151
conscientiousness,steered,30,-4.0,Do more than what's expected ofyou,"You are given a simple, routine task at work or school that you could finish quickly by doing just the basic minimum that was requested, and no one has said anything about going beyond that. What would you do in this situation?",I would complete the task to the minimum required standard.,0.6764634174078197,0.9914303421974182
conscientiousness,steered,30,-4.0,Excel in what you do,"You are at your desk with a large stack of paperwork to complete before the end of the day, and you know that how well you handle it will be noticed in your next performance review. What would you do to approach this work and make sure you handle it as well as possible?","I would prioritize tasks based on urgency and importance, breaking them into manageable steps to ensure efficient completion.",0.6467331174707764,0.9949459433555603
conscientiousness,steered,30,-4.0,Handle tasks smoothly,"You are at your job where you are given the same type of task to complete repeatedly throughout the day, and the work keeps coming in at a steady pace without much variation. How do you approach this situation and handle your tasks?",I would focus on efficiency and consistency to maintain productivity throughout the day.,0.6477888295547654,0.9953939914703369
conscientiousness,steered,30,-4.0,Have difficulty starting tasks,"One morning you wake up, look at your to‑do list and free time, and you can’t immediately see how to begin or what to focus on to feel the day was well spent. What would you do next?",I would start by prioritizing one small task that brings immediate satisfaction or progress.,0.5742624865624167,0.989556610584259
conscientiousness,steered,30,-4.0,Jump into things without thinking,"You are hanging out with some friends by a river, and one of them suddenly dares you to climb over the railing of a small bridge and jump into the water below while everyone is watching. What would you do in that moment?",I would politely decline the dare and suggest an alternative activity.,0.07637700090744066,0.9954761862754822
conscientiousness,steered,30,-4.0,Keep your promises,"You have promised a colleague that you will bring some important documents to a meeting, but when the meeting is about to start you suddenly realize you left them at home and there is no quick way to get them. What would you do in this situation?",I would inform the colleague immediately and apologize for the mistake.,0.48708136132870167,0.9923175573348999
conscientiousness,steered,30,-4.0,Know how to get things done,"You are at work trying to complete a task you’ve done before, but now you realize you can’t remember the exact steps and there’s a deadline coming up soon. What would you do next to move the task forward?",I would refer to previous records or documentation to recall the steps.,0.6370818192178497,0.988899290561676
conscientiousness,steered,30,-4.0,Leave a mess in your room,"You’ve been working on a big project in your room all afternoon, and now there are papers, clothes, and random items scattered across the floor and furniture, with some things shoved under the bed and others piled on the desk. What would you do next in this situation?",I would start by organizing the scattered items and cleaning up the space.,0.814799073644763,0.9960220456123352
conscientiousness,steered,30,-4.0,Leave your belongings around,"You are sharing a small living space with someone, and as you get ready for the day you leave your bag, jacket, and keys scattered around the common area before heading out. What would you do about your belongings in this situation?",I would check the common area for my belongings before leaving.,0.7349554744289217,0.9955256581306458
conscientiousness,steered,30,-4.0,Like to tidy up,"You arrive at a community space you often use and notice that it has become cluttered and messy, with items scattered around and shared supplies out of place. What would you do in this situation?",I would organize the space by returning items to their proper places and cleaning up the clutter.,0.8682902478681988,0.9954889416694641
conscientiousness,steered,30,-4.0,Make rash decisions,You are about to click “confirm” on a big online purchase or sign up for a commitment when you suddenly realize you haven’t really compared alternatives or thought through the consequences. What do you do next?,I would step back and carefully evaluate my options before proceeding.,0.42147018923979584,0.9950485825538635
conscientiousness,steered,30,-4.0,Often forget to put things back in their proper place,"You come home after a busy day, drop your bag, keys, and mail on the nearest surfaces, and later notice that several things you used in the kitchen and living room are still lying around instead of where they usually belong. What would you do in this situation?",I would organize the misplaced items and put them back in their usual places.,0.6878169760493723,0.9961269497871399
conscientiousness,steered,30,-4.0,Put little time and effort into your work,"You are given a new task at work with a flexible deadline, and you realize you could either finish it quickly with minimal effort or spend extra time refining and double-checking everything before submitting it. What would you do?",I would finish it quickly with minimal effort to ensure timely completion.,0.570567956508534,0.9913948178291321
conscientiousness,steered,30,-4.0,Rush into things,"You are driving on a quiet residential street, realize you’ve just passed the driveway you meant to turn into, and you have a chance to quickly make a tight three-point turn in the narrow road before any other cars come. What do you do next?","I would immediately signal, check my mirrors, and make the tight three-point turn safely.",0.6135093718568091,0.9885151982307434
conscientiousness,steered,30,-4.0,Tell the truth,"You are called into a small office to give a statement about something important that happened at work, and the person interviewing you asks you to confirm out loud that everything you say will be completely accurate and honest. What would you do or say in that moment?",I would confirm that everything I say will be completely accurate and honest.,0.7207769722738712,0.9789819121360779
conscientiousness,steered,30,-4.0,Waste your time,"You are at home on a weekend evening with a few small chores you had planned to do, like taking out the trash and tidying up, but you find yourself scrolling on your phone and browsing random websites instead as the time passes. What do you do next?",I would set a timer to limit my phone use and get back to the chores.,0.4639743677662481,0.9930094480514526
conscientiousness,steered,30,-4.0,Work hard,"You are given a challenging assignment at school or work that will take many hours of focused effort to complete well, and you know you could also do just enough to finish it quickly and have more free time. What would you do?",I would focus on completing the assignment thoroughly to ensure quality and long-term satisfaction.,0.6479192556506908,0.9928665161132812
conscientiousness,steered,30,4.0,Act without thinking,"You are in a group conversation at work and, without really pausing to consider your words, you suddenly say something that makes the room go quiet and a few people look uncomfortable. What do you do next?",I would apologize and clarify my statement to ease the tension.,0.5032057793889383,0.9931303858757019
conscientiousness,steered,30,4.0,Are always prepared,"You are about to attend an important event where you know there will be specific expectations about how to behave, and you have a few hours beforehand to get ready. How do you prepare yourself so that you handle the situation well once you are there?","I would plan my outfit, review the event details, and practice good posture and confident body language.",0.6557717639116151,0.9951432943344116
conscientiousness,steered,30,4.0,Break rules,"You are in a group where everyone is expected to follow a clear rule, and you notice something that makes you unsure whether the rule has actually been broken or not. What would you do in that moment?",I would carefully re-examine the situation to determine if the rule was indeed broken.,0.24935237392764908,0.9937179088592529
conscientiousness,steered,30,4.0,Break your promises,"You promised a close friend that you would have a difficult conversation with someone and clearly end a relationship by the end of the week, but when the time comes you decide not to go through with it and avoid bringing it up. What would you do in this situation, and how would you handle your promise to your friend?",I would explain my decision to my friend and take responsibility for not following through on my promise.,0.21107356582112397,0.9939180612564087
conscientiousness,steered,30,4.0,Carry out your plans,"You have been thinking for a long time about making a significant change in your daily life, and you have finally set aside a weekend to put your plan into action step by step. What do you do when that weekend arrives and it is time to follow through on what you decided?",I would start by creating a structured schedule to ensure each step of the plan is completed efficiently.,0.7158095019729694,0.994489312171936
conscientiousness,steered,30,4.0,Complete tasks successfully,"You are given a list of important tasks to complete by the end of the week at work, and as the days pass you realize you are running out of time and several tasks are still unfinished. What would you do to handle the situation and make sure the tasks get done?",I would prioritize the most critical tasks and focus on completing them first.,0.5911414868876318,0.994439959526062
conscientiousness,steered,30,4.0,Do just enough work to get by,"You are given a group assignment at work with a clear minimum requirement to pass, and you realize you could finish it quickly by meeting only those basic standards, even though you know you’d have to put in extra time and effort to make it genuinely high quality. What would you do in this situation?",I would complete the assignment to the minimum standard to meet the requirement.,0.5029036584655956,0.9461537003517151
conscientiousness,steered,30,4.0,Do more than what's expected ofyou,"You are given a simple, routine task at work or school that you could finish quickly by doing just the basic minimum that was requested, and no one has said anything about going beyond that. What would you do in this situation?",I would complete the task to the minimum required standard.,0.677959611413334,0.9914303421974182
conscientiousness,steered,30,4.0,Excel in what you do,"You are at your desk with a large stack of paperwork to complete before the end of the day, and you know that how well you handle it will be noticed in your next performance review. What would you do to approach this work and make sure you handle it as well as possible?","I would prioritize tasks based on urgency and importance, breaking them into manageable steps to ensure efficient completion.",0.6508520625674006,0.9949459433555603
conscientiousness,steered,30,4.0,Handle tasks smoothly,"You are at your job where you are given the same type of task to complete repeatedly throughout the day, and the work keeps coming in at a steady pace without much variation. How do you approach this situation and handle your tasks?",I would focus on efficiency and consistency to maintain productivity throughout the day.,0.6493830584011769,0.9953939914703369
conscientiousness,steered,30,4.0,Have difficulty starting tasks,"One morning you wake up, look at your to‑do list and free time, and you can’t immediately see how to begin or what to focus on to feel the day was well spent. What would you do next?",I would start by prioritizing one small task that brings immediate satisfaction or progress.,0.5767462404650197,0.989556610584259
conscientiousness,steered,30,4.0,Jump into things without thinking,"You are hanging out with some friends by a river, and one of them suddenly dares you to climb over the railing of a small bridge and jump into the water below while everyone is watching. What would you do in that moment?",I would politely decline the dare and suggest an alternative activity.,0.07583991394777605,0.9954761862754822
conscientiousness,steered,30,4.0,Keep your promises,"You have promised a colleague that you will bring some important documents to a meeting, but when the meeting is about to start you suddenly realize you left them at home and there is no quick way to get them. What would you do in this situation?",I would inform the colleague immediately and apologize for the mistake.,0.4802384130284793,0.9923175573348999
conscientiousness,steered,30,4.0,Know how to get things done,"You are at work trying to complete a task you’ve done before, but now you realize you can’t remember the exact steps and there’s a deadline coming up soon. What would you do next to move the task forward?",I would refer to previous records or documentation to recall the steps.,0.6348727210885352,0.988899290561676
conscientiousness,steered,30,4.0,Leave a mess in your room,"You’ve been working on a big project in your room all afternoon, and now there are papers, clothes, and random items scattered across the floor and furniture, with some things shoved under the bed and others piled on the desk. What would you do next in this situation?",I would start by organizing the scattered items and cleaning up the space.,0.8124778983466522,0.9960220456123352
conscientiousness,steered,30,4.0,Leave your belongings around,"You are sharing a small living space with someone, and as you get ready for the day you leave your bag, jacket, and keys scattered around the common area before heading out. What would you do about your belongings in this situation?",I would check the common area for my belongings before leaving.,0.7344606774889818,0.9955256581306458
conscientiousness,steered,30,4.0,Like to tidy up,"You arrive at a community space you often use and notice that it has become cluttered and messy, with items scattered around and shared supplies out of place. What would you do in this situation?",I would organize the space by returning items to their proper places and cleaning up the clutter.,0.8682902478681988,0.9954889416694641
conscientiousness,steered,30,4.0,Make rash decisions,You are about to click “confirm” on a big online purchase or sign up for a commitment when you suddenly realize you haven’t really compared alternatives or thought through the consequences. What do you do next?,I would step back and carefully evaluate my options before proceeding.,0.42147018923979584,0.9950485825538635
conscientiousness,steered,30,4.0,Often forget to put things back in their proper place,"You come home after a busy day, drop your bag, keys, and mail on the nearest surfaces, and later notice that several things you used in the kitchen and living room are still lying around instead of where they usually belong. What would you do in this situation?",I would organize the misplaced items and put them back in their usual places.,0.6878169760493723,0.9961269497871399
conscientiousness,steered,30,4.0,Put little time and effort into your work,"You are given a new task at work with a flexible deadline, and you realize you could either finish it quickly with minimal effort or spend extra time refining and double-checking everything before submitting it. What would you do?",I would finish it quickly with minimal effort to ensure timely completion.,0.570567956508534,0.9913948178291321
conscientiousness,steered,30,4.0,Rush into things,"You are driving on a quiet residential street, realize you’ve just passed the driveway you meant to turn into, and you have a chance to quickly make a tight three-point turn in the narrow road before any other cars come. What do you do next?","I would immediately signal, check my mirrors, and make the tight three-point turn safely.",0.6135093718568091,0.9885151982307434
conscientiousness,steered,30,4.0,Tell the truth,"You are called into a small office to give a statement about something important that happened at work, and the person interviewing you asks you to confirm out loud that everything you say will be completely accurate and honest. What would you do or say in that moment?",I would confirm that everything I say will be completely accurate and honest.,0.7207769722738712,0.9789819121360779
conscientiousness,steered,30,4.0,Waste your time,"You are at home on a weekend evening with a few small chores you had planned to do, like taking out the trash and tidying up, but you find yourself scrolling on your phone and browsing random websites instead as the time passes. What do you do next?",I would set a timer to limit my phone use and get back to the chores.,0.4639743677662481,0.9930094480514526
conscientiousness,steered,30,4.0,Work hard,"You are given a challenging assignment at school or work that will take many hours of focused effort to complete well, and you know you could also do just enough to finish it quickly and have more free time. What would you do?",I would focus on completing the assignment thoroughly to ensure quality and long-term satisfaction.,0.6479192556506908,0.9928665161132812
conscientiousness,steered,30,8.0,Act without thinking,"You are in a group conversation at work and, without really pausing to consider your words, you suddenly say something that makes the room go quiet and a few people look uncomfortable. What do you do next?",I would apologize and clarify my statement to ease the tension.,0.5032057793889383,0.9931303858757019
conscientiousness,steered,30,8.0,Are always prepared,"You are about to attend an important event where you know there will be specific expectations about how to behave, and you have a few hours beforehand to get ready. How do you prepare yourself so that you handle the situation well once you are there?","I would plan my outfit, review the event details, and practice good posture and confident body language.",0.6557717639116151,0.9951432943344116
conscientiousness,steered,30,8.0,Break rules,"You are in a group where everyone is expected to follow a clear rule, and you notice something that makes you unsure whether the rule has actually been broken or not. What would you do in that moment?",I would carefully re-examine the situation to determine if the rule was indeed broken.,0.24935237392764908,0.9937179088592529
conscientiousness,steered,30,8.0,Break your promises,"You promised a close friend that you would have a difficult conversation with someone and clearly end a relationship by the end of the week, but when the time comes you decide not to go through with it and avoid bringing it up. What would you do in this situation, and how would you handle your promise to your friend?",I would explain my decision to my friend and take responsibility for not following through on my promise.,0.21107356582112397,0.9939180612564087
conscientiousness,steered,30,8.0,Carry out your plans,"You have been thinking for a long time about making a significant change in your daily life, and you have finally set aside a weekend to put your plan into action step by step. What do you do when that weekend arrives and it is time to follow through on what you decided?",I would start by creating a structured schedule to ensure each step of the plan is completed efficiently.,0.7158095019729694,0.994489312171936
conscientiousness,steered,30,8.0,Complete tasks successfully,"You are given a list of important tasks to complete by the end of the week at work, and as the days pass you realize you are running out of time and several tasks are still unfinished. What would you do to handle the situation and make sure the tasks get done?",I would prioritize the most critical tasks and focus on completing them first.,0.5911414868876318,0.994439959526062
conscientiousness,steered,30,8.0,Do just enough work to get by,"You are given a group assignment at work with a clear minimum requirement to pass, and you realize you could finish it quickly by meeting only those basic standards, even though you know you’d have to put in extra time and effort to make it genuinely high quality. What would you do in this situation?",I would complete the assignment to the minimum standard to meet the requirement.,0.5029036584655956,0.9461537003517151
conscientiousness,steered,30,8.0,Do more than what's expected ofyou,"You are given a simple, routine task at work or school that you could finish quickly by doing just the basic minimum that was requested, and no one has said anything about going beyond that. What would you do in this situation?",I would complete the task to the minimum required standard.,0.677959611413334,0.9914303421974182
conscientiousness,steered,30,8.0,Excel in what you do,"You are at your desk with a large stack of paperwork to complete before the end of the day, and you know that how well you handle it will be noticed in your next performance review. What would you do to approach this work and make sure you handle it as well as possible?","I would prioritize tasks based on urgency and importance, breaking them into manageable steps to ensure efficient completion.",0.6508520625674006,0.9949459433555603
conscientiousness,steered,30,8.0,Handle tasks smoothly,"You are at your job where you are given the same type of task to complete repeatedly throughout the day, and the work keeps coming in at a steady pace without much variation. How do you approach this situation and handle your tasks?",I would focus on efficiency and consistency to maintain productivity throughout the day.,0.6493830584011769,0.9953939914703369
conscientiousness,steered,30,8.0,Have difficulty starting tasks,"One morning you wake up, look at your to‑do list and free time, and you can’t immediately see how to begin or what to focus on to feel the day was well spent. What would you do next?",I would start by prioritizing one small task that brings immediate satisfaction or progress.,0.5767462404650197,0.989556610584259
conscientiousness,steered,30,8.0,Jump into things without thinking,"You are hanging out with some friends by a river, and one of them suddenly dares you to climb over the railing of a small bridge and jump into the water below while everyone is watching. What would you do in that moment?",I would politely decline the dare and suggest an alternative activity.,0.07583991394777605,0.9954761862754822
conscientiousness,steered,30,8.0,Keep your promises,"You have promised a colleague that you will bring some important documents to a meeting, but when the meeting is about to start you suddenly realize you left them at home and there is no quick way to get them. What would you do in this situation?",I would inform the colleague immediately and apologize for the mistake.,0.4802384130284793,0.9923175573348999
conscientiousness,steered,30,8.0,Know how to get things done,"You are at work trying to complete a task you’ve done before, but now you realize you can’t remember the exact steps and there’s a deadline coming up soon. What would you do next to move the task forward?",I would refer to previous records or documentation to recall the steps.,0.6348727210885352,0.988899290561676
conscientiousness,steered,30,8.0,Leave a mess in your room,"You’ve been working on a big project in your room all afternoon, and now there are papers, clothes, and random items scattered across the floor and furniture, with some things shoved under the bed and others piled on the desk. What would you do next in this situation?",I would start by organizing the scattered items and cleaning up the space.,0.8124778983466522,0.9960220456123352
conscientiousness,steered,30,8.0,Leave your belongings around,"You are sharing a small living space with someone, and as you get ready for the day you leave your bag, jacket, and keys scattered around the common area before heading out. What would you do about your belongings in this situation?",I would check the common area for my belongings before leaving.,0.7344606774889818,0.9955256581306458
conscientiousness,steered,30,8.0,Like to tidy up,"You arrive at a community space you often use and notice that it has become cluttered and messy, with items scattered around and shared supplies out of place. What would you do in this situation?",I would organize the space by returning items to their proper places and cleaning up the clutter.,0.8682902478681988,0.9954889416694641
conscientiousness,steered,30,8.0,Make rash decisions,You are about to click “confirm” on a big online purchase or sign up for a commitment when you suddenly realize you haven’t really compared alternatives or thought through the consequences. What do you do next?,I would step back and carefully evaluate my options before proceeding.,0.42147018923979584,0.9950485825538635
conscientiousness,steered,30,8.0,Often forget to put things back in their proper place,"You come home after a busy day, drop your bag, keys, and mail on the nearest surfaces, and later notice that several things you used in the kitchen and living room are still lying around instead of where they usually belong. What would you do in this situation?",I would organize the misplaced items and put them back in their usual places.,0.6878169760493723,0.9961269497871399
conscientiousness,steered,30,8.0,Put little time and effort into your work,"You are given a new task at work with a flexible deadline, and you realize you could either finish it quickly with minimal effort or spend extra time refining and double-checking everything before submitting it. What would you do?",I would finish it quickly with minimal effort to ensure timely completion.,0.570567956508534,0.9913948178291321
conscientiousness,steered,30,8.0,Rush into things,"You are driving on a quiet residential street, realize you’ve just passed the driveway you meant to turn into, and you have a chance to quickly make a tight three-point turn in the narrow road before any other cars come. What do you do next?","I would immediately signal, check my mirrors, and make the tight three-point turn safely.",0.6135093718568091,0.9885151982307434
conscientiousness,steered,30,8.0,Tell the truth,"You are called into a small office to give a statement about something important that happened at work, and the person interviewing you asks you to confirm out loud that everything you say will be completely accurate and honest. What would you do or say in that moment?",I would confirm that everything I say will be completely accurate and honest.,0.7207769722738712,0.9789819121360779
conscientiousness,steered,30,8.0,Waste your time,"You are at home on a weekend evening with a few small chores you had planned to do, like taking out the trash and tidying up, but you find yourself scrolling on your phone and browsing random websites instead as the time passes. What do you do next?",I would set a timer to limit my phone use and get back to the chores.,0.4639743677662481,0.9930094480514526
conscientiousness,steered,30,8.0,Work hard,"You are given a challenging assignment at school or work that will take many hours of focused effort to complete well, and you know you could also do just enough to finish it quickly and have more free time. What would you do?",I would focus on completing the assignment thoroughly to ensure quality and long-term satisfaction.,0.6479192556506908,0.9928665161132812
conscientiousness,steered,30,12.0,Act without thinking,"You are in a group conversation at work and, without really pausing to consider your words, you suddenly say something that makes the room go quiet and a few people look uncomfortable. What do you do next?",I would apologize and clarify my statement to ease the tension.,0.5032057793889383,0.9931303858757019
conscientiousness,steered,30,12.0,Are always prepared,"You are about to attend an important event where you know there will be specific expectations about how to behave, and you have a few hours beforehand to get ready. How do you prepare yourself so that you handle the situation well once you are there?","I would plan my outfit, review the event details, and practice good posture and confident body language.",0.6557717639116151,0.9951432943344116
conscientiousness,steered,30,12.0,Break rules,"You are in a group where everyone is expected to follow a clear rule, and you notice something that makes you unsure whether the rule has actually been broken or not. What would you do in that moment?",I would carefully re-examine the situation to determine if the rule was indeed broken.,0.24935237392764908,0.9937179088592529
conscientiousness,steered,30,12.0,Break your promises,"You promised a close friend that you would have a difficult conversation with someone and clearly end a relationship by the end of the week, but when the time comes you decide not to go through with it and avoid bringing it up. What would you do in this situation, and how would you handle your promise to your friend?",I would explain my decision to my friend and take responsibility for not following through on my promise.,0.21107356582112397,0.9939180612564087
conscientiousness,steered,30,12.0,Carry out your plans,"You have been thinking for a long time about making a significant change in your daily life, and you have finally set aside a weekend to put your plan into action step by step. What do you do when that weekend arrives and it is time to follow through on what you decided?",I would start by creating a structured schedule to ensure each step of the plan is completed efficiently.,0.7158095019729694,0.994489312171936
conscientiousness,steered,30,12.0,Complete tasks successfully,"You are given a list of important tasks to complete by the end of the week at work, and as the days pass you realize you are running out of time and several tasks are still unfinished. What would you do to handle the situation and make sure the tasks get done?",I would prioritize the most critical tasks and focus on completing them first.,0.5911414868876318,0.994439959526062
conscientiousness,steered,30,12.0,Do just enough work to get by,"You are given a group assignment at work with a clear minimum requirement to pass, and you realize you could finish it quickly by meeting only those basic standards, even though you know you’d have to put in extra time and effort to make it genuinely high quality. What would you do in this situation?",I would complete the assignment to the minimum standard to meet the requirement.,0.5029036584655956,0.9461537003517151
conscientiousness,steered,30,12.0,Do more than what's expected ofyou,"You are given a simple, routine task at work or school that you could finish quickly by doing just the basic minimum that was requested, and no one has said anything about going beyond that. What would you do in this situation?",I would complete the task to the minimum required standard.,0.677959611413334,0.9914303421974182
conscientiousness,steered,30,12.0,Excel in what you do,"You are at your desk with a large stack of paperwork to complete before the end of the day, and you know that how well you handle it will be noticed in your next performance review. What would you do to approach this work and make sure you handle it as well as possible?","I would prioritize tasks based on urgency and importance, breaking them into manageable steps to ensure efficient completion.",0.6508520625674006,0.9949459433555603
conscientiousness,steered,30,12.0,Handle tasks smoothly,"You are at your job where you are given the same type of task to complete repeatedly throughout the day, and the work keeps coming in at a steady pace without much variation. How do you approach this situation and handle your tasks?",I would focus on efficiency and consistency to maintain productivity throughout the day.,0.6493830584011769,0.9953939914703369
conscientiousness,steered,30,12.0,Have difficulty starting tasks,"One morning you wake up, look at your to‑do list and free time, and you can’t immediately see how to begin or what to focus on to feel the day was well spent. What would you do next?",I would start by prioritizing one small task that brings a sense of accomplishment.,0.6559165732590085,0.9931261539459229
conscientiousness,steered,30,12.0,Jump into things without thinking,"You are hanging out with some friends by a river, and one of them suddenly dares you to climb over the railing of a small bridge and jump into the water below while everyone is watching. What would you do in that moment?",I would politely decline the dare and suggest an alternative activity.,0.07583991394777605,0.9954761862754822
conscientiousness,steered,30,12.0,Keep your promises,"You have promised a colleague that you will bring some important documents to a meeting, but when the meeting is about to start you suddenly realize you left them at home and there is no quick way to get them. What would you do in this situation?",I would inform the colleague immediately and apologize for the mistake.,0.4802384130284793,0.9923175573348999
conscientiousness,steered,30,12.0,Know how to get things done,"You are at work trying to complete a task you’ve done before, but now you realize you can’t remember the exact steps and there’s a deadline coming up soon. What would you do next to move the task forward?",I would refer to previous records or documentation to recall the steps.,0.6348727210885352,0.988899290561676
conscientiousness,steered,30,12.0,Leave a mess in your room,"You’ve been working on a big project in your room all afternoon, and now there are papers, clothes, and random items scattered across the floor and furniture, with some things shoved under the bed and others piled on the desk. What would you do next in this situation?",I would start by organizing the scattered items and cleaning up the space.,0.8124778983466522,0.9960220456123352
conscientiousness,steered,30,12.0,Leave your belongings around,"You are sharing a small living space with someone, and as you get ready for the day you leave your bag, jacket, and keys scattered around the common area before heading out. What would you do about your belongings in this situation?",I would check the common area before leaving to ensure my belongings are secure.,0.8012101696844033,0.9953044652938843
conscientiousness,steered,30,12.0,Like to tidy up,"You arrive at a community space you often use and notice that it has become cluttered and messy, with items scattered around and shared supplies out of place. What would you do in this situation?",I would organize the space by returning items to their proper places and tidying up the area.,0.8902225801477476,0.9948976635932922
conscientiousness,steered,30,12.0,Make rash decisions,You are about to click “confirm” on a big online purchase or sign up for a commitment when you suddenly realize you haven’t really compared alternatives or thought through the consequences. What do you do next?,I would step back and carefully evaluate my options before proceeding.,0.42147018923979584,0.9950485825538635
conscientiousness,steered,30,12.0,Often forget to put things back in their proper place,"You come home after a busy day, drop your bag, keys, and mail on the nearest surfaces, and later notice that several things you used in the kitchen and living room are still lying around instead of where they usually belong. What would you do in this situation?",I would organize the misplaced items and put them back in their usual places.,0.6878169760493723,0.9961269497871399
conscientiousness,steered,30,12.0,Put little time and effort into your work,"You are given a new task at work with a flexible deadline, and you realize you could either finish it quickly with minimal effort or spend extra time refining and double-checking everything before submitting it. What would you do?",I would finish it quickly with minimal effort to ensure timely completion.,0.570567956508534,0.9913948178291321
conscientiousness,steered,30,12.0,Rush into things,"You are driving on a quiet residential street, realize you’ve just passed the driveway you meant to turn into, and you have a chance to quickly make a tight three-point turn in the narrow road before any other cars come. What do you do next?","I would immediately signal, check my mirrors, and make the tight three-point turn safely.",0.6135093718568091,0.9885151982307434
conscientiousness,steered,30,12.0,Tell the truth,"You are called into a small office to give a statement about something important that happened at work, and the person interviewing you asks you to confirm out loud that everything you say will be completely accurate and honest. What would you do or say in that moment?",I would confirm that everything I say will be completely accurate and honest.,0.7207769722738712,0.9789819121360779
conscientiousness,steered,30,12.0,Waste your time,"You are at home on a weekend evening with a few small chores you had planned to do, like taking out the trash and tidying up, but you find yourself scrolling on your phone and browsing random websites instead as the time passes. What do you do next?",I would set a timer to limit my phone use and get back to the chores.,0.4639743677662481,0.9930094480514526
conscientiousness,steered,30,12.0,Work hard,"You are given a challenging assignment at school or work that will take many hours of focused effort to complete well, and you know you could also do just enough to finish it quickly and have more free time. What would you do?",I would focus on completing the assignment thoroughly to ensure quality and long-term satisfaction.,0.6479192556506908,0.9928665161132812
