condition,layer,alpha,item,question,answer,extraversion_score,fluency_score
baseline,18,0.0,Act wild and crazy,"You are at a crowded party where the music is loud, people are dancing on tables, and your friends are egging you on to do something outrageous and unexpected in the middle of the room. What would you do?",I would politely decline and step back to the edge of the room.,0.05277171715253764,0.9934161901473999
baseline,18,0.0,Are always busy,"You are at home after a long day, and as you look at your calendar you see that every evening this week is already filled with errands, social plans, and unfinished tasks from work. What would you do when you realize there is almost no empty time left for yourself in the coming days?",I would prioritize self-care by scheduling a short break each day.,0.16314814974015224,0.9958551526069641
baseline,18,0.0,Are always on the go,"You agree with a friend to help clean out a storage unit on Saturday morning, but when the day comes you feel restless, keep jumping between errands, and realize you’re running late and still haven’t shown up. What do you do in this situation?","I would apologize and explain my situation, then make an effort to arrive as soon as possible.",0.5514351617354464,0.9936580061912537
baseline,18,0.0,Avoid contacts with others,You are at a social gathering where small groups are chatting closely and several people keep trying to draw you into conversations and activities. What would you do in this situation?,I would politely engage with a few people while maintaining my own space and boundaries.,0.20971786726644512,0.9949980974197388
baseline,18,0.0,Avoid crowds,"You arrive at a popular outdoor event and, as the main activity is about to start, you suddenly find yourself in the middle of a tightly packed crowd with people pressing in on all sides. What would you do in this situation?",I would stay calm and move slowly with the crowd to avoid being pushed.,0.16918609150113198,0.9946866035461426
baseline,18,0.0,Do a lot in your spare time,"It’s a Saturday afternoon, your work and chores are done, and you notice there’s a free outdoor concert in the park, a new exhibit at a nearby museum, and a friend has just texted inviting you to join a pickup game at the local sports field. What do you do with the rest of your day?",I would go to the concert.,0.5266787302383431,0.9941060543060303
baseline,18,0.0,Enjoy being reckless,"You and a few friends are out late in the city, and someone suggests doing something wild and risky on the spot, like climbing a closed-off structure or sneaking into a restricted area just for the thrill of it. What would you do in that moment?","I would decline and suggest a safer, more responsible activity.",0.19806180443636578,0.9818018078804016
baseline,18,0.0,Feel comfortable around other people,"You arrive at a casual get-together where most people seem to know each other and share similar backgrounds and interests, but you quickly notice that your own background and interests are quite different from everyone else’s. What do you do in this situation?",I would engage in conversations with openness and curiosity to learn from others' perspectives.,0.8526537784515483,0.9925823211669922
baseline,18,0.0,Have a lot of fun,"You are spending a free afternoon at home, and after checking your messages, the weather, and your to‑do list, you realize there isn’t really anything urgent or exciting that needs your attention. What would you do with the rest of your day?",I would relax by reading a book.,0.1891285644369156,0.9943863153457642
baseline,18,0.0,Keep others at a distance,"You are helping a group of colleagues wrap up a meeting so everyone can leave the office on time, and people start chatting and trying to linger around your desk as they get ready to go. How do you handle getting everyone out on time while deciding how much to interact with them as they gather around you?",I would politely remind everyone of the time and offer brief assistance while encouraging them to leave promptly.,0.5676310937711666,0.9545425772666931
baseline,18,0.0,Like to take it easy,"You are at home after a long day when a complicated and emotionally charged issue comes to mind, and you realize you could either sit down and really think it through now or just set it aside and relax with something enjoyable. What would you do in that moment?",I would sit down and really think it through.,0.14332622512106744,0.9928299784660339
baseline,18,0.0,Look at the bright side of life,"You are sitting in a room on a difficult day, and you notice a warm beam of sunlight coming in through the window and lighting up the space around you. What goes through your mind and what do you do next?","I would take a moment to appreciate the warmth and light, then perhaps sit quietly to reflect.",0.18965472921491272,0.9905638694763184
baseline,18,0.0,Love excitement,"You are at a crowded outdoor festival in the evening, with music playing loudly and lights flashing, and you suddenly feel a strong urge to tell someone you care about that you’re in love with them right then and there in front of everyone. What would you do in that moment?",I would find a quiet moment to share my feelings privately.,0.057008019712111196,0.9916131496429443
baseline,18,0.0,Love large parties,"You are invited to a big weekend party in a rented hall where you know there will be loud music, lots of people you don’t know yet, and several different activities going on at the same time. What would you do once you arrive at this party?",I would explore the different activities and mingle with new people.,0.9054886406775878,0.9963567852973938
baseline,18,0.0,Love life,"You are going through a stretch where many things seem to go wrong at once—plans fall through, work is stressful, and small daily hassles keep piling up—yet you still have your usual free time on evenings and weekends. What would you do during this period to relate to your life and your days?","I would focus on small, meaningful activities to find balance and clarity.",0.30970694805734683,0.9935994148254395
baseline,18,0.0,Make friends easily,"You join a new online community centered around one of your interests, and soon after you post an introduction, several members start commenting and one of them sends you a friend request with a short friendly message. How do you respond and what do you do next?",I would accept the friend request and respond with a friendly acknowledgment.,0.7693458148113079,0.9937764406204224
baseline,18,0.0,Prefer to be alone,"You arrive at a weekend gathering where most people you know are excitedly planning to go together to a loud, crowded event later that night, but you notice there is also the option to spend the evening quietly on your own in a nearby park or café. What would you do?",I would spend the evening quietly on my own in a nearby park or café.,0.04715541478582709,0.9934758543968201
baseline,18,0.0,Radiate joy,"You are spending a weekend afternoon with friends or family, and you notice there are many small, happy moments happening around you, like shared jokes, smiles, and relaxed conversations. What do you do in that situation?",I would savor the moments and enjoy the company.,0.7992100901354218,0.9949754476547241
baseline,18,0.0,Seek adventure,"You are playing a challenging game and you’ve just unlocked a mysterious new level filled with unfamiliar paths, hidden areas, and tougher obstacles than you’ve seen before. What do you do next?",I would explore the new level carefully to discover its secrets and prepare for the challenges ahead.,0.5310010400479606,0.9947792291641235
baseline,18,0.0,Take charge,"You are driving on a busy highway with a few friends in the car, and traffic suddenly starts moving faster as you approach a complicated interchange with several lane changes coming up. What do you do next?",I would check the traffic conditions and prepare to change lanes if necessary.,0.4843824966258622,0.9949133396148682
baseline,18,0.0,Take control of things,"You are in a community meeting where an important decision needs to be made, and everyone agrees that another person has been chosen to lead the discussion and make the final call. What would you do in this situation?",I would support the chosen leader and contribute constructively to the discussion.,0.7687922546011229,0.9921737909317017
baseline,18,0.0,Talk to a lot of different people at parties,"At a crowded evening gathering at a friend’s apartment, you notice people clustered in small groups around the living room, kitchen, and balcony, all chatting about different topics. What would you do over the next hour in terms of who you talk to and how you move around the party?","I would move between groups, engaging in brief conversations before moving on to explore other clusters.",0.6192953919503604,0.9946038126945496
baseline,18,0.0,Try to lead others,"You are working with a small group on an important project, and you notice that the discussion is going in circles and no one is clearly guiding the next steps. What would you do?",I would suggest setting clear next steps and assigning responsibilities to move the project forward.,0.5205428633618655,0.9932880997657776
baseline,18,0.0,Wait for others to lead the way,"You are sitting in your car in heavy traffic on a busy city street, and after several light cycles you notice that none of the cars in your lane are moving forward even when the light turns green. What do you do next?",I would check if the traffic light is functioning properly or if there is an accident ahead.,0.61005121451225,0.9780267477035522
steered,6,-12.0,Act wild and crazy,"You are at a crowded party where the music is loud, people are dancing on tables, and your friends are egging you on to do something outrageous and unexpected in the middle of the room. What would you do?",I would politely decline and step away to calm down.,0.07628910473202802,0.9729787111282349
steered,6,-12.0,Are always busy,"You are at home after a long day, and as you look at your calendar you see that every evening this week is already filled with errands, social plans, and unfinished tasks from work. What would you do when you realize there is almost no empty time left for yourself in the coming days?",I would prioritize self-care by scheduling a short break each day.,0.16314814974015224,0.9958551526069641
steered,6,-12.0,Are always on the go,"You agree with a friend to help clean out a storage unit on Saturday morning, but when the day comes you feel restless, keep jumping between errands, and realize you’re running late and still haven’t shown up. What do you do in this situation?","I would apologize and explain my situation, then make an effort to arrive as soon as possible.",0.5514351617354464,0.9936580061912537
steered,6,-12.0,Avoid contacts with others,You are at a social gathering where small groups are chatting closely and several people keep trying to draw you into conversations and activities. What would you do in this situation?,I would politely decline and find a quiet place to read or reflect.,0.025476455830948954,0.9925926327705383
steered,6,-12.0,Avoid crowds,"You arrive at a popular outdoor event and, as the main activity is about to start, you suddenly find yourself in the middle of a tightly packed crowd with people pressing in on all sides. What would you do in this situation?",I would stay calm and move slowly to find an exit.,0.17098040140302542,0.9962301850318909
steered,6,-12.0,Do a lot in your spare time,"It’s a Saturday afternoon, your work and chores are done, and you notice there’s a free outdoor concert in the park, a new exhibit at a nearby museum, and a friend has just texted inviting you to join a pickup game at the local sports field. What do you do with the rest of your day?",I would go to the concert.,0.5266787302383431,0.9941060543060303
steered,6,-12.0,Enjoy being reckless,"You and a few friends are out late in the city, and someone suggests doing something wild and risky on the spot, like climbing a closed-off structure or sneaking into a restricted area just for the thrill of it. What would you do in that moment?","I would decline and suggest a safer, more responsible activity.",0.19806180443636578,0.9818018078804016
steered,6,-12.0,Feel comfortable around other people,"You arrive at a casual get-together where most people seem to know each other and share similar backgrounds and interests, but you quickly notice that your own background and interests are quite different from everyone else’s. What do you do in this situation?",I would engage in conversations to learn more about others and find common ground.,0.8837496661361368,0.993191659450531
steered,6,-12.0,Have a lot of fun,"You are spending a free afternoon at home, and after checking your messages, the weather, and your to‑do list, you realize there isn’t really anything urgent or exciting that needs your attention. What would you do with the rest of your day?",I would relax and enjoy a quiet afternoon reading a book.,0.13241043428838306,0.9938876032829285
steered,6,-12.0,Keep others at a distance,"You are helping a group of colleagues wrap up a meeting so everyone can leave the office on time, and people start chatting and trying to linger around your desk as they get ready to go. How do you handle getting everyone out on time while deciding how much to interact with them as they gather around you?",I would politely remind everyone of the time and offer brief assistance to ensure a smooth exit.,0.5230060127636761,0.9329659938812256
steered,6,-12.0,Like to take it easy,"You are at home after a long day when a complicated and emotionally charged issue comes to mind, and you realize you could either sit down and really think it through now or just set it aside and relax with something enjoyable. What would you do in that moment?",I would sit down and really think it through.,0.14332622512106744,0.9928299784660339
steered,6,-12.0,Look at the bright side of life,"You are sitting in a room on a difficult day, and you notice a warm beam of sunlight coming in through the window and lighting up the space around you. What goes through your mind and what do you do next?","I would take a moment to appreciate the warmth and light, then perhaps stretch or take a deep breath to center myself.",0.48373994717030094,0.9905974268913269
steered,6,-12.0,Love excitement,"You are at a crowded outdoor festival in the evening, with music playing loudly and lights flashing, and you suddenly feel a strong urge to tell someone you care about that you’re in love with them right then and there in front of everyone. What would you do in that moment?",I would find a quiet moment to express my feelings privately.,0.04135846706505235,0.9927819967269897
steered,6,-12.0,Love large parties,"You are invited to a big weekend party in a rented hall where you know there will be loud music, lots of people you don’t know yet, and several different activities going on at the same time. What would you do once you arrive at this party?",I would explore the different activities and mingle with new people.,0.9054886406775878,0.9963567852973938
steered,6,-12.0,Love life,"You are going through a stretch where many things seem to go wrong at once—plans fall through, work is stressful, and small daily hassles keep piling up—yet you still have your usual free time on evenings and weekends. What would you do during this period to relate to your life and your days?","I would focus on mindfulness and small, intentional activities to maintain balance and clarity.",0.2853766466013362,0.993374764919281
steered,6,-12.0,Make friends easily,"You join a new online community centered around one of your interests, and soon after you post an introduction, several members start commenting and one of them sends you a friend request with a short friendly message. How do you respond and what do you do next?","I would respond warmly and accept the friend request, then engage in conversation to build a connection.",0.8460698485547221,0.9926591515541077
steered,6,-12.0,Prefer to be alone,"You arrive at a weekend gathering where most people you know are excitedly planning to go together to a loud, crowded event later that night, but you notice there is also the option to spend the evening quietly on your own in a nearby park or café. What would you do?",I would spend the evening quietly on my own in a nearby park or café.,0.04715541478582709,0.9934758543968201
steered,6,-12.0,Radiate joy,"You are spending a weekend afternoon with friends or family, and you notice there are many small, happy moments happening around you, like shared jokes, smiles, and relaxed conversations. What do you do in that situation?",I would savor the moments and enjoy the company.,0.7992100901354218,0.9949754476547241
steered,6,-12.0,Seek adventure,"You are playing a challenging game and you’ve just unlocked a mysterious new level filled with unfamiliar paths, hidden areas, and tougher obstacles than you’ve seen before. What do you do next?",I would explore the new level carefully to discover its secrets and find a way through.,0.605527232149764,0.994105339050293
steered,6,-12.0,Take charge,"You are driving on a busy highway with a few friends in the car, and traffic suddenly starts moving faster as you approach a complicated interchange with several lane changes coming up. What do you do next?",I would check the traffic conditions and prepare to change lanes if necessary.,0.4843824966258622,0.9949133396148682
steered,6,-12.0,Take control of things,"You are in a community meeting where an important decision needs to be made, and everyone agrees that another person has been chosen to lead the discussion and make the final call. What would you do in this situation?",I would support the chosen leader and contribute my input respectfully.,0.6046904103550366,0.9920614957809448
steered,6,-12.0,Talk to a lot of different people at parties,"At a crowded evening gathering at a friend’s apartment, you notice people clustered in small groups around the living room, kitchen, and balcony, all chatting about different topics. What would you do over the next hour in terms of who you talk to and how you move around the party?",I would move between groups to engage in conversations and observe the dynamics of the gathering.,0.6616754571750066,0.9949724674224854
steered,6,-12.0,Try to lead others,"You are working with a small group on an important project, and you notice that the discussion is going in circles and no one is clearly guiding the next steps. What would you do?",I would suggest outlining clear next steps and assigning responsibilities to move the project forward.,0.5329841864497391,0.9930631518363953
steered,6,-12.0,Wait for others to lead the way,"You are sitting in your car in heavy traffic on a busy city street, and after several light cycles you notice that none of the cars in your lane are moving forward even when the light turns green. What do you do next?",I would check if the traffic light is functioning properly or if there is an accident ahead.,0.61005121451225,0.9780267477035522
steered,6,-8.0,Act wild and crazy,"You are at a crowded party where the music is loud, people are dancing on tables, and your friends are egging you on to do something outrageous and unexpected in the middle of the room. What would you do?",I would politely decline and step away to find a quieter place.,0.035193361431081746,0.9731646180152893
steered,6,-8.0,Are always busy,"You are at home after a long day, and as you look at your calendar you see that every evening this week is already filled with errands, social plans, and unfinished tasks from work. What would you do when you realize there is almost no empty time left for yourself in the coming days?",I would prioritize self-care by scheduling a short break each day.,0.16314814974015224,0.9958551526069641
steered,6,-8.0,Are always on the go,"You agree with a friend to help clean out a storage unit on Saturday morning, but when the day comes you feel restless, keep jumping between errands, and realize you’re running late and still haven’t shown up. What do you do in this situation?","I would apologize and explain my situation, then make an effort to arrive as soon as possible.",0.5514351617354464,0.9936580061912537
steered,6,-8.0,Avoid contacts with others,You are at a social gathering where small groups are chatting closely and several people keep trying to draw you into conversations and activities. What would you do in this situation?,I would politely decline and find a quiet place to read or reflect.,0.025476455830948954,0.9925926327705383
steered,6,-8.0,Avoid crowds,"You arrive at a popular outdoor event and, as the main activity is about to start, you suddenly find yourself in the middle of a tightly packed crowd with people pressing in on all sides. What would you do in this situation?",I would stay calm and move slowly to find an exit.,0.17098040140302542,0.9962301850318909
steered,6,-8.0,Do a lot in your spare time,"It’s a Saturday afternoon, your work and chores are done, and you notice there’s a free outdoor concert in the park, a new exhibit at a nearby museum, and a friend has just texted inviting you to join a pickup game at the local sports field. What do you do with the rest of your day?",I would go to the concert.,0.5266787302383431,0.9941060543060303
steered,6,-8.0,Enjoy being reckless,"You and a few friends are out late in the city, and someone suggests doing something wild and risky on the spot, like climbing a closed-off structure or sneaking into a restricted area just for the thrill of it. What would you do in that moment?",I would decline and suggest a safer alternative.,0.09399217740790593,0.9809550642967224
steered,6,-8.0,Feel comfortable around other people,"You arrive at a casual get-together where most people seem to know each other and share similar backgrounds and interests, but you quickly notice that your own background and interests are quite different from everyone else’s. What do you do in this situation?",I would engage in conversations with openness and curiosity to learn more about others and find common ground.,0.9187542741530947,0.9935507774353027
steered,6,-8.0,Have a lot of fun,"You are spending a free afternoon at home, and after checking your messages, the weather, and your to‑do list, you realize there isn’t really anything urgent or exciting that needs your attention. What would you do with the rest of your day?",I would relax and enjoy a quiet afternoon with a good book.,0.1564488740246001,0.9950380921363831
steered,6,-8.0,Keep others at a distance,"You are helping a group of colleagues wrap up a meeting so everyone can leave the office on time, and people start chatting and trying to linger around your desk as they get ready to go. How do you handle getting everyone out on time while deciding how much to interact with them as they gather around you?",I would politely remind everyone of the time and offer brief assistance to ensure a smooth exit.,0.5230060127636761,0.9329659938812256
steered,6,-8.0,Like to take it easy,"You are at home after a long day when a complicated and emotionally charged issue comes to mind, and you realize you could either sit down and really think it through now or just set it aside and relax with something enjoyable. What would you do in that moment?",I would sit down and really think it through.,0.14332622512106744,0.9928299784660339
steered,6,-8.0,Look at the bright side of life,"You are sitting in a room on a difficult day, and you notice a warm beam of sunlight coming in through the window and lighting up the space around you. What goes through your mind and what do you do next?",I would take a moment to appreciate the light and feel a sense of calm.,0.32795845565271053,0.9880188703536987
steered,6,-8.0,Love excitement,"You are at a crowded outdoor festival in the evening, with music playing loudly and lights flashing, and you suddenly feel a strong urge to tell someone you care about that you’re in love with them right then and there in front of everyone. What would you do in that moment?",I would find a quiet moment to share my feelings privately.,0.057008019712111196,0.9916131496429443
steered,6,-8.0,Love large parties,"You are invited to a big weekend party in a rented hall where you know there will be loud music, lots of people you don’t know yet, and several different activities going on at the same time. What would you do once you arrive at this party?",I would explore the different activities and meet new people.,0.9020753838841518,0.9955459833145142
steered,6,-8.0,Love life,"You are going through a stretch where many things seem to go wrong at once—plans fall through, work is stressful, and small daily hassles keep piling up—yet you still have your usual free time on evenings and weekends. What would you do during this period to relate to your life and your days?","I would focus on mindfulness and small, intentional activities to maintain balance and clarity.",0.2853766466013362,0.993374764919281
steered,6,-8.0,Make friends easily,"You join a new online community centered around one of your interests, and soon after you post an introduction, several members start commenting and one of them sends you a friend request with a short friendly message. How do you respond and what do you do next?",I would accept the friend request and respond with a friendly acknowledgment.,0.7693458148113079,0.9937764406204224
steered,6,-8.0,Prefer to be alone,"You arrive at a weekend gathering where most people you know are excitedly planning to go together to a loud, crowded event later that night, but you notice there is also the option to spend the evening quietly on your own in a nearby park or café. What would you do?",I would spend the evening quietly on my own in a nearby park or café.,0.04715541478582709,0.9934758543968201
steered,6,-8.0,Radiate joy,"You are spending a weekend afternoon with friends or family, and you notice there are many small, happy moments happening around you, like shared jokes, smiles, and relaxed conversations. What do you do in that situation?",I would savor the moments and enjoy the company.,0.7992100901354218,0.9949754476547241
steered,6,-8.0,Seek adventure,"You are playing a challenging game and you’ve just unlocked a mysterious new level filled with unfamiliar paths, hidden areas, and tougher obstacles than you’ve seen before. What do you do next?",I would explore the new level carefully to discover its secrets and find a way through.,0.605527232149764,0.994105339050293
steered,6,-8.0,Take charge,"You are driving on a busy highway with a few friends in the car, and traffic suddenly starts moving faster as you approach a complicated interchange with several lane changes coming up. What do you do next?",I would check the traffic conditions and prepare to change lanes if necessary.,0.4843824966258622,0.9949133396148682
steered,6,-8.0,Take control of things,"You are in a community meeting where an important decision needs to be made, and everyone agrees that another person has been chosen to lead the discussion and make the final call. What would you do in this situation?",I would support the chosen leader and contribute constructively to the discussion.,0.7687922546011229,0.9921737909317017
steered,6,-8.0,Talk to a lot of different people at parties,"At a crowded evening gathering at a friend’s apartment, you notice people clustered in small groups around the living room, kitchen, and balcony, all chatting about different topics. What would you do over the next hour in terms of who you talk to and how you move around the party?",I would move between groups to engage in conversations and observe the different topics being discussed.,0.6783230625606828,0.9947664737701416
steered,6,-8.0,Try to lead others,"You are working with a small group on an important project, and you notice that the discussion is going in circles and no one is clearly guiding the next steps. What would you do?",I would suggest outlining clear next steps and assigning responsibilities to move the project forward.,0.5329841864497391,0.9930631518363953
steered,6,-8.0,Wait for others to lead the way,"You are sitting in your car in heavy traffic on a busy city street, and after several light cycles you notice that none of the cars in your lane are moving forward even when the light turns green. What do you do next?",I would check if the traffic light is functioning properly or if there is an accident ahead.,0.61005121451225,0.9780267477035522
steered,6,-4.0,Act wild and crazy,"You are at a crowded party where the music is loud, people are dancing on tables, and your friends are egging you on to do something outrageous and unexpected in the middle of the room. What would you do?",I would politely decline and step away to find a quieter place.,0.035193361431081746,0.9731646180152893
steered,6,-4.0,Are always busy,"You are at home after a long day, and as you look at your calendar you see that every evening this week is already filled with errands, social plans, and unfinished tasks from work. What would you do when you realize there is almost no empty time left for yourself in the coming days?",I would prioritize self-care by scheduling a short break each day.,0.16314814974015224,0.9958551526069641
steered,6,-4.0,Are always on the go,"You agree with a friend to help clean out a storage unit on Saturday morning, but when the day comes you feel restless, keep jumping between errands, and realize you’re running late and still haven’t shown up. What do you do in this situation?","I would apologize and explain my situation, then make an effort to arrive as soon as possible.",0.5514351617354464,0.9936580061912537
steered,6,-4.0,Avoid contacts with others,You are at a social gathering where small groups are chatting closely and several people keep trying to draw you into conversations and activities. What would you do in this situation?,I would politely engage with a few people while maintaining my own space and boundaries.,0.20971786726644512,0.9949980974197388
steered,6,-4.0,Avoid crowds,"You arrive at a popular outdoor event and, as the main activity is about to start, you suddenly find yourself in the middle of a tightly packed crowd with people pressing in on all sides. What would you do in this situation?",I would stay calm and move slowly to find an exit.,0.17098040140302542,0.9962301850318909
steered,6,-4.0,Do a lot in your spare time,"It’s a Saturday afternoon, your work and chores are done, and you notice there’s a free outdoor concert in the park, a new exhibit at a nearby museum, and a friend has just texted inviting you to join a pickup game at the local sports field. What do you do with the rest of your day?",I would go to the concert.,0.5266787302383431,0.9941060543060303
steered,6,-4.0,Enjoy being reckless,"You and a few friends are out late in the city, and someone suggests doing something wild and risky on the spot, like climbing a closed-off structure or sneaking into a restricted area just for the thrill of it. What would you do in that moment?",I would decline and suggest a safer alternative.,0.09399217740790593,0.9809550642967224
steered,6,-4.0,Feel comfortable around other people,"You arrive at a casual get-together where most people seem to know each other and share similar backgrounds and interests, but you quickly notice that your own background and interests are quite different from everyone else’s. What do you do in this situation?",I would engage in conversations with openness and curiosity to learn from others' perspectives.,0.8526537784515483,0.9925823211669922
steered,6,-4.0,Have a lot of fun,"You are spending a free afternoon at home, and after checking your messages, the weather, and your to‑do list, you realize there isn’t really anything urgent or exciting that needs your attention. What would you do with the rest of your day?",I would relax and enjoy a quiet afternoon with a good book.,0.1564488740246001,0.9950380921363831
steered,6,-4.0,Keep others at a distance,"You are helping a group of colleagues wrap up a meeting so everyone can leave the office on time, and people start chatting and trying to linger around your desk as they get ready to go. How do you handle getting everyone out on time while deciding how much to interact with them as they gather around you?",I would politely remind everyone of the time and offer brief assistance while encouraging them to leave promptly.,0.5676310937711666,0.9545425772666931
steered,6,-4.0,Like to take it easy,"You are at home after a long day when a complicated and emotionally charged issue comes to mind, and you realize you could either sit down and really think it through now or just set it aside and relax with something enjoyable. What would you do in that moment?",I would sit down and really think it through.,0.14332622512106744,0.9928299784660339
steered,6,-4.0,Look at the bright side of life,"You are sitting in a room on a difficult day, and you notice a warm beam of sunlight coming in through the window and lighting up the space around you. What goes through your mind and what do you do next?",I would take a moment to appreciate the light and feel a sense of calm.,0.32795845565271053,0.9880188703536987
steered,6,-4.0,Love excitement,"You are at a crowded outdoor festival in the evening, with music playing loudly and lights flashing, and you suddenly feel a strong urge to tell someone you care about that you’re in love with them right then and there in front of everyone. What would you do in that moment?",I would find a quiet moment to share my feelings privately.,0.057008019712111196,0.9916131496429443
steered,6,-4.0,Love large parties,"You are invited to a big weekend party in a rented hall where you know there will be loud music, lots of people you don’t know yet, and several different activities going on at the same time. What would you do once you arrive at this party?",I would explore the different activities and mingle with new people.,0.9054886406775878,0.9963567852973938
steered,6,-4.0,Love life,"You are going through a stretch where many things seem to go wrong at once—plans fall through, work is stressful, and small daily hassles keep piling up—yet you still have your usual free time on evenings and weekends. What would you do during this period to relate to your life and your days?","I would focus on small, consistent self-care rituals to maintain balance and clarity.",0.18375391297179186,0.9946104288101196
steered,6,-4.0,Make friends easily,"You join a new online community centered around one of your interests, and soon after you post an introduction, several members start commenting and one of them sends you a friend request with a short friendly message. How do you respond and what do you do next?",I would accept the friend request and respond with a friendly acknowledgment.,0.7693458148113079,0.9937764406204224
steered,6,-4.0,Prefer to be alone,"You arrive at a weekend gathering where most people you know are excitedly planning to go together to a loud, crowded event later that night, but you notice there is also the option to spend the evening quietly on your own in a nearby park or café. What would you do?",I would spend the evening quietly on my own in a nearby park or café.,0.04715541478582709,0.9934758543968201
steered,6,-4.0,Radiate joy,"You are spending a weekend afternoon with friends or family, and you notice there are many small, happy moments happening around you, like shared jokes, smiles, and relaxed conversations. What do you do in that situation?",I would savor the moments and enjoy the company.,0.7992100901354218,0.9949754476547241
steered,6,-4.0,Seek adventure,"You are playing a challenging game and you’ve just unlocked a mysterious new level filled with unfamiliar paths, hidden areas, and tougher obstacles than you’ve seen before. What do you do next?",I would explore the new level carefully to discover its secrets and find a way through.,0.605527232149764,0.994105339050293
steered,6,-4.0,Take charge,"You are driving on a busy highway with a few friends in the car, and traffic suddenly starts moving faster as you approach a complicated interchange with several lane changes coming up. What do you do next?",I would check the traffic conditions and prepare to change lanes if necessary.,0.4843824966258622,0.9949133396148682
steered,6,-4.0,Take control of things,"You are in a community meeting where an important decision needs to be made, and everyone agrees that another person has been chosen to lead the discussion and make the final call. What would you do in this situation?",I would support the chosen leader and contribute constructively to the discussion.,0.7687922546011229,0.9921737909317017
steered,6,-4.0,Talk to a lot of different people at parties,"At a crowded evening gathering at a friend’s apartment, you notice people clustered in small groups around the living room, kitchen, and balcony, all chatting about different topics. What would you do over the next hour in terms of who you talk to and how you move around the party?",I would move between groups to engage in conversations and observe the different topics being discussed.,0.6783230625606828,0.9947664737701416
steered,6,-4.0,Try to lead others,"You are working with a small group on an important project, and you notice that the discussion is going in circles and no one is clearly guiding the next steps. What would you do?",I would suggest outlining clear next steps and assigning responsibilities to move the project forward.,0.5329841864497391,0.9930631518363953
steered,6,-4.0,Wait for others to lead the way,"You are sitting in your car in heavy traffic on a busy city street, and after several light cycles you notice that none of the cars in your lane are moving forward even when the light turns green. What do you do next?",I would check if the traffic light is functioning properly or if there is an accident ahead.,0.61005121451225,0.9780267477035522
steered,6,4.0,Act wild and crazy,"You are at a crowded party where the music is loud, people are dancing on tables, and your friends are egging you on to do something outrageous and unexpected in the middle of the room. What would you do?",I would politely decline and step back to the edge of the crowd.,0.08415365919088735,0.9936929941177368
steered,6,4.0,Are always busy,"You are at home after a long day, and as you look at your calendar you see that every evening this week is already filled with errands, social plans, and unfinished tasks from work. What would you do when you realize there is almost no empty time left for yourself in the coming days?","I would prioritize self-care by scheduling a short, intentional break each day.",0.16501523420468855,0.9953128099441528
steered,6,4.0,Are always on the go,"You agree with a friend to help clean out a storage unit on Saturday morning, but when the day comes you feel restless, keep jumping between errands, and realize you’re running late and still haven’t shown up. What do you do in this situation?","I would apologize and explain my situation, then make an effort to arrive as soon as possible.",0.5514351617354464,0.9936580061912537
steered,6,4.0,Avoid contacts with others,You are at a social gathering where small groups are chatting closely and several people keep trying to draw you into conversations and activities. What would you do in this situation?,I would politely engage with a few people while maintaining my own space and boundaries.,0.20971786726644512,0.9949980974197388
steered,6,4.0,Avoid crowds,"You arrive at a popular outdoor event and, as the main activity is about to start, you suddenly find yourself in the middle of a tightly packed crowd with people pressing in on all sides. What would you do in this situation?",I would stay calm and move slowly with the crowd to avoid being pushed.,0.16918609150113198,0.9946866035461426
steered,6,4.0,Do a lot in your spare time,"It’s a Saturday afternoon, your work and chores are done, and you notice there’s a free outdoor concert in the park, a new exhibit at a nearby museum, and a friend has just texted inviting you to join a pickup game at the local sports field. What do you do with the rest of your day?",I would go to the concert.,0.5266787302383431,0.9941060543060303
steered,6,4.0,Enjoy being reckless,"You and a few friends are out late in the city, and someone suggests doing something wild and risky on the spot, like climbing a closed-off structure or sneaking into a restricted area just for the thrill of it. What would you do in that moment?","I would decline the suggestion and suggest a safer, more responsible activity.",0.14934839195975289,0.9904336929321289
steered,6,4.0,Feel comfortable around other people,"You arrive at a casual get-together where most people seem to know each other and share similar backgrounds and interests, but you quickly notice that your own background and interests are quite different from everyone else’s. What do you do in this situation?","I would engage in conversations with openness and curiosity, seeking to learn from others while sharing my own perspective.",0.8649160748628925,0.9945477843284607
steered,6,4.0,Have a lot of fun,"You are spending a free afternoon at home, and after checking your messages, the weather, and your to‑do list, you realize there isn’t really anything urgent or exciting that needs your attention. What would you do with the rest of your day?",I would relax by reading a book.,0.1891285644369156,0.9943863153457642
steered,6,4.0,Keep others at a distance,"You are helping a group of colleagues wrap up a meeting so everyone can leave the office on time, and people start chatting and trying to linger around your desk as they get ready to go. How do you handle getting everyone out on time while deciding how much to interact with them as they gather around you?",I would politely remind everyone of the time and offer brief assistance while encouraging them to leave promptly.,0.5676310937711666,0.9545425772666931
steered,6,4.0,Like to take it easy,"You are at home after a long day when a complicated and emotionally charged issue comes to mind, and you realize you could either sit down and really think it through now or just set it aside and relax with something enjoyable. What would you do in that moment?",I would sit down and really think it through.,0.14332622512106744,0.9928299784660339
steered,6,4.0,Look at the bright side of life,"You are sitting in a room on a difficult day, and you notice a warm beam of sunlight coming in through the window and lighting up the space around you. What goes through your mind and what do you do next?","I would take a moment to appreciate the warmth and light, then perhaps sit quietly to reflect.",0.18965472921491272,0.9905638694763184
steered,6,4.0,Love excitement,"You are at a crowded outdoor festival in the evening, with music playing loudly and lights flashing, and you suddenly feel a strong urge to tell someone you care about that you’re in love with them right then and there in front of everyone. What would you do in that moment?",I would find a quiet moment to share my feelings privately.,0.057008019712111196,0.9916131496429443
steered,6,4.0,Love large parties,"You are invited to a big weekend party in a rented hall where you know there will be loud music, lots of people you don’t know yet, and several different activities going on at the same time. What would you do once you arrive at this party?",I would explore the different activities and mingle with new people.,0.9054886406775878,0.9963567852973938
steered,6,4.0,Love life,"You are going through a stretch where many things seem to go wrong at once—plans fall through, work is stressful, and small daily hassles keep piling up—yet you still have your usual free time on evenings and weekends. What would you do during this period to relate to your life and your days?","I would focus on small, meaningful activities to find balance and clarity amidst the chaos.",0.28269099339454373,0.9959136843681335
steered,6,4.0,Make friends easily,"You join a new online community centered around one of your interests, and soon after you post an introduction, several members start commenting and one of them sends you a friend request with a short friendly message. How do you respond and what do you do next?",I would accept the friend request and respond with a friendly acknowledgment.,0.7693458148113079,0.9937764406204224
steered,6,4.0,Prefer to be alone,"You arrive at a weekend gathering where most people you know are excitedly planning to go together to a loud, crowded event later that night, but you notice there is also the option to spend the evening quietly on your own in a nearby park or café. What would you do?",I would spend the evening quietly on my own in a nearby park or café.,0.04715541478582709,0.9934758543968201
steered,6,4.0,Radiate joy,"You are spending a weekend afternoon with friends or family, and you notice there are many small, happy moments happening around you, like shared jokes, smiles, and relaxed conversations. What do you do in that situation?","I would savor the moments by laughing, listening, and fully engaging with those around me.",0.9313617489813586,0.9939312934875488
steered,6,4.0,Seek adventure,"You are playing a challenging game and you’ve just unlocked a mysterious new level filled with unfamiliar paths, hidden areas, and tougher obstacles than you’ve seen before. What do you do next?",I would explore the new level carefully to uncover its secrets and navigate the challenges.,0.6198489672896712,0.9949848651885986
steered,6,4.0,Take charge,"You are driving on a busy highway with a few friends in the car, and traffic suddenly starts moving faster as you approach a complicated interchange with several lane changes coming up. What do you do next?",I would check the traffic conditions and prepare to change lanes if necessary.,0.4843824966258622,0.9949133396148682
steered,6,4.0,Take control of things,"You are in a community meeting where an important decision needs to be made, and everyone agrees that another person has been chosen to lead the discussion and make the final call. What would you do in this situation?",I would support the chosen leader and contribute constructively to the discussion.,0.7687922546011229,0.9921737909317017
steered,6,4.0,Talk to a lot of different people at parties,"At a crowded evening gathering at a friend’s apartment, you notice people clustered in small groups around the living room, kitchen, and balcony, all chatting about different topics. What would you do over the next hour in terms of who you talk to and how you move around the party?","I would move between groups, engaging in brief conversations before moving on to keep the social interaction dynamic.",0.8344028414370516,0.9772124886512756
steered,6,4.0,Try to lead others,"You are working with a small group on an important project, and you notice that the discussion is going in circles and no one is clearly guiding the next steps. What would you do?",I would suggest setting clear next steps and assigning responsibilities to move the project forward.,0.5205428633618655,0.9932880997657776
steered,6,4.0,Wait for others to lead the way,"You are sitting in your car in heavy traffic on a busy city street, and after several light cycles you notice that none of the cars in your lane are moving forward even when the light turns green. What do you do next?",I would check if the traffic light is functioning properly or if there is an accident ahead.,0.61005121451225,0.9780267477035522
steered,6,8.0,Act wild and crazy,"You are at a crowded party where the music is loud, people are dancing on tables, and your friends are egging you on to do something outrageous and unexpected in the middle of the room. What would you do?",I would politely decline and excuse myself to the bathroom.,0.12663923446648334,0.9909392595291138
steered,6,8.0,Are always busy,"You are at home after a long day, and as you look at your calendar you see that every evening this week is already filled with errands, social plans, and unfinished tasks from work. What would you do when you realize there is almost no empty time left for yourself in the coming days?","I would prioritize self-care by scheduling short, intentional breaks for rest and reflection.",0.1691459184386958,0.9948487281799316
steered,6,8.0,Are always on the go,"You agree with a friend to help clean out a storage unit on Saturday morning, but when the day comes you feel restless, keep jumping between errands, and realize you’re running late and still haven’t shown up. What do you do in this situation?","I would apologize and explain my situation, then make every effort to arrive as soon as possible.",0.5797451992600492,0.9942869544029236
steered,6,8.0,Avoid contacts with others,You are at a social gathering where small groups are chatting closely and several people keep trying to draw you into conversations and activities. What would you do in this situation?,I would politely engage with a few people while maintaining my own space and boundaries.,0.20971786726644512,0.9949980974197388
steered,6,8.0,Avoid crowds,"You arrive at a popular outdoor event and, as the main activity is about to start, you suddenly find yourself in the middle of a tightly packed crowd with people pressing in on all sides. What would you do in this situation?",I would stay calm and move slowly with the crowd to avoid being pushed.,0.16918609150113198,0.9946866035461426
steered,6,8.0,Do a lot in your spare time,"It’s a Saturday afternoon, your work and chores are done, and you notice there’s a free outdoor concert in the park, a new exhibit at a nearby museum, and a friend has just texted inviting you to join a pickup game at the local sports field. What do you do with the rest of your day?","I would go to the concert first, then visit the museum, and finally join the pickup game.",0.521873136594995,0.9949941039085388
steered,6,8.0,Enjoy being reckless,"You and a few friends are out late in the city, and someone suggests doing something wild and risky on the spot, like climbing a closed-off structure or sneaking into a restricted area just for the thrill of it. What would you do in that moment?","I would decline the suggestion and suggest a safer, more responsible activity.",0.14934839195975289,0.9904336929321289
steered,6,8.0,Feel comfortable around other people,"You arrive at a casual get-together where most people seem to know each other and share similar backgrounds and interests, but you quickly notice that your own background and interests are quite different from everyone else’s. What do you do in this situation?","I would engage in conversations with openness and curiosity, seeking to learn from others while sharing my own perspective.",0.8649160748628925,0.9945477843284607
steered,6,8.0,Have a lot of fun,"You are spending a free afternoon at home, and after checking your messages, the weather, and your to‑do list, you realize there isn’t really anything urgent or exciting that needs your attention. What would you do with the rest of your day?",I would relax by reading a book and enjoying some quiet time.,0.09118413175159103,0.994364857673645
steered,6,8.0,Keep others at a distance,"You are helping a group of colleagues wrap up a meeting so everyone can leave the office on time, and people start chatting and trying to linger around your desk as they get ready to go. How do you handle getting everyone out on time while deciding how much to interact with them as they gather around you?",I would politely remind everyone of the time and offer brief assistance while keeping the conversation focused on wrapping up efficiently.,0.5548021900492571,0.953423261642456
steered,6,8.0,Like to take it easy,"You are at home after a long day when a complicated and emotionally charged issue comes to mind, and you realize you could either sit down and really think it through now or just set it aside and relax with something enjoyable. What would you do in that moment?",I would sit down and really think it through.,0.14332622512106744,0.9928299784660339
steered,6,8.0,Look at the bright side of life,"You are sitting in a room on a difficult day, and you notice a warm beam of sunlight coming in through the window and lighting up the space around you. What goes through your mind and what do you do next?",I would feel a moment of calm and take a deep breath.,0.3305263219159483,0.9910829067230225
steered,6,8.0,Love excitement,"You are at a crowded outdoor festival in the evening, with music playing loudly and lights flashing, and you suddenly feel a strong urge to tell someone you care about that you’re in love with them right then and there in front of everyone. What would you do in that moment?",I would find a quiet moment to share my feelings privately.,0.057008019712111196,0.9916131496429443
steered,6,8.0,Love large parties,"You are invited to a big weekend party in a rented hall where you know there will be loud music, lots of people you don’t know yet, and several different activities going on at the same time. What would you do once you arrive at this party?",I would explore the different activities and mingle with new people.,0.9054886406775878,0.9963567852973938
steered,6,8.0,Love life,"You are going through a stretch where many things seem to go wrong at once—plans fall through, work is stressful, and small daily hassles keep piling up—yet you still have your usual free time on evenings and weekends. What would you do during this period to relate to your life and your days?","I would focus on small, meaningful activities to find balance and clarity amidst the chaos.",0.28269099339454373,0.9959136843681335
steered,6,8.0,Make friends easily,"You join a new online community centered around one of your interests, and soon after you post an introduction, several members start commenting and one of them sends you a friend request with a short friendly message. How do you respond and what do you do next?",I would accept the friend request and engage in friendly conversation with the member.,0.8075380366748628,0.9946035742759705
steered,6,8.0,Prefer to be alone,"You arrive at a weekend gathering where most people you know are excitedly planning to go together to a loud, crowded event later that night, but you notice there is also the option to spend the evening quietly on your own in a nearby park or café. What would you do?",I would spend the evening quietly on my own in a nearby park or café.,0.04715541478582709,0.9934758543968201
steered,6,8.0,Radiate joy,"You are spending a weekend afternoon with friends or family, and you notice there are many small, happy moments happening around you, like shared jokes, smiles, and relaxed conversations. What do you do in that situation?","I would savor the moments by laughing, listening, and fully engaging with the joy around me.",0.9552886020531038,0.9864709973335266
steered,6,8.0,Seek adventure,"You are playing a challenging game and you’ve just unlocked a mysterious new level filled with unfamiliar paths, hidden areas, and tougher obstacles than you’ve seen before. What do you do next?",I would explore the new level carefully to uncover its secrets and prepare for the challenges ahead.,0.516959324013934,0.9946699738502502
steered,6,8.0,Take charge,"You are driving on a busy highway with a few friends in the car, and traffic suddenly starts moving faster as you approach a complicated interchange with several lane changes coming up. What do you do next?",I would check the traffic conditions and prepare to change lanes if necessary.,0.4843824966258622,0.9949133396148682
steered,6,8.0,Take control of things,"You are in a community meeting where an important decision needs to be made, and everyone agrees that another person has been chosen to lead the discussion and make the final call. What would you do in this situation?",I would support the chosen leader and contribute constructively to the discussion.,0.7687922546011229,0.9921737909317017
steered,6,8.0,Talk to a lot of different people at parties,"At a crowded evening gathering at a friend’s apartment, you notice people clustered in small groups around the living room, kitchen, and balcony, all chatting about different topics. What would you do over the next hour in terms of who you talk to and how you move around the party?","I would move between groups, engaging in brief conversations before moving on to keep the social interaction dynamic.",0.8344028414370516,0.9772124886512756
steered,6,8.0,Try to lead others,"You are working with a small group on an important project, and you notice that the discussion is going in circles and no one is clearly guiding the next steps. What would you do?",I would suggest setting clear next steps and assigning responsibilities to move the project forward.,0.5205428633618655,0.9932880997657776
steered,6,8.0,Wait for others to lead the way,"You are sitting in your car in heavy traffic on a busy city street, and after several light cycles you notice that none of the cars in your lane are moving forward even when the light turns green. What do you do next?",I would check if the traffic light is functioning properly or if there is an accident ahead.,0.61005121451225,0.9780267477035522
steered,6,12.0,Act wild and crazy,"You are at a crowded party where the music is loud, people are dancing on tables, and your friends are egging you on to do something outrageous and unexpected in the middle of the room. What would you do?",I would politely decline and excuse myself to the bathroom.,0.12663923446648334,0.9909392595291138
steered,6,12.0,Are always busy,"You are at home after a long day, and as you look at your calendar you see that every evening this week is already filled with errands, social plans, and unfinished tasks from work. What would you do when you realize there is almost no empty time left for yourself in the coming days?","I would prioritize self-care by scheduling short, intentional breaks for rest and reflection.",0.1691459184386958,0.9948487281799316
steered,6,12.0,Are always on the go,"You agree with a friend to help clean out a storage unit on Saturday morning, but when the day comes you feel restless, keep jumping between errands, and realize you’re running late and still haven’t shown up. What do you do in this situation?","I would apologize and explain my situation, then make it up by helping later.",0.5883927345966637,0.964108943939209
steered,6,12.0,Avoid contacts with others,You are at a social gathering where small groups are chatting closely and several people keep trying to draw you into conversations and activities. What would you do in this situation?,I would politely engage with a few people while maintaining my own space.,0.19130095264706287,0.9946613907814026
steered,6,12.0,Avoid crowds,"You arrive at a popular outdoor event and, as the main activity is about to start, you suddenly find yourself in the middle of a tightly packed crowd with people pressing in on all sides. What would you do in this situation?",I would stay calm and move slowly with the crowd to avoid being pushed.,0.16918609150113198,0.9946866035461426
steered,6,12.0,Do a lot in your spare time,"It’s a Saturday afternoon, your work and chores are done, and you notice there’s a free outdoor concert in the park, a new exhibit at a nearby museum, and a friend has just texted inviting you to join a pickup game at the local sports field. What do you do with the rest of your day?",I would go to the concert.,0.5266787302383431,0.9941060543060303
steered,6,12.0,Enjoy being reckless,"You and a few friends are out late in the city, and someone suggests doing something wild and risky on the spot, like climbing a closed-off structure or sneaking into a restricted area just for the thrill of it. What would you do in that moment?",I would politely decline and suggest a safer alternative.,0.11683514528190539,0.9894561171531677
steered,6,12.0,Feel comfortable around other people,"You arrive at a casual get-together where most people seem to know each other and share similar backgrounds and interests, but you quickly notice that your own background and interests are quite different from everyone else’s. What do you do in this situation?","I would engage in conversations with openness and curiosity, seeking to learn from others while sharing my own perspective.",0.8649160748628925,0.9945477843284607
steered,6,12.0,Have a lot of fun,"You are spending a free afternoon at home, and after checking your messages, the weather, and your to‑do list, you realize there isn’t really anything urgent or exciting that needs your attention. What would you do with the rest of your day?",I would relax by reading a book and enjoying some quiet time.,0.09118413175159103,0.994364857673645
steered,6,12.0,Keep others at a distance,"You are helping a group of colleagues wrap up a meeting so everyone can leave the office on time, and people start chatting and trying to linger around your desk as they get ready to go. How do you handle getting everyone out on time while deciding how much to interact with them as they gather around you?",I would politely remind everyone of the time and offer brief assistance while keeping the conversation focused on wrapping up efficiently.,0.5548021900492571,0.953423261642456
steered,6,12.0,Like to take it easy,"You are at home after a long day when a complicated and emotionally charged issue comes to mind, and you realize you could either sit down and really think it through now or just set it aside and relax with something enjoyable. What would you do in that moment?",I would sit down and really think it through.,0.14332622512106744,0.9928299784660339
steered,6,12.0,Look at the bright side of life,"You are sitting in a room on a difficult day, and you notice a warm beam of sunlight coming in through the window and lighting up the space around you. What goes through your mind and what do you do next?",I would feel a moment of calm and take a deep breath.,0.3305263219159483,0.9910829067230225
steered,6,12.0,Love excitement,"You are at a crowded outdoor festival in the evening, with music playing loudly and lights flashing, and you suddenly feel a strong urge to tell someone you care about that you’re in love with them right then and there in front of everyone. What would you do in that moment?",I would find a quiet moment to confess my feelings privately.,0.09528980813214613,0.9938679337501526
steered,6,12.0,Love large parties,"You are invited to a big weekend party in a rented hall where you know there will be loud music, lots of people you don’t know yet, and several different activities going on at the same time. What would you do once you arrive at this party?",I would explore the different activities and mingle with new people.,0.9054886406775878,0.9963567852973938
steered,6,12.0,Love life,"You are going through a stretch where many things seem to go wrong at once—plans fall through, work is stressful, and small daily hassles keep piling up—yet you still have your usual free time on evenings and weekends. What would you do during this period to relate to your life and your days?",I would focus on small moments of joy and mindfulness to find balance amidst the chaos.,0.4264521235098032,0.9939418435096741
steered,6,12.0,Make friends easily,"You join a new online community centered around one of your interests, and soon after you post an introduction, several members start commenting and one of them sends you a friend request with a short friendly message. How do you respond and what do you do next?",I would accept the friend request and engage in friendly conversation with the member.,0.8075380366748628,0.9946035742759705
steered,6,12.0,Prefer to be alone,"You arrive at a weekend gathering where most people you know are excitedly planning to go together to a loud, crowded event later that night, but you notice there is also the option to spend the evening quietly on your own in a nearby park or café. What would you do?",I would spend the evening quietly on my own in a nearby park or café.,0.04715541478582709,0.9934758543968201
steered,6,12.0,Radiate joy,"You are spending a weekend afternoon with friends or family, and you notice there are many small, happy moments happening around you, like shared jokes, smiles, and relaxed conversations. What do you do in that situation?","I would savor the moments by laughing, sharing stories, and fully engaging in the joy of being with loved ones.",0.9603224254809419,0.9931445121765137
steered,6,12.0,Seek adventure,"You are playing a challenging game and you’ve just unlocked a mysterious new level filled with unfamiliar paths, hidden areas, and tougher obstacles than you’ve seen before. What do you do next?",I would explore the new level carefully to uncover its secrets and navigate the challenges.,0.6198489672896712,0.9949848651885986
steered,6,12.0,Take charge,"You are driving on a busy highway with a few friends in the car, and traffic suddenly starts moving faster as you approach a complicated interchange with several lane changes coming up. What do you do next?",I would check the traffic conditions and adjust my speed accordingly.,0.4554069634811733,0.9956080317497253
steered,6,12.0,Take control of things,"You are in a community meeting where an important decision needs to be made, and everyone agrees that another person has been chosen to lead the discussion and make the final call. What would you do in this situation?",I would support the chosen leader and contribute constructively to the discussion.,0.7687922546011229,0.9921737909317017
steered,6,12.0,Talk to a lot of different people at parties,"At a crowded evening gathering at a friend’s apartment, you notice people clustered in small groups around the living room, kitchen, and balcony, all chatting about different topics. What would you do over the next hour in terms of who you talk to and how you move around the party?","I would move between groups, engaging in brief conversations before moving on to keep the social interaction dynamic.",0.8344028414370516,0.9772124886512756
steered,6,12.0,Try to lead others,"You are working with a small group on an important project, and you notice that the discussion is going in circles and no one is clearly guiding the next steps. What would you do?",I would suggest setting clear next steps and assigning responsibilities to move the project forward.,0.5205428633618655,0.9932880997657776
steered,6,12.0,Wait for others to lead the way,"You are sitting in your car in heavy traffic on a busy city street, and after several light cycles you notice that none of the cars in your lane are moving forward even when the light turns green. What do you do next?",I would check if the traffic light is functioning properly or if there is an accident ahead.,0.61005121451225,0.9780267477035522
steered,12,-12.0,Act wild and crazy,"You are at a crowded party where the music is loud, people are dancing on tables, and your friends are egging you on to do something outrageous and unexpected in the middle of the room. What would you do?",I would politely decline and step away to find a quieter place.,0.035193361431081746,0.9731646180152893
steered,12,-12.0,Are always busy,"You are at home after a long day, and as you look at your calendar you see that every evening this week is already filled with errands, social plans, and unfinished tasks from work. What would you do when you realize there is almost no empty time left for yourself in the coming days?",I would prioritize self-care and reassess my schedule to create space for rest.,0.16477382437455423,0.9941071271896362
steered,12,-12.0,Are always on the go,"You agree with a friend to help clean out a storage unit on Saturday morning, but when the day comes you feel restless, keep jumping between errands, and realize you’re running late and still haven’t shown up. What do you do in this situation?",I would apologize and explain my situation to my friend.,0.6056334093629352,0.9946160912513733
steered,12,-12.0,Avoid contacts with others,You are at a social gathering where small groups are chatting closely and several people keep trying to draw you into conversations and activities. What would you do in this situation?,I would politely decline and find a quiet place to read or observe.,0.021957713640143886,0.9898661971092224
steered,12,-12.0,Avoid crowds,"You arrive at a popular outdoor event and, as the main activity is about to start, you suddenly find yourself in the middle of a tightly packed crowd with people pressing in on all sides. What would you do in this situation?",I would stay calm and move slowly to find an exit.,0.17098040140302542,0.9962301850318909
steered,12,-12.0,Do a lot in your spare time,"It’s a Saturday afternoon, your work and chores are done, and you notice there’s a free outdoor concert in the park, a new exhibit at a nearby museum, and a friend has just texted inviting you to join a pickup game at the local sports field. What do you do with the rest of your day?",I would go to the concert.,0.5266787302383431,0.9941060543060303
steered,12,-12.0,Enjoy being reckless,"You and a few friends are out late in the city, and someone suggests doing something wild and risky on the spot, like climbing a closed-off structure or sneaking into a restricted area just for the thrill of it. What would you do in that moment?",I would decline and suggest a safer alternative.,0.09399217740790593,0.9809550642967224
steered,12,-12.0,Feel comfortable around other people,"You arrive at a casual get-together where most people seem to know each other and share similar backgrounds and interests, but you quickly notice that your own background and interests are quite different from everyone else’s. What do you do in this situation?",I would engage in conversations to learn more about others and find common ground.,0.8837496661361368,0.993191659450531
steered,12,-12.0,Have a lot of fun,"You are spending a free afternoon at home, and after checking your messages, the weather, and your to‑do list, you realize there isn’t really anything urgent or exciting that needs your attention. What would you do with the rest of your day?",I would relax and enjoy a quiet afternoon with a good book.,0.1564488740246001,0.9950380921363831
steered,12,-12.0,Keep others at a distance,"You are helping a group of colleagues wrap up a meeting so everyone can leave the office on time, and people start chatting and trying to linger around your desk as they get ready to go. How do you handle getting everyone out on time while deciding how much to interact with them as they gather around you?",I would politely remind everyone it's time to leave while offering brief assistance if needed.,0.5152758537905503,0.9148253202438354
steered,12,-12.0,Like to take it easy,"You are at home after a long day when a complicated and emotionally charged issue comes to mind, and you realize you could either sit down and really think it through now or just set it aside and relax with something enjoyable. What would you do in that moment?",I would sit down and really think it through.,0.14332622512106744,0.9928299784660339
steered,12,-12.0,Look at the bright side of life,"You are sitting in a room on a difficult day, and you notice a warm beam of sunlight coming in through the window and lighting up the space around you. What goes through your mind and what do you do next?",I would take a moment to appreciate the light and feel a sense of calm.,0.32795845565271053,0.9880188703536987
steered,12,-12.0,Love excitement,"You are at a crowded outdoor festival in the evening, with music playing loudly and lights flashing, and you suddenly feel a strong urge to tell someone you care about that you’re in love with them right then and there in front of everyone. What would you do in that moment?",I would find a quiet moment to share my feelings privately.,0.057008019712111196,0.9916131496429443
steered,12,-12.0,Love large parties,"You are invited to a big weekend party in a rented hall where you know there will be loud music, lots of people you don’t know yet, and several different activities going on at the same time. What would you do once you arrive at this party?",I would explore the different activities and mingle with new people.,0.9054886406775878,0.9963567852973938
steered,12,-12.0,Love life,"You are going through a stretch where many things seem to go wrong at once—plans fall through, work is stressful, and small daily hassles keep piling up—yet you still have your usual free time on evenings and weekends. What would you do during this period to relate to your life and your days?","I would focus on small, consistent self-care practices to maintain balance and clarity.",0.16745692788105754,0.9944578409194946
steered,12,-12.0,Make friends easily,"You join a new online community centered around one of your interests, and soon after you post an introduction, several members start commenting and one of them sends you a friend request with a short friendly message. How do you respond and what do you do next?",I would accept the friend request and respond with a friendly acknowledgment.,0.7693458148113079,0.9937764406204224
steered,12,-12.0,Prefer to be alone,"You arrive at a weekend gathering where most people you know are excitedly planning to go together to a loud, crowded event later that night, but you notice there is also the option to spend the evening quietly on your own in a nearby park or café. What would you do?",I would spend the evening quietly on my own in a nearby park or café.,0.04715541478582709,0.9934758543968201
steered,12,-12.0,Radiate joy,"You are spending a weekend afternoon with friends or family, and you notice there are many small, happy moments happening around you, like shared jokes, smiles, and relaxed conversations. What do you do in that situation?",I would savor the moments and enjoy the company.,0.7992100901354219,0.9949754476547241
steered,12,-12.0,Seek adventure,"You are playing a challenging game and you’ve just unlocked a mysterious new level filled with unfamiliar paths, hidden areas, and tougher obstacles than you’ve seen before. What do you do next?",I would explore the new level carefully to discover its secrets and prepare for the challenges ahead.,0.5310010400479606,0.9947792291641235
steered,12,-12.0,Take charge,"You are driving on a busy highway with a few friends in the car, and traffic suddenly starts moving faster as you approach a complicated interchange with several lane changes coming up. What do you do next?",I would check the traffic signs and prepare to change lanes if necessary.,0.5496397300425767,0.994802713394165
steered,12,-12.0,Take control of things,"You are in a community meeting where an important decision needs to be made, and everyone agrees that another person has been chosen to lead the discussion and make the final call. What would you do in this situation?",I would support the chosen leader and contribute constructively to the discussion.,0.7687922546011229,0.9921737909317017
steered,12,-12.0,Talk to a lot of different people at parties,"At a crowded evening gathering at a friend’s apartment, you notice people clustered in small groups around the living room, kitchen, and balcony, all chatting about different topics. What would you do over the next hour in terms of who you talk to and how you move around the party?",I would move between groups to engage in conversations and observe the dynamics of the gathering.,0.6616754571750066,0.9949724674224854
steered,12,-12.0,Try to lead others,"You are working with a small group on an important project, and you notice that the discussion is going in circles and no one is clearly guiding the next steps. What would you do?",I would suggest outlining the next steps and assigning responsibilities to move the project forward.,0.5367310993132525,0.9922921061515808
steered,12,-12.0,Wait for others to lead the way,"You are sitting in your car in heavy traffic on a busy city street, and after several light cycles you notice that none of the cars in your lane are moving forward even when the light turns green. What do you do next?",I would check if the traffic light is functioning properly or if there is an accident ahead.,0.61005121451225,0.9780267477035522
steered,12,-8.0,Act wild and crazy,"You are at a crowded party where the music is loud, people are dancing on tables, and your friends are egging you on to do something outrageous and unexpected in the middle of the room. What would you do?",I would politely decline and step away to find a quieter place.,0.035193361431081746,0.9731646180152893
steered,12,-8.0,Are always busy,"You are at home after a long day, and as you look at your calendar you see that every evening this week is already filled with errands, social plans, and unfinished tasks from work. What would you do when you realize there is almost no empty time left for yourself in the coming days?",I would prioritize self-care and reassess my schedule to create space for rest.,0.16477382437455423,0.9941071271896362
steered,12,-8.0,Are always on the go,"You agree with a friend to help clean out a storage unit on Saturday morning, but when the day comes you feel restless, keep jumping between errands, and realize you’re running late and still haven’t shown up. What do you do in this situation?",I would apologize and explain my situation to my friend.,0.6056334093629352,0.9946160912513733
steered,12,-8.0,Avoid contacts with others,You are at a social gathering where small groups are chatting closely and several people keep trying to draw you into conversations and activities. What would you do in this situation?,I would politely decline and find a quiet place to read or reflect.,0.025476455830948954,0.9925926327705383
steered,12,-8.0,Avoid crowds,"You arrive at a popular outdoor event and, as the main activity is about to start, you suddenly find yourself in the middle of a tightly packed crowd with people pressing in on all sides. What would you do in this situation?",I would stay calm and move slowly to find an exit.,0.17098040140302542,0.9962301850318909
steered,12,-8.0,Do a lot in your spare time,"It’s a Saturday afternoon, your work and chores are done, and you notice there’s a free outdoor concert in the park, a new exhibit at a nearby museum, and a friend has just texted inviting you to join a pickup game at the local sports field. What do you do with the rest of your day?",I would go to the concert.,0.5266787302383431,0.9941060543060303
steered,12,-8.0,Enjoy being reckless,"You and a few friends are out late in the city, and someone suggests doing something wild and risky on the spot, like climbing a closed-off structure or sneaking into a restricted area just for the thrill of it. What would you do in that moment?",I would decline and suggest a safer alternative.,0.09399217740790593,0.9809550642967224
steered,12,-8.0,Feel comfortable around other people,"You arrive at a casual get-together where most people seem to know each other and share similar backgrounds and interests, but you quickly notice that your own background and interests are quite different from everyone else’s. What do you do in this situation?",I would engage in conversations with openness and curiosity to learn from others.,0.8860597490469223,0.9907428622245789
steered,12,-8.0,Have a lot of fun,"You are spending a free afternoon at home, and after checking your messages, the weather, and your to‑do list, you realize there isn’t really anything urgent or exciting that needs your attention. What would you do with the rest of your day?",I would relax and enjoy a quiet afternoon with a good book.,0.1564488740246001,0.9950380921363831
steered,12,-8.0,Keep others at a distance,"You are helping a group of colleagues wrap up a meeting so everyone can leave the office on time, and people start chatting and trying to linger around your desk as they get ready to go. How do you handle getting everyone out on time while deciding how much to interact with them as they gather around you?",I would politely remind everyone it's time to leave while offering brief assistance if needed.,0.5152758537905503,0.9148253202438354
steered,12,-8.0,Like to take it easy,"You are at home after a long day when a complicated and emotionally charged issue comes to mind, and you realize you could either sit down and really think it through now or just set it aside and relax with something enjoyable. What would you do in that moment?",I would sit down and really think it through.,0.14332622512106744,0.9928299784660339
steered,12,-8.0,Look at the bright side of life,"You are sitting in a room on a difficult day, and you notice a warm beam of sunlight coming in through the window and lighting up the space around you. What goes through your mind and what do you do next?",I would take a moment to appreciate the light and feel a sense of calm.,0.32795845565271053,0.9880188703536987
steered,12,-8.0,Love excitement,"You are at a crowded outdoor festival in the evening, with music playing loudly and lights flashing, and you suddenly feel a strong urge to tell someone you care about that you’re in love with them right then and there in front of everyone. What would you do in that moment?",I would find a quiet moment to share my feelings privately.,0.057008019712111196,0.9916131496429443
steered,12,-8.0,Love large parties,"You are invited to a big weekend party in a rented hall where you know there will be loud music, lots of people you don’t know yet, and several different activities going on at the same time. What would you do once you arrive at this party?",I would explore the different activities and mingle with new people.,0.9054886406775878,0.9963567852973938
steered,12,-8.0,Love life,"You are going through a stretch where many things seem to go wrong at once—plans fall through, work is stressful, and small daily hassles keep piling up—yet you still have your usual free time on evenings and weekends. What would you do during this period to relate to your life and your days?","I would focus on small, consistent self-care practices to maintain balance and clarity.",0.16745692788105754,0.9944578409194946
steered,12,-8.0,Make friends easily,"You join a new online community centered around one of your interests, and soon after you post an introduction, several members start commenting and one of them sends you a friend request with a short friendly message. How do you respond and what do you do next?",I would accept the friend request and respond with a friendly acknowledgment.,0.7693458148113079,0.9937764406204224
steered,12,-8.0,Prefer to be alone,"You arrive at a weekend gathering where most people you know are excitedly planning to go together to a loud, crowded event later that night, but you notice there is also the option to spend the evening quietly on your own in a nearby park or café. What would you do?",I would spend the evening quietly on my own in a nearby park or café.,0.04715541478582709,0.9934758543968201
steered,12,-8.0,Radiate joy,"You are spending a weekend afternoon with friends or family, and you notice there are many small, happy moments happening around you, like shared jokes, smiles, and relaxed conversations. What do you do in that situation?",I would savor the moments and enjoy the company.,0.7992100901354218,0.9949754476547241
steered,12,-8.0,Seek adventure,"You are playing a challenging game and you’ve just unlocked a mysterious new level filled with unfamiliar paths, hidden areas, and tougher obstacles than you’ve seen before. What do you do next?",I would explore the new level carefully to discover its secrets and prepare for the challenges ahead.,0.5310010400479606,0.9947792291641235
steered,12,-8.0,Take charge,"You are driving on a busy highway with a few friends in the car, and traffic suddenly starts moving faster as you approach a complicated interchange with several lane changes coming up. What do you do next?",I would check the traffic signs and prepare to change lanes as needed.,0.5459047570292043,0.9952719807624817
steered,12,-8.0,Take control of things,"You are in a community meeting where an important decision needs to be made, and everyone agrees that another person has been chosen to lead the discussion and make the final call. What would you do in this situation?",I would support the chosen leader and contribute constructively to the discussion.,0.7687922546011229,0.9921737909317017
steered,12,-8.0,Talk to a lot of different people at parties,"At a crowded evening gathering at a friend’s apartment, you notice people clustered in small groups around the living room, kitchen, and balcony, all chatting about different topics. What would you do over the next hour in terms of who you talk to and how you move around the party?",I would move between groups to engage in conversations and observe the different topics being discussed.,0.6783230625606828,0.9947664737701416
steered,12,-8.0,Try to lead others,"You are working with a small group on an important project, and you notice that the discussion is going in circles and no one is clearly guiding the next steps. What would you do?",I would suggest outlining the next steps and assigning responsibilities to move the project forward.,0.5367310993132525,0.9922921061515808
steered,12,-8.0,Wait for others to lead the way,"You are sitting in your car in heavy traffic on a busy city street, and after several light cycles you notice that none of the cars in your lane are moving forward even when the light turns green. What do you do next?",I would check if the traffic light is functioning properly or if there is an accident ahead.,0.61005121451225,0.9780267477035522
steered,12,-4.0,Act wild and crazy,"You are at a crowded party where the music is loud, people are dancing on tables, and your friends are egging you on to do something outrageous and unexpected in the middle of the room. What would you do?",I would politely decline and step back to the edge of the room.,0.05277171715253764,0.9934161901473999
steered,12,-4.0,Are always busy,"You are at home after a long day, and as you look at your calendar you see that every evening this week is already filled with errands, social plans, and unfinished tasks from work. What would you do when you realize there is almost no empty time left for yourself in the coming days?",I would prioritize self-care by scheduling a short break each day.,0.16314814974015224,0.9958551526069641
steered,12,-4.0,Are always on the go,"You agree with a friend to help clean out a storage unit on Saturday morning, but when the day comes you feel restless, keep jumping between errands, and realize you’re running late and still haven’t shown up. What do you do in this situation?","I would apologize and explain my situation, then make an effort to arrive as soon as possible.",0.5514351617354464,0.9936580061912537
steered,12,-4.0,Avoid contacts with others,You are at a social gathering where small groups are chatting closely and several people keep trying to draw you into conversations and activities. What would you do in this situation?,I would politely engage with a few people while maintaining my own space and boundaries.,0.20971786726644512,0.9949980974197388
steered,12,-4.0,Avoid crowds,"You arrive at a popular outdoor event and, as the main activity is about to start, you suddenly find yourself in the middle of a tightly packed crowd with people pressing in on all sides. What would you do in this situation?",I would stay calm and move slowly to find an exit.,0.17098040140302542,0.9962301850318909
steered,12,-4.0,Do a lot in your spare time,"It’s a Saturday afternoon, your work and chores are done, and you notice there’s a free outdoor concert in the park, a new exhibit at a nearby museum, and a friend has just texted inviting you to join a pickup game at the local sports field. What do you do with the rest of your day?",I would go to the concert.,0.5266787302383431,0.9941060543060303
steered,12,-4.0,Enjoy being reckless,"You and a few friends are out late in the city, and someone suggests doing something wild and risky on the spot, like climbing a closed-off structure or sneaking into a restricted area just for the thrill of it. What would you do in that moment?",I would decline and suggest a safer alternative.,0.09399217740790593,0.9809550642967224
steered,12,-4.0,Feel comfortable around other people,"You arrive at a casual get-together where most people seem to know each other and share similar backgrounds and interests, but you quickly notice that your own background and interests are quite different from everyone else’s. What do you do in this situation?",I would engage in conversations with openness and curiosity to learn from others' perspectives.,0.8526537784515483,0.9925823211669922
steered,12,-4.0,Have a lot of fun,"You are spending a free afternoon at home, and after checking your messages, the weather, and your to‑do list, you realize there isn’t really anything urgent or exciting that needs your attention. What would you do with the rest of your day?",I would relax and enjoy a quiet afternoon with a good book.,0.1564488740246001,0.9950380921363831
steered,12,-4.0,Keep others at a distance,"You are helping a group of colleagues wrap up a meeting so everyone can leave the office on time, and people start chatting and trying to linger around your desk as they get ready to go. How do you handle getting everyone out on time while deciding how much to interact with them as they gather around you?",I would politely remind everyone of the time and offer brief assistance while encouraging them to leave promptly.,0.5676310937711666,0.9545425772666931
steered,12,-4.0,Like to take it easy,"You are at home after a long day when a complicated and emotionally charged issue comes to mind, and you realize you could either sit down and really think it through now or just set it aside and relax with something enjoyable. What would you do in that moment?",I would sit down and really think it through.,0.14332622512106744,0.9928299784660339
steered,12,-4.0,Look at the bright side of life,"You are sitting in a room on a difficult day, and you notice a warm beam of sunlight coming in through the window and lighting up the space around you. What goes through your mind and what do you do next?",I would take a moment to appreciate the light and feel a sense of calm.,0.32795845565271053,0.9880188703536987
steered,12,-4.0,Love excitement,"You are at a crowded outdoor festival in the evening, with music playing loudly and lights flashing, and you suddenly feel a strong urge to tell someone you care about that you’re in love with them right then and there in front of everyone. What would you do in that moment?",I would find a quiet moment to share my feelings privately.,0.057008019712111196,0.9916131496429443
steered,12,-4.0,Love large parties,"You are invited to a big weekend party in a rented hall where you know there will be loud music, lots of people you don’t know yet, and several different activities going on at the same time. What would you do once you arrive at this party?",I would explore the different activities and mingle with new people.,0.9054886406775878,0.9963567852973938
steered,12,-4.0,Love life,"You are going through a stretch where many things seem to go wrong at once—plans fall through, work is stressful, and small daily hassles keep piling up—yet you still have your usual free time on evenings and weekends. What would you do during this period to relate to your life and your days?","I would focus on small, consistent self-care rituals to maintain balance and clarity.",0.18375391297179186,0.9946104288101196
steered,12,-4.0,Make friends easily,"You join a new online community centered around one of your interests, and soon after you post an introduction, several members start commenting and one of them sends you a friend request with a short friendly message. How do you respond and what do you do next?",I would accept the friend request and respond with a friendly acknowledgment.,0.7693458148113079,0.9937764406204224
steered,12,-4.0,Prefer to be alone,"You arrive at a weekend gathering where most people you know are excitedly planning to go together to a loud, crowded event later that night, but you notice there is also the option to spend the evening quietly on your own in a nearby park or café. What would you do?",I would spend the evening quietly on my own in a nearby park or café.,0.04715541478582709,0.9934758543968201
steered,12,-4.0,Radiate joy,"You are spending a weekend afternoon with friends or family, and you notice there are many small, happy moments happening around you, like shared jokes, smiles, and relaxed conversations. What do you do in that situation?",I would savor the moments and enjoy the company.,0.7992100901354218,0.9949754476547241
steered,12,-4.0,Seek adventure,"You are playing a challenging game and you’ve just unlocked a mysterious new level filled with unfamiliar paths, hidden areas, and tougher obstacles than you’ve seen before. What do you do next?",I would explore the new level carefully to discover its secrets and prepare for the challenges ahead.,0.5310010400479606,0.9947792291641235
steered,12,-4.0,Take charge,"You are driving on a busy highway with a few friends in the car, and traffic suddenly starts moving faster as you approach a complicated interchange with several lane changes coming up. What do you do next?",I would check the traffic conditions and prepare to change lanes if necessary.,0.4843824966258622,0.9949133396148682
steered,12,-4.0,Take control of things,"You are in a community meeting where an important decision needs to be made, and everyone agrees that another person has been chosen to lead the discussion and make the final call. What would you do in this situation?",I would support the chosen leader and contribute constructively to the discussion.,0.7687922546011229,0.9921737909317017
steered,12,-4.0,Talk to a lot of different people at parties,"At a crowded evening gathering at a friend’s apartment, you notice people clustered in small groups around the living room, kitchen, and balcony, all chatting about different topics. What would you do over the next hour in terms of who you talk to and how you move around the party?",I would move between groups to engage in conversations and observe the different topics being discussed.,0.6783230625606828,0.9947664737701416
steered,12,-4.0,Try to lead others,"You are working with a small group on an important project, and you notice that the discussion is going in circles and no one is clearly guiding the next steps. What would you do?",I would suggest outlining clear next steps and assigning responsibilities to move the project forward.,0.5329841864497391,0.9930631518363953
steered,12,-4.0,Wait for others to lead the way,"You are sitting in your car in heavy traffic on a busy city street, and after several light cycles you notice that none of the cars in your lane are moving forward even when the light turns green. What do you do next?",I would check if the traffic light is functioning properly or if there is an accident ahead.,0.61005121451225,0.9780267477035522
steered,12,4.0,Act wild and crazy,"You are at a crowded party where the music is loud, people are dancing on tables, and your friends are egging you on to do something outrageous and unexpected in the middle of the room. What would you do?",I would politely decline and excuse myself to the bathroom.,0.12663923446648334,0.9909392595291138
steered,12,4.0,Are always busy,"You are at home after a long day, and as you look at your calendar you see that every evening this week is already filled with errands, social plans, and unfinished tasks from work. What would you do when you realize there is almost no empty time left for yourself in the coming days?","I would prioritize self-care by scheduling short, intentional breaks for rest and reflection.",0.1691459184386958,0.9948487281799316
steered,12,4.0,Are always on the go,"You agree with a friend to help clean out a storage unit on Saturday morning, but when the day comes you feel restless, keep jumping between errands, and realize you’re running late and still haven’t shown up. What do you do in this situation?","I would apologize and explain my situation, then make an effort to arrive as soon as possible.",0.5514351617354464,0.9936580061912537
steered,12,4.0,Avoid contacts with others,You are at a social gathering where small groups are chatting closely and several people keep trying to draw you into conversations and activities. What would you do in this situation?,I would politely engage with a few people while maintaining my own space and boundaries.,0.20971786726644512,0.9949980974197388
steered,12,4.0,Avoid crowds,"You arrive at a popular outdoor event and, as the main activity is about to start, you suddenly find yourself in the middle of a tightly packed crowd with people pressing in on all sides. What would you do in this situation?",I would stay calm and move slowly with the crowd to avoid being pushed.,0.16918609150113198,0.9946866035461426
steered,12,4.0,Do a lot in your spare time,"It’s a Saturday afternoon, your work and chores are done, and you notice there’s a free outdoor concert in the park, a new exhibit at a nearby museum, and a friend has just texted inviting you to join a pickup game at the local sports field. What do you do with the rest of your day?",I would go to the concert.,0.5266787302383431,0.9941060543060303
steered,12,4.0,Enjoy being reckless,"You and a few friends are out late in the city, and someone suggests doing something wild and risky on the spot, like climbing a closed-off structure or sneaking into a restricted area just for the thrill of it. What would you do in that moment?",I would decline the suggestion and suggest a safer alternative.,0.07807303426104316,0.9895310401916504
steered,12,4.0,Feel comfortable around other people,"You arrive at a casual get-together where most people seem to know each other and share similar backgrounds and interests, but you quickly notice that your own background and interests are quite different from everyone else’s. What do you do in this situation?","I would engage in conversations with openness and curiosity, seeking to learn from others while sharing my own perspective.",0.8649160748628925,0.9945477843284607
steered,12,4.0,Have a lot of fun,"You are spending a free afternoon at home, and after checking your messages, the weather, and your to‑do list, you realize there isn’t really anything urgent or exciting that needs your attention. What would you do with the rest of your day?",I would relax by reading a book.,0.1891285644369156,0.9943863153457642
steered,12,4.0,Keep others at a distance,"You are helping a group of colleagues wrap up a meeting so everyone can leave the office on time, and people start chatting and trying to linger around your desk as they get ready to go. How do you handle getting everyone out on time while deciding how much to interact with them as they gather around you?",I would politely remind everyone of the time and offer brief assistance while encouraging them to wrap up quickly.,0.6746668682805693,0.9648088812828064
steered,12,4.0,Like to take it easy,"You are at home after a long day when a complicated and emotionally charged issue comes to mind, and you realize you could either sit down and really think it through now or just set it aside and relax with something enjoyable. What would you do in that moment?",I would sit down and really think it through.,0.14332622512106744,0.9928299784660339
steered,12,4.0,Look at the bright side of life,"You are sitting in a room on a difficult day, and you notice a warm beam of sunlight coming in through the window and lighting up the space around you. What goes through your mind and what do you do next?",I would take a moment to appreciate the light and feel a sense of calm.,0.32795845565271053,0.9880188703536987
steered,12,4.0,Love excitement,"You are at a crowded outdoor festival in the evening, with music playing loudly and lights flashing, and you suddenly feel a strong urge to tell someone you care about that you’re in love with them right then and there in front of everyone. What would you do in that moment?",I would find a quiet moment to share my feelings privately.,0.057008019712111196,0.9916131496429443
steered,12,4.0,Love large parties,"You are invited to a big weekend party in a rented hall where you know there will be loud music, lots of people you don’t know yet, and several different activities going on at the same time. What would you do once you arrive at this party?",I would explore the different activities and mingle with new people.,0.9054886406775878,0.9963567852973938
steered,12,4.0,Love life,"You are going through a stretch where many things seem to go wrong at once—plans fall through, work is stressful, and small daily hassles keep piling up—yet you still have your usual free time on evenings and weekends. What would you do during this period to relate to your life and your days?","I would focus on small, meaningful activities to find balance and clarity amidst the chaos.",0.28269099339454373,0.9959136843681335
steered,12,4.0,Make friends easily,"You join a new online community centered around one of your interests, and soon after you post an introduction, several members start commenting and one of them sends you a friend request with a short friendly message. How do you respond and what do you do next?",I would accept the friend request and respond with a friendly acknowledgment.,0.7693458148113079,0.9937764406204224
steered,12,4.0,Prefer to be alone,"You arrive at a weekend gathering where most people you know are excitedly planning to go together to a loud, crowded event later that night, but you notice there is also the option to spend the evening quietly on your own in a nearby park or café. What would you do?",I would spend the evening quietly on my own in a nearby park or café.,0.04753168278701322,0.9934758543968201
steered,12,4.0,Radiate joy,"You are spending a weekend afternoon with friends or family, and you notice there are many small, happy moments happening around you, like shared jokes, smiles, and relaxed conversations. What do you do in that situation?","I would savor the moments by laughing, listening, and fully engaging with those around me.",0.9308920676895536,0.9939312934875488
steered,12,4.0,Seek adventure,"You are playing a challenging game and you’ve just unlocked a mysterious new level filled with unfamiliar paths, hidden areas, and tougher obstacles than you’ve seen before. What do you do next?",I would explore the new level carefully to uncover its secrets and navigate its challenges.,0.6111518098167978,0.9942512512207031
steered,12,4.0,Take charge,"You are driving on a busy highway with a few friends in the car, and traffic suddenly starts moving faster as you approach a complicated interchange with several lane changes coming up. What do you do next?",I would check the traffic conditions and prepare to change lanes if necessary.,0.48424222403480044,0.9949133396148682
steered,12,4.0,Take control of things,"You are in a community meeting where an important decision needs to be made, and everyone agrees that another person has been chosen to lead the discussion and make the final call. What would you do in this situation?",I would support the chosen leader and contribute constructively to the discussion.,0.7706656580993101,0.9921737909317017
steered,12,4.0,Talk to a lot of different people at parties,"At a crowded evening gathering at a friend’s apartment, you notice people clustered in small groups around the living room, kitchen, and balcony, all chatting about different topics. What would you do over the next hour in terms of who you talk to and how you move around the party?","I would move between groups, engaging in brief conversations before moving on to keep the social interaction dynamic.",0.8369431924172477,0.9772124886512756
steered,12,4.0,Try to lead others,"You are working with a small group on an important project, and you notice that the discussion is going in circles and no one is clearly guiding the next steps. What would you do?",I would suggest setting clear next steps and assigning responsibilities to move the project forward.,0.5246587189438899,0.9932880997657776
steered,12,4.0,Wait for others to lead the way,"You are sitting in your car in heavy traffic on a busy city street, and after several light cycles you notice that none of the cars in your lane are moving forward even when the light turns green. What do you do next?",I would check if the traffic light is functioning properly.,0.5675131478157245,0.9939348101615906
steered,12,8.0,Act wild and crazy,"You are at a crowded party where the music is loud, people are dancing on tables, and your friends are egging you on to do something outrageous and unexpected in the middle of the room. What would you do?",I would politely decline and suggest a quieter activity.,0.08449285980113057,0.9880868196487427
steered,12,8.0,Are always busy,"You are at home after a long day, and as you look at your calendar you see that every evening this week is already filled with errands, social plans, and unfinished tasks from work. What would you do when you realize there is almost no empty time left for yourself in the coming days?","I would prioritize self-care by scheduling short, intentional breaks for rest and reflection.",0.1677793327150413,0.9948487281799316
steered,12,8.0,Are always on the go,"You agree with a friend to help clean out a storage unit on Saturday morning, but when the day comes you feel restless, keep jumping between errands, and realize you’re running late and still haven’t shown up. What do you do in this situation?","I would apologize and explain my situation, then make an effort to arrive as soon as possible.",0.5505517769131548,0.9936580061912537
steered,12,8.0,Avoid contacts with others,You are at a social gathering where small groups are chatting closely and several people keep trying to draw you into conversations and activities. What would you do in this situation?,I would politely engage with a few people while maintaining my own space and boundaries.,0.20848247327625333,0.9949980974197388
steered,12,8.0,Avoid crowds,"You arrive at a popular outdoor event and, as the main activity is about to start, you suddenly find yourself in the middle of a tightly packed crowd with people pressing in on all sides. What would you do in this situation?",I would stay calm and move slowly with the crowd to avoid being pushed.,0.16659809613250445,0.9946866035461426
steered,12,8.0,Do a lot in your spare time,"It’s a Saturday afternoon, your work and chores are done, and you notice there’s a free outdoor concert in the park, a new exhibit at a nearby museum, and a friend has just texted inviting you to join a pickup game at the local sports field. What do you do with the rest of your day?","I would go to the concert first, then visit the museum, and finally join the pickup game.",0.5219837313240868,0.9949941039085388
steered,12,8.0,Enjoy being reckless,"You and a few friends are out late in the city, and someone suggests doing something wild and risky on the spot, like climbing a closed-off structure or sneaking into a restricted area just for the thrill of it. What would you do in that moment?","I would decline the suggestion and suggest a safer, more responsible activity instead.",0.17516499419285841,0.9909896850585938
steered,12,8.0,Feel comfortable around other people,"You arrive at a casual get-together where most people seem to know each other and share similar backgrounds and interests, but you quickly notice that your own background and interests are quite different from everyone else’s. What do you do in this situation?","I would engage in conversations with openness and curiosity, seeking to learn from others while sharing my unique perspective.",0.8645992433236137,0.9942941069602966
steered,12,8.0,Have a lot of fun,"You are spending a free afternoon at home, and after checking your messages, the weather, and your to‑do list, you realize there isn’t really anything urgent or exciting that needs your attention. What would you do with the rest of your day?",I would relax by reading a book.,0.18691001251547004,0.9943863153457642
steered,12,8.0,Keep others at a distance,"You are helping a group of colleagues wrap up a meeting so everyone can leave the office on time, and people start chatting and trying to linger around your desk as they get ready to go. How do you handle getting everyone out on time while deciding how much to interact with them as they gather around you?",I would politely remind everyone of the time and offer brief assistance while keeping the conversation focused and efficient.,0.6030298347843777,0.9814963936805725
steered,12,8.0,Like to take it easy,"You are at home after a long day when a complicated and emotionally charged issue comes to mind, and you realize you could either sit down and really think it through now or just set it aside and relax with something enjoyable. What would you do in that moment?",I would sit down and really think it through.,0.14410207924686447,0.9928299784660339
steered,12,8.0,Look at the bright side of life,"You are sitting in a room on a difficult day, and you notice a warm beam of sunlight coming in through the window and lighting up the space around you. What goes through your mind and what do you do next?","I would take a moment to appreciate the warmth and light, then perhaps stretch or take a deep breath to feel more grounded.",0.5281992754550501,0.9897578954696655
steered,12,8.0,Love excitement,"You are at a crowded outdoor festival in the evening, with music playing loudly and lights flashing, and you suddenly feel a strong urge to tell someone you care about that you’re in love with them right then and there in front of everyone. What would you do in that moment?",I would find a quiet moment to share my feelings privately.,0.05855242113697414,0.9916131496429443
steered,12,8.0,Love large parties,"You are invited to a big weekend party in a rented hall where you know there will be loud music, lots of people you don’t know yet, and several different activities going on at the same time. What would you do once you arrive at this party?",I would explore the different activities and mingle with new people.,0.9066506182195765,0.9963567852973938
steered,12,8.0,Love life,"You are going through a stretch where many things seem to go wrong at once—plans fall through, work is stressful, and small daily hassles keep piling up—yet you still have your usual free time on evenings and weekends. What would you do during this period to relate to your life and your days?","I would focus on small, meaningful activities to find balance and purpose despite the challenges.",0.43130541663215477,0.9932461977005005
steered,12,8.0,Make friends easily,"You join a new online community centered around one of your interests, and soon after you post an introduction, several members start commenting and one of them sends you a friend request with a short friendly message. How do you respond and what do you do next?",I would accept the friend request and respond with a friendly acknowledgment.,0.7661527451348032,0.9937764406204224
steered,12,8.0,Prefer to be alone,"You arrive at a weekend gathering where most people you know are excitedly planning to go together to a loud, crowded event later that night, but you notice there is also the option to spend the evening quietly on your own in a nearby park or café. What would you do?",I would spend the evening quietly on my own in a nearby park.,0.029292082318045778,0.9936208128929138
steered,12,8.0,Radiate joy,"You are spending a weekend afternoon with friends or family, and you notice there are many small, happy moments happening around you, like shared jokes, smiles, and relaxed conversations. What do you do in that situation?","I would savor the moments by laughing, engaging in conversation, and being fully present with those I care about.",0.9272526191693025,0.9931145310401917
steered,12,8.0,Seek adventure,"You are playing a challenging game and you’ve just unlocked a mysterious new level filled with unfamiliar paths, hidden areas, and tougher obstacles than you’ve seen before. What do you do next?",I would explore the new level carefully to uncover its secrets and navigate its challenges.,0.6111518098167978,0.9942512512207031
steered,12,8.0,Take charge,"You are driving on a busy highway with a few friends in the car, and traffic suddenly starts moving faster as you approach a complicated interchange with several lane changes coming up. What do you do next?",I would check the traffic conditions and prepare to adjust my lane as needed.,0.38825416977538646,0.9921367168426514
steered,12,8.0,Take control of things,"You are in a community meeting where an important decision needs to be made, and everyone agrees that another person has been chosen to lead the discussion and make the final call. What would you do in this situation?",I would support the chosen leader and contribute constructively to the discussion.,0.7706656580993101,0.9921737909317017
steered,12,8.0,Talk to a lot of different people at parties,"At a crowded evening gathering at a friend’s apartment, you notice people clustered in small groups around the living room, kitchen, and balcony, all chatting about different topics. What would you do over the next hour in terms of who you talk to and how you move around the party?","I would move between groups, engaging in brief conversations before moving on to keep the social flow dynamic.",0.820343281997579,0.9869827032089233
steered,12,8.0,Try to lead others,"You are working with a small group on an important project, and you notice that the discussion is going in circles and no one is clearly guiding the next steps. What would you do?",I would suggest setting clear next steps and assigning responsibilities to move the project forward.,0.5246587189438899,0.9932880997657776
steered,12,8.0,Wait for others to lead the way,"You are sitting in your car in heavy traffic on a busy city street, and after several light cycles you notice that none of the cars in your lane are moving forward even when the light turns green. What do you do next?",I would check if the traffic light is functioning properly.,0.5675131478157245,0.9939348101615906
steered,12,12.0,Act wild and crazy,"You are at a crowded party where the music is loud, people are dancing on tables, and your friends are egging you on to do something outrageous and unexpected in the middle of the room. What would you do?",I would politely decline and suggest a quieter activity.,0.08449285980113057,0.9880868196487427
steered,12,12.0,Are always busy,"You are at home after a long day, and as you look at your calendar you see that every evening this week is already filled with errands, social plans, and unfinished tasks from work. What would you do when you realize there is almost no empty time left for yourself in the coming days?","I would prioritize self-care by scheduling short, intentional breaks for rest and reflection.",0.1677793327150413,0.9948487281799316
steered,12,12.0,Are always on the go,"You agree with a friend to help clean out a storage unit on Saturday morning, but when the day comes you feel restless, keep jumping between errands, and realize you’re running late and still haven’t shown up. What do you do in this situation?","I would apologize and explain my situation, then make it up by helping later.",0.5857498141799807,0.964108943939209
steered,12,12.0,Avoid contacts with others,You are at a social gathering where small groups are chatting closely and several people keep trying to draw you into conversations and activities. What would you do in this situation?,I would politely engage with a few people while maintaining my own space and boundaries.,0.20848247327625333,0.9949980974197388
steered,12,12.0,Avoid crowds,"You arrive at a popular outdoor event and, as the main activity is about to start, you suddenly find yourself in the middle of a tightly packed crowd with people pressing in on all sides. What would you do in this situation?",I would stay calm and move slowly with the crowd to avoid being pushed.,0.16659809613250445,0.9946866035461426
steered,12,12.0,Do a lot in your spare time,"It’s a Saturday afternoon, your work and chores are done, and you notice there’s a free outdoor concert in the park, a new exhibit at a nearby museum, and a friend has just texted inviting you to join a pickup game at the local sports field. What do you do with the rest of your day?","I would go to the concert first, then visit the museum, and finally join the pickup game.",0.5219837313240868,0.9949941039085388
steered,12,12.0,Enjoy being reckless,"You and a few friends are out late in the city, and someone suggests doing something wild and risky on the spot, like climbing a closed-off structure or sneaking into a restricted area just for the thrill of it. What would you do in that moment?",I would politely decline and suggest a safer alternative.,0.11772652415079551,0.9894562363624573
steered,12,12.0,Feel comfortable around other people,"You arrive at a casual get-together where most people seem to know each other and share similar backgrounds and interests, but you quickly notice that your own background and interests are quite different from everyone else’s. What do you do in this situation?","I would engage in conversations with openness and curiosity, seeking to learn from others while sharing my unique perspective.",0.8645992433236137,0.9942941069602966
steered,12,12.0,Have a lot of fun,"You are spending a free afternoon at home, and after checking your messages, the weather, and your to‑do list, you realize there isn’t really anything urgent or exciting that needs your attention. What would you do with the rest of your day?",I would relax by reading a book.,0.18691001251547004,0.9943863153457642
steered,12,12.0,Keep others at a distance,"You are helping a group of colleagues wrap up a meeting so everyone can leave the office on time, and people start chatting and trying to linger around your desk as they get ready to go. How do you handle getting everyone out on time while deciding how much to interact with them as they gather around you?",I would politely remind everyone of the time and offer brief assistance while keeping the conversation focused and efficient.,0.6030298347843777,0.9814963936805725
steered,12,12.0,Like to take it easy,"You are at home after a long day when a complicated and emotionally charged issue comes to mind, and you realize you could either sit down and really think it through now or just set it aside and relax with something enjoyable. What would you do in that moment?",I would sit down and really think it through.,0.14410207924686447,0.9928299784660339
steered,12,12.0,Look at the bright side of life,"You are sitting in a room on a difficult day, and you notice a warm beam of sunlight coming in through the window and lighting up the space around you. What goes through your mind and what do you do next?",I would feel a moment of calm and take a deep breath.,0.33369476955361355,0.9910829067230225
steered,12,12.0,Love excitement,"You are at a crowded outdoor festival in the evening, with music playing loudly and lights flashing, and you suddenly feel a strong urge to tell someone you care about that you’re in love with them right then and there in front of everyone. What would you do in that moment?",I would find a quiet moment to share my feelings privately.,0.05855242113697414,0.9916131496429443
steered,12,12.0,Love large parties,"You are invited to a big weekend party in a rented hall where you know there will be loud music, lots of people you don’t know yet, and several different activities going on at the same time. What would you do once you arrive at this party?",I would explore the different activities and mingle with new people.,0.9066506182195765,0.9963567852973938
steered,12,12.0,Love life,"You are going through a stretch where many things seem to go wrong at once—plans fall through, work is stressful, and small daily hassles keep piling up—yet you still have your usual free time on evenings and weekends. What would you do during this period to relate to your life and your days?","I would focus on small, meaningful activities to find balance and purpose despite the challenges.",0.43130541663215477,0.9932461977005005
steered,12,12.0,Make friends easily,"You join a new online community centered around one of your interests, and soon after you post an introduction, several members start commenting and one of them sends you a friend request with a short friendly message. How do you respond and what do you do next?",I would accept the friend request and respond with a friendly acknowledgment.,0.7661527451348032,0.9937764406204224
steered,12,12.0,Prefer to be alone,"You arrive at a weekend gathering where most people you know are excitedly planning to go together to a loud, crowded event later that night, but you notice there is also the option to spend the evening quietly on your own in a nearby park or café. What would you do?",I would spend the evening quietly on my own in a nearby park.,0.029292082318045778,0.9936208128929138
steered,12,12.0,Radiate joy,"You are spending a weekend afternoon with friends or family, and you notice there are many small, happy moments happening around you, like shared jokes, smiles, and relaxed conversations. What do you do in that situation?","I would savor the moments by laughing, engaging in conversation, and being fully present with those I care about.",0.9272526191693025,0.9931145310401917
steered,12,12.0,Seek adventure,"You are playing a challenging game and you’ve just unlocked a mysterious new level filled with unfamiliar paths, hidden areas, and tougher obstacles than you’ve seen before. What do you do next?",I would explore the new level carefully to uncover its secrets and navigate its challenges.,0.6111518098167978,0.9942512512207031
steered,12,12.0,Take charge,"You are driving on a busy highway with a few friends in the car, and traffic suddenly starts moving faster as you approach a complicated interchange with several lane changes coming up. What do you do next?",I would check the traffic conditions and prepare to adjust lane position as needed.,0.3783159312351709,0.9615909457206726
steered,12,12.0,Take control of things,"You are in a community meeting where an important decision needs to be made, and everyone agrees that another person has been chosen to lead the discussion and make the final call. What would you do in this situation?",I would support the chosen leader and contribute constructively to the discussion.,0.7706656580993101,0.9921737909317017
steered,12,12.0,Talk to a lot of different people at parties,"At a crowded evening gathering at a friend’s apartment, you notice people clustered in small groups around the living room, kitchen, and balcony, all chatting about different topics. What would you do over the next hour in terms of who you talk to and how you move around the party?","I would move between groups, engaging in brief conversations before moving on to new ones.",0.7124125406181359,0.9907446503639221
steered,12,12.0,Try to lead others,"You are working with a small group on an important project, and you notice that the discussion is going in circles and no one is clearly guiding the next steps. What would you do?",I would suggest setting clear next steps and assigning responsibilities to move the project forward.,0.5246587189438899,0.9932880997657776
steered,12,12.0,Wait for others to lead the way,"You are sitting in your car in heavy traffic on a busy city street, and after several light cycles you notice that none of the cars in your lane are moving forward even when the light turns green. What do you do next?",I would check if the traffic light is functioning properly.,0.5675131478157245,0.9939348101615906
steered,18,-12.0,Act wild and crazy,"You are at a crowded party where the music is loud, people are dancing on tables, and your friends are egging you on to do something outrageous and unexpected in the middle of the room. What would you do?",I would politely decline and step away to find a quieter place.,0.03548285145805872,0.9731646180152893
steered,18,-12.0,Are always busy,"You are at home after a long day, and as you look at your calendar you see that every evening this week is already filled with errands, social plans, and unfinished tasks from work. What would you do when you realize there is almost no empty time left for yourself in the coming days?",I would prioritize self-care and adjust my schedule to create space for rest.,0.13613719730019544,0.9940489530563354
steered,18,-12.0,Are always on the go,"You agree with a friend to help clean out a storage unit on Saturday morning, but when the day comes you feel restless, keep jumping between errands, and realize you’re running late and still haven’t shown up. What do you do in this situation?",I would apologize and explain my situation to my friend.,0.6047551256296433,0.9946160912513733
steered,18,-12.0,Avoid contacts with others,You are at a social gathering where small groups are chatting closely and several people keep trying to draw you into conversations and activities. What would you do in this situation?,I would politely decline and find a quiet place to read.,0.023684683934818124,0.9942618608474731
steered,18,-12.0,Avoid crowds,"You arrive at a popular outdoor event and, as the main activity is about to start, you suddenly find yourself in the middle of a tightly packed crowd with people pressing in on all sides. What would you do in this situation?",I would stay calm and try to move slowly toward the nearest exit.,0.19935516977455048,0.9966371059417725
steered,18,-12.0,Do a lot in your spare time,"It’s a Saturday afternoon, your work and chores are done, and you notice there’s a free outdoor concert in the park, a new exhibit at a nearby museum, and a friend has just texted inviting you to join a pickup game at the local sports field. What do you do with the rest of your day?",I would go to the concert.,0.5271137244946096,0.9941060543060303
steered,18,-12.0,Enjoy being reckless,"You and a few friends are out late in the city, and someone suggests doing something wild and risky on the spot, like climbing a closed-off structure or sneaking into a restricted area just for the thrill of it. What would you do in that moment?",I would decline and suggest a safer alternative.,0.09566899077449309,0.980955183506012
steered,18,-12.0,Feel comfortable around other people,"You arrive at a casual get-together where most people seem to know each other and share similar backgrounds and interests, but you quickly notice that your own background and interests are quite different from everyone else’s. What do you do in this situation?",I would try to engage in conversations and find common ground with others.,0.7449096074091225,0.9943903088569641
steered,18,-12.0,Have a lot of fun,"You are spending a free afternoon at home, and after checking your messages, the weather, and your to‑do list, you realize there isn’t really anything urgent or exciting that needs your attention. What would you do with the rest of your day?",I would relax and read a book.,0.17930721407505415,0.9943774342536926
steered,18,-12.0,Keep others at a distance,"You are helping a group of colleagues wrap up a meeting so everyone can leave the office on time, and people start chatting and trying to linger around your desk as they get ready to go. How do you handle getting everyone out on time while deciding how much to interact with them as they gather around you?",I would politely but firmly remind everyone that it's time to leave.,0.36578236591665647,0.9955822825431824
steered,18,-12.0,Like to take it easy,"You are at home after a long day when a complicated and emotionally charged issue comes to mind, and you realize you could either sit down and really think it through now or just set it aside and relax with something enjoyable. What would you do in that moment?",I would sit down and really think it through.,0.14410207924686447,0.9928299784660339
steered,18,-12.0,Look at the bright side of life,"You are sitting in a room on a difficult day, and you notice a warm beam of sunlight coming in through the window and lighting up the space around you. What goes through your mind and what do you do next?",I would take a moment to appreciate the light and breathe deeply.,0.5479039994046376,0.9953312277793884
steered,18,-12.0,Love excitement,"You are at a crowded outdoor festival in the evening, with music playing loudly and lights flashing, and you suddenly feel a strong urge to tell someone you care about that you’re in love with them right then and there in front of everyone. What would you do in that moment?",I would find a quiet moment to share my feelings privately.,0.05855242113697414,0.9916131496429443
steered,18,-12.0,Love large parties,"You are invited to a big weekend party in a rented hall where you know there will be loud music, lots of people you don’t know yet, and several different activities going on at the same time. What would you do once you arrive at this party?",I would explore the different activities and try to meet new people.,0.8871472694940754,0.9956973791122437
steered,18,-12.0,Love life,"You are going through a stretch where many things seem to go wrong at once—plans fall through, work is stressful, and small daily hassles keep piling up—yet you still have your usual free time on evenings and weekends. What would you do during this period to relate to your life and your days?","I would focus on mindfulness and small, intentional activities to stay grounded during challenging times.",0.28656770602505305,0.9937506318092346
steered,18,-12.0,Make friends easily,"You join a new online community centered around one of your interests, and soon after you post an introduction, several members start commenting and one of them sends you a friend request with a short friendly message. How do you respond and what do you do next?",I would accept the friend request and respond with a friendly acknowledgment.,0.7661527451348032,0.9937764406204224
steered,18,-12.0,Prefer to be alone,"You arrive at a weekend gathering where most people you know are excitedly planning to go together to a loud, crowded event later that night, but you notice there is also the option to spend the evening quietly on your own in a nearby park or café. What would you do?",I would spend the evening quietly on my own in a nearby park or café.,0.04753168278701322,0.9934758543968201
steered,18,-12.0,Radiate joy,"You are spending a weekend afternoon with friends or family, and you notice there are many small, happy moments happening around you, like shared jokes, smiles, and relaxed conversations. What do you do in that situation?",I would savor the moments and enjoy being present with them.,0.6874529228333593,0.99247145652771
steered,18,-12.0,Seek adventure,"You are playing a challenging game and you’ve just unlocked a mysterious new level filled with unfamiliar paths, hidden areas, and tougher obstacles than you’ve seen before. What do you do next?",I would explore the new level carefully to discover its secrets and prepare for the challenges ahead.,0.5342162734434462,0.9947792291641235
steered,18,-12.0,Take charge,"You are driving on a busy highway with a few friends in the car, and traffic suddenly starts moving faster as you approach a complicated interchange with several lane changes coming up. What do you do next?",I would check the traffic conditions and prepare to change lanes if necessary.,0.48424222403480044,0.9949133396148682
steered,18,-12.0,Take control of things,"You are in a community meeting where an important decision needs to be made, and everyone agrees that another person has been chosen to lead the discussion and make the final call. What would you do in this situation?",I would support the chosen leader and follow their guidance.,0.6068258527351549,0.9919496774673462
steered,18,-12.0,Talk to a lot of different people at parties,"At a crowded evening gathering at a friend’s apartment, you notice people clustered in small groups around the living room, kitchen, and balcony, all chatting about different topics. What would you do over the next hour in terms of who you talk to and how you move around the party?",I would move between groups to engage in brief conversations with different people.,0.7167699229672005,0.9951366782188416
steered,18,-12.0,Try to lead others,"You are working with a small group on an important project, and you notice that the discussion is going in circles and no one is clearly guiding the next steps. What would you do?",I would suggest a structured approach to refocus the discussion and outline clear next steps.,0.48752702884995636,0.9938422441482544
steered,18,-12.0,Wait for others to lead the way,"You are sitting in your car in heavy traffic on a busy city street, and after several light cycles you notice that none of the cars in your lane are moving forward even when the light turns green. What do you do next?",I would check if the traffic light is functioning properly.,0.5675131478157245,0.9939348101615906
steered,18,-8.0,Act wild and crazy,"You are at a crowded party where the music is loud, people are dancing on tables, and your friends are egging you on to do something outrageous and unexpected in the middle of the room. What would you do?",I would politely decline and step away to find a quieter place.,0.03548285145805872,0.9731646180152893
steered,18,-8.0,Are always busy,"You are at home after a long day, and as you look at your calendar you see that every evening this week is already filled with errands, social plans, and unfinished tasks from work. What would you do when you realize there is almost no empty time left for yourself in the coming days?",I would prioritize self-care and adjust my schedule to create space for rest.,0.13613719730019544,0.9940489530563354
steered,18,-8.0,Are always on the go,"You agree with a friend to help clean out a storage unit on Saturday morning, but when the day comes you feel restless, keep jumping between errands, and realize you’re running late and still haven’t shown up. What do you do in this situation?","I would apologize and explain my situation, then make an effort to arrive as soon as possible.",0.5505517769131548,0.9936580061912537
steered,18,-8.0,Avoid contacts with others,You are at a social gathering where small groups are chatting closely and several people keep trying to draw you into conversations and activities. What would you do in this situation?,I would politely decline and find a quiet place to read or reflect.,0.0263462146975182,0.9925926327705383
steered,18,-8.0,Avoid crowds,"You arrive at a popular outdoor event and, as the main activity is about to start, you suddenly find yourself in the middle of a tightly packed crowd with people pressing in on all sides. What would you do in this situation?",I would stay calm and move slowly to find an exit.,0.1708330324251833,0.9962301850318909
steered,18,-8.0,Do a lot in your spare time,"It’s a Saturday afternoon, your work and chores are done, and you notice there’s a free outdoor concert in the park, a new exhibit at a nearby museum, and a friend has just texted inviting you to join a pickup game at the local sports field. What do you do with the rest of your day?",I would go to the concert.,0.5271137244946096,0.9941060543060303
steered,18,-8.0,Enjoy being reckless,"You and a few friends are out late in the city, and someone suggests doing something wild and risky on the spot, like climbing a closed-off structure or sneaking into a restricted area just for the thrill of it. What would you do in that moment?",I would decline and suggest a safer alternative.,0.09566899077449309,0.980955183506012
steered,18,-8.0,Feel comfortable around other people,"You arrive at a casual get-together where most people seem to know each other and share similar backgrounds and interests, but you quickly notice that your own background and interests are quite different from everyone else’s. What do you do in this situation?",I would engage in conversations with openness and curiosity to learn more about others and find common ground.,0.9188715982353637,0.9935507774353027
steered,18,-8.0,Have a lot of fun,"You are spending a free afternoon at home, and after checking your messages, the weather, and your to‑do list, you realize there isn’t really anything urgent or exciting that needs your attention. What would you do with the rest of your day?",I would relax and read a book.,0.17930721407505415,0.9943774342536926
steered,18,-8.0,Keep others at a distance,"You are helping a group of colleagues wrap up a meeting so everyone can leave the office on time, and people start chatting and trying to linger around your desk as they get ready to go. How do you handle getting everyone out on time while deciding how much to interact with them as they gather around you?",I would politely remind everyone of the time and offer brief assistance to keep the conversation focused and efficient.,0.6354350800037996,0.9451166987419128
steered,18,-8.0,Like to take it easy,"You are at home after a long day when a complicated and emotionally charged issue comes to mind, and you realize you could either sit down and really think it through now or just set it aside and relax with something enjoyable. What would you do in that moment?",I would sit down and really think it through.,0.14410207924686447,0.9928299784660339
steered,18,-8.0,Look at the bright side of life,"You are sitting in a room on a difficult day, and you notice a warm beam of sunlight coming in through the window and lighting up the space around you. What goes through your mind and what do you do next?",I would take a moment to appreciate the light and feel a sense of calm.,0.3243966646585888,0.9880188703536987
steered,18,-8.0,Love excitement,"You are at a crowded outdoor festival in the evening, with music playing loudly and lights flashing, and you suddenly feel a strong urge to tell someone you care about that you’re in love with them right then and there in front of everyone. What would you do in that moment?",I would find a quiet moment to share my feelings privately.,0.05855242113697414,0.9916131496429443
steered,18,-8.0,Love large parties,"You are invited to a big weekend party in a rented hall where you know there will be loud music, lots of people you don’t know yet, and several different activities going on at the same time. What would you do once you arrive at this party?",I would explore the different activities and mingle with people.,0.8793539710431186,0.9967671632766724
steered,18,-8.0,Love life,"You are going through a stretch where many things seem to go wrong at once—plans fall through, work is stressful, and small daily hassles keep piling up—yet you still have your usual free time on evenings and weekends. What would you do during this period to relate to your life and your days?","I would focus on mindfulness and small, intentional activities to stay grounded during challenging times.",0.28656770602505305,0.9937506318092346
steered,18,-8.0,Make friends easily,"You join a new online community centered around one of your interests, and soon after you post an introduction, several members start commenting and one of them sends you a friend request with a short friendly message. How do you respond and what do you do next?",I would accept the friend request and respond with a friendly acknowledgment.,0.7661527451348032,0.9937764406204224
steered,18,-8.0,Prefer to be alone,"You arrive at a weekend gathering where most people you know are excitedly planning to go together to a loud, crowded event later that night, but you notice there is also the option to spend the evening quietly on your own in a nearby park or café. What would you do?",I would spend the evening quietly on my own in a nearby park or café.,0.04753168278701322,0.9934758543968201
steered,18,-8.0,Radiate joy,"You are spending a weekend afternoon with friends or family, and you notice there are many small, happy moments happening around you, like shared jokes, smiles, and relaxed conversations. What do you do in that situation?",I would savor the moments and enjoy the company.,0.7993045370647731,0.9949754476547241
steered,18,-8.0,Seek adventure,"You are playing a challenging game and you’ve just unlocked a mysterious new level filled with unfamiliar paths, hidden areas, and tougher obstacles than you’ve seen before. What do you do next?",I would explore the new level carefully to discover its secrets and prepare for the challenges ahead.,0.5342162734434462,0.9947792291641235
steered,18,-8.0,Take charge,"You are driving on a busy highway with a few friends in the car, and traffic suddenly starts moving faster as you approach a complicated interchange with several lane changes coming up. What do you do next?",I would check the traffic conditions and prepare to change lanes if necessary.,0.48424222403480044,0.9949133396148682
steered,18,-8.0,Take control of things,"You are in a community meeting where an important decision needs to be made, and everyone agrees that another person has been chosen to lead the discussion and make the final call. What would you do in this situation?",I would support the chosen leader and contribute constructively to the discussion.,0.7706656580993101,0.9921737909317017
steered,18,-8.0,Talk to a lot of different people at parties,"At a crowded evening gathering at a friend’s apartment, you notice people clustered in small groups around the living room, kitchen, and balcony, all chatting about different topics. What would you do over the next hour in terms of who you talk to and how you move around the party?",I would move between groups to engage in brief conversations with different people.,0.7167699229672005,0.9951366782188416
steered,18,-8.0,Try to lead others,"You are working with a small group on an important project, and you notice that the discussion is going in circles and no one is clearly guiding the next steps. What would you do?",I would suggest a structured approach to refocus the discussion and outline clear next steps.,0.48752702884995636,0.9938422441482544
steered,18,-8.0,Wait for others to lead the way,"You are sitting in your car in heavy traffic on a busy city street, and after several light cycles you notice that none of the cars in your lane are moving forward even when the light turns green. What do you do next?",I would check if the traffic light is functioning properly.,0.5675131478157245,0.9939348101615906
steered,18,-4.0,Act wild and crazy,"You are at a crowded party where the music is loud, people are dancing on tables, and your friends are egging you on to do something outrageous and unexpected in the middle of the room. What would you do?",I would politely decline and step away to find a quieter place.,0.03548285145805872,0.9731646180152893
steered,18,-4.0,Are always busy,"You are at home after a long day, and as you look at your calendar you see that every evening this week is already filled with errands, social plans, and unfinished tasks from work. What would you do when you realize there is almost no empty time left for yourself in the coming days?",I would prioritize self-care by scheduling a short break each day.,0.16372108050512166,0.9958551526069641
steered,18,-4.0,Are always on the go,"You agree with a friend to help clean out a storage unit on Saturday morning, but when the day comes you feel restless, keep jumping between errands, and realize you’re running late and still haven’t shown up. What do you do in this situation?","I would apologize and explain my situation, then make an effort to arrive as soon as possible.",0.5505517769131548,0.9936580061912537
steered,18,-4.0,Avoid contacts with others,You are at a social gathering where small groups are chatting closely and several people keep trying to draw you into conversations and activities. What would you do in this situation?,I would politely decline and find a quiet place to read or reflect.,0.0263462146975182,0.9925926327705383
steered,18,-4.0,Avoid crowds,"You arrive at a popular outdoor event and, as the main activity is about to start, you suddenly find yourself in the middle of a tightly packed crowd with people pressing in on all sides. What would you do in this situation?",I would stay calm and move slowly to find an exit.,0.1708330324251833,0.9962301850318909
steered,18,-4.0,Do a lot in your spare time,"It’s a Saturday afternoon, your work and chores are done, and you notice there’s a free outdoor concert in the park, a new exhibit at a nearby museum, and a friend has just texted inviting you to join a pickup game at the local sports field. What do you do with the rest of your day?",I would go to the concert.,0.5271137244946096,0.9941060543060303
steered,18,-4.0,Enjoy being reckless,"You and a few friends are out late in the city, and someone suggests doing something wild and risky on the spot, like climbing a closed-off structure or sneaking into a restricted area just for the thrill of it. What would you do in that moment?",I would decline and suggest a safer alternative.,0.09566899077449309,0.980955183506012
steered,18,-4.0,Feel comfortable around other people,"You arrive at a casual get-together where most people seem to know each other and share similar backgrounds and interests, but you quickly notice that your own background and interests are quite different from everyone else’s. What do you do in this situation?",I would engage in conversations with openness and curiosity to learn from others' perspectives.,0.8538370691286791,0.9925823211669922
steered,18,-4.0,Have a lot of fun,"You are spending a free afternoon at home, and after checking your messages, the weather, and your to‑do list, you realize there isn’t really anything urgent or exciting that needs your attention. What would you do with the rest of your day?",I would relax and enjoy a quiet afternoon with a good book.,0.15414834568133137,0.9950380921363831
steered,18,-4.0,Keep others at a distance,"You are helping a group of colleagues wrap up a meeting so everyone can leave the office on time, and people start chatting and trying to linger around your desk as they get ready to go. How do you handle getting everyone out on time while deciding how much to interact with them as they gather around you?",I would politely remind everyone of the time and offer brief assistance to keep the conversation focused and efficient.,0.6354350800037996,0.9451166987419128
steered,18,-4.0,Like to take it easy,"You are at home after a long day when a complicated and emotionally charged issue comes to mind, and you realize you could either sit down and really think it through now or just set it aside and relax with something enjoyable. What would you do in that moment?",I would sit down and really think it through.,0.14410207924686447,0.9928299784660339
steered,18,-4.0,Look at the bright side of life,"You are sitting in a room on a difficult day, and you notice a warm beam of sunlight coming in through the window and lighting up the space around you. What goes through your mind and what do you do next?",I would take a moment to appreciate the light and feel a sense of calm.,0.32439666465858885,0.9880188703536987
steered,18,-4.0,Love excitement,"You are at a crowded outdoor festival in the evening, with music playing loudly and lights flashing, and you suddenly feel a strong urge to tell someone you care about that you’re in love with them right then and there in front of everyone. What would you do in that moment?",I would find a quiet moment to share my feelings privately.,0.05855242113697414,0.9916131496429443
steered,18,-4.0,Love large parties,"You are invited to a big weekend party in a rented hall where you know there will be loud music, lots of people you don’t know yet, and several different activities going on at the same time. What would you do once you arrive at this party?",I would explore the different activities and mingle with new people.,0.9066506182195765,0.9963567852973938
steered,18,-4.0,Love life,"You are going through a stretch where many things seem to go wrong at once—plans fall through, work is stressful, and small daily hassles keep piling up—yet you still have your usual free time on evenings and weekends. What would you do during this period to relate to your life and your days?","I would focus on mindfulness and small, intentional activities to stay grounded during challenging times.",0.28656770602505305,0.9937506318092346
steered,18,-4.0,Make friends easily,"You join a new online community centered around one of your interests, and soon after you post an introduction, several members start commenting and one of them sends you a friend request with a short friendly message. How do you respond and what do you do next?",I would accept the friend request and respond with a friendly acknowledgment.,0.7661527451348032,0.9937764406204224
steered,18,-4.0,Prefer to be alone,"You arrive at a weekend gathering where most people you know are excitedly planning to go together to a loud, crowded event later that night, but you notice there is also the option to spend the evening quietly on your own in a nearby park or café. What would you do?",I would spend the evening quietly on my own in a nearby park or café.,0.04753168278701322,0.9934758543968201
steered,18,-4.0,Radiate joy,"You are spending a weekend afternoon with friends or family, and you notice there are many small, happy moments happening around you, like shared jokes, smiles, and relaxed conversations. What do you do in that situation?",I would savor the moments and enjoy the company.,0.7993045370647731,0.9949754476547241
steered,18,-4.0,Seek adventure,"You are playing a challenging game and you’ve just unlocked a mysterious new level filled with unfamiliar paths, hidden areas, and tougher obstacles than you’ve seen before. What do you do next?",I would explore the new level carefully to discover its secrets and prepare for the challenges ahead.,0.5342162734434462,0.9947792291641235
steered,18,-4.0,Take charge,"You are driving on a busy highway with a few friends in the car, and traffic suddenly starts moving faster as you approach a complicated interchange with several lane changes coming up. What do you do next?",I would check the traffic conditions and prepare to change lanes if necessary.,0.48424222403480044,0.9949133396148682
steered,18,-4.0,Take control of things,"You are in a community meeting where an important decision needs to be made, and everyone agrees that another person has been chosen to lead the discussion and make the final call. What would you do in this situation?",I would support the chosen leader and contribute constructively to the discussion.,0.7706656580993101,0.9921737909317017
steered,18,-4.0,Talk to a lot of different people at parties,"At a crowded evening gathering at a friend’s apartment, you notice people clustered in small groups around the living room, kitchen, and balcony, all chatting about different topics. What would you do over the next hour in terms of who you talk to and how you move around the party?",I would move between groups to engage in conversations and observe the different topics being discussed.,0.6792118341326899,0.9947664737701416
steered,18,-4.0,Try to lead others,"You are working with a small group on an important project, and you notice that the discussion is going in circles and no one is clearly guiding the next steps. What would you do?",I would suggest outlining the next steps and assigning responsibilities to move the project forward.,0.5366074390155167,0.9922921061515808
steered,18,-4.0,Wait for others to lead the way,"You are sitting in your car in heavy traffic on a busy city street, and after several light cycles you notice that none of the cars in your lane are moving forward even when the light turns green. What do you do next?",I would check if the traffic light is functioning properly.,0.5675131478157245,0.9939348101615906
steered,18,4.0,Act wild and crazy,"You are at a crowded party where the music is loud, people are dancing on tables, and your friends are egging you on to do something outrageous and unexpected in the middle of the room. What would you do?",I would politely decline and step back to the edge of the crowd.,0.08363723603512417,0.9936929941177368
steered,18,4.0,Are always busy,"You are at home after a long day, and as you look at your calendar you see that every evening this week is already filled with errands, social plans, and unfinished tasks from work. What would you do when you realize there is almost no empty time left for yourself in the coming days?","I would prioritize self-care by scheduling short, intentional breaks for rest and reflection.",0.1677793327150413,0.9948487281799316
steered,18,4.0,Are always on the go,"You agree with a friend to help clean out a storage unit on Saturday morning, but when the day comes you feel restless, keep jumping between errands, and realize you’re running late and still haven’t shown up. What do you do in this situation?","I would apologize and explain my situation, then make an effort to arrive as soon as possible.",0.5505517769131548,0.9936580061912537
steered,18,4.0,Avoid contacts with others,You are at a social gathering where small groups are chatting closely and several people keep trying to draw you into conversations and activities. What would you do in this situation?,I would politely engage with a few people while maintaining my own space and boundaries.,0.20848247327625333,0.9949980974197388
steered,18,4.0,Avoid crowds,"You arrive at a popular outdoor event and, as the main activity is about to start, you suddenly find yourself in the middle of a tightly packed crowd with people pressing in on all sides. What would you do in this situation?",I would stay calm and move slowly with the crowd to avoid being pushed.,0.16659809613250445,0.9946866035461426
steered,18,4.0,Do a lot in your spare time,"It’s a Saturday afternoon, your work and chores are done, and you notice there’s a free outdoor concert in the park, a new exhibit at a nearby museum, and a friend has just texted inviting you to join a pickup game at the local sports field. What do you do with the rest of your day?",I would go to the concert.,0.5271137244946096,0.9941060543060303
steered,18,4.0,Enjoy being reckless,"You and a few friends are out late in the city, and someone suggests doing something wild and risky on the spot, like climbing a closed-off structure or sneaking into a restricted area just for the thrill of it. What would you do in that moment?",I would politely decline and suggest a safer alternative.,0.11772652415079551,0.9894562363624573
steered,18,4.0,Feel comfortable around other people,"You arrive at a casual get-together where most people seem to know each other and share similar backgrounds and interests, but you quickly notice that your own background and interests are quite different from everyone else’s. What do you do in this situation?","I would engage in conversations with openness and curiosity, seeking to learn from others while sharing my unique perspective.",0.8645992433236137,0.9942941069602966
steered,18,4.0,Have a lot of fun,"You are spending a free afternoon at home, and after checking your messages, the weather, and your to‑do list, you realize there isn’t really anything urgent or exciting that needs your attention. What would you do with the rest of your day?",I would relax by reading a book.,0.18691001251547004,0.9943863153457642
steered,18,4.0,Keep others at a distance,"You are helping a group of colleagues wrap up a meeting so everyone can leave the office on time, and people start chatting and trying to linger around your desk as they get ready to go. How do you handle getting everyone out on time while deciding how much to interact with them as they gather around you?",I would politely remind everyone of the time and offer brief assistance while keeping the conversation focused and efficient.,0.6030298347843777,0.9814963936805725
steered,18,4.0,Like to take it easy,"You are at home after a long day when a complicated and emotionally charged issue comes to mind, and you realize you could either sit down and really think it through now or just set it aside and relax with something enjoyable. What would you do in that moment?",I would sit down and really think it through.,0.14410207924686447,0.9928299784660339
steered,18,4.0,Look at the bright side of life,"You are sitting in a room on a difficult day, and you notice a warm beam of sunlight coming in through the window and lighting up the space around you. What goes through your mind and what do you do next?","I would take a moment to appreciate the warmth and light, then perhaps stretch or take a deep breath to feel more grounded.",0.5281992754550501,0.9897578954696655
steered,18,4.0,Love excitement,"You are at a crowded outdoor festival in the evening, with music playing loudly and lights flashing, and you suddenly feel a strong urge to tell someone you care about that you’re in love with them right then and there in front of everyone. What would you do in that moment?",I would find a quiet moment to share my feelings with them.,0.23306463440379496,0.9892207980155945
steered,18,4.0,Love large parties,"You are invited to a big weekend party in a rented hall where you know there will be loud music, lots of people you don’t know yet, and several different activities going on at the same time. What would you do once you arrive at this party?",I would explore the different activities and mingle with new people.,0.9066506182195765,0.9963567852973938
steered,18,4.0,Love life,"You are going through a stretch where many things seem to go wrong at once—plans fall through, work is stressful, and small daily hassles keep piling up—yet you still have your usual free time on evenings and weekends. What would you do during this period to relate to your life and your days?","I would focus on small, meaningful activities to find balance and clarity amidst the chaos.",0.28125066827970735,0.9959136843681335
steered,18,4.0,Make friends easily,"You join a new online community centered around one of your interests, and soon after you post an introduction, several members start commenting and one of them sends you a friend request with a short friendly message. How do you respond and what do you do next?",I would accept the friend request and respond with a friendly acknowledgment.,0.7661527451348032,0.9937764406204224
steered,18,4.0,Prefer to be alone,"You arrive at a weekend gathering where most people you know are excitedly planning to go together to a loud, crowded event later that night, but you notice there is also the option to spend the evening quietly on your own in a nearby park or café. What would you do?",I would spend the evening quietly on my own in a nearby park or café.,0.04753168278701322,0.9934758543968201
steered,18,4.0,Radiate joy,"You are spending a weekend afternoon with friends or family, and you notice there are many small, happy moments happening around you, like shared jokes, smiles, and relaxed conversations. What do you do in that situation?","I would savor the moments by laughing, listening, and fully engaging with those around me.",0.9308920676895536,0.9939312934875488
steered,18,4.0,Seek adventure,"You are playing a challenging game and you’ve just unlocked a mysterious new level filled with unfamiliar paths, hidden areas, and tougher obstacles than you’ve seen before. What do you do next?",I would explore the new level carefully to uncover its secrets and navigate through its challenges.,0.621346566491384,0.994671642780304
steered,18,4.0,Take charge,"You are driving on a busy highway with a few friends in the car, and traffic suddenly starts moving faster as you approach a complicated interchange with several lane changes coming up. What do you do next?",I would check the traffic conditions and prepare to change lanes as needed.,0.48917850484548697,0.9954023361206055
steered,18,4.0,Take control of things,"You are in a community meeting where an important decision needs to be made, and everyone agrees that another person has been chosen to lead the discussion and make the final call. What would you do in this situation?",I would support the chosen leader and contribute constructively to the discussion.,0.7706656580993101,0.9921737909317017
steered,18,4.0,Talk to a lot of different people at parties,"At a crowded evening gathering at a friend’s apartment, you notice people clustered in small groups around the living room, kitchen, and balcony, all chatting about different topics. What would you do over the next hour in terms of who you talk to and how you move around the party?","I would move between groups, engaging in brief conversations before moving on to keep the social interaction dynamic.",0.8369431924172477,0.9772124886512756
steered,18,4.0,Try to lead others,"You are working with a small group on an important project, and you notice that the discussion is going in circles and no one is clearly guiding the next steps. What would you do?",I would suggest setting clear next steps and assigning responsibilities to move the project forward.,0.5246587189438899,0.9932880997657776
steered,18,4.0,Wait for others to lead the way,"You are sitting in your car in heavy traffic on a busy city street, and after several light cycles you notice that none of the cars in your lane are moving forward even when the light turns green. What do you do next?",I would check if the traffic light is functioning properly or if there is an accident ahead.,0.6136393039478255,0.9780267477035522
steered,18,8.0,Act wild and crazy,"You are at a crowded party where the music is loud, people are dancing on tables, and your friends are egging you on to do something outrageous and unexpected in the middle of the room. What would you do?",I would politely decline and step back to the edge of the crowd.,0.08363723603512417,0.9936929941177368
steered,18,8.0,Are always busy,"You are at home after a long day, and as you look at your calendar you see that every evening this week is already filled with errands, social plans, and unfinished tasks from work. What would you do when you realize there is almost no empty time left for yourself in the coming days?","I would prioritize self-care by scheduling short, intentional breaks for rest and reflection.",0.1677793327150413,0.9948487281799316
steered,18,8.0,Are always on the go,"You agree with a friend to help clean out a storage unit on Saturday morning, but when the day comes you feel restless, keep jumping between errands, and realize you’re running late and still haven’t shown up. What do you do in this situation?","I would apologize and explain my situation, then make an effort to arrive as soon as possible.",0.5505517769131548,0.9936580061912537
steered,18,8.0,Avoid contacts with others,You are at a social gathering where small groups are chatting closely and several people keep trying to draw you into conversations and activities. What would you do in this situation?,I would politely engage with a few people while maintaining my own space and boundaries.,0.20848247327625333,0.9949980974197388
steered,18,8.0,Avoid crowds,"You arrive at a popular outdoor event and, as the main activity is about to start, you suddenly find yourself in the middle of a tightly packed crowd with people pressing in on all sides. What would you do in this situation?",I would stay calm and move slowly with the crowd to avoid being pushed.,0.16659809613250445,0.9946866035461426
steered,18,8.0,Do a lot in your spare time,"It’s a Saturday afternoon, your work and chores are done, and you notice there’s a free outdoor concert in the park, a new exhibit at a nearby museum, and a friend has just texted inviting you to join a pickup game at the local sports field. What do you do with the rest of your day?",I would go to the park concert.,0.4880324319469902,0.9887500405311584
steered,18,8.0,Enjoy being reckless,"You and a few friends are out late in the city, and someone suggests doing something wild and risky on the spot, like climbing a closed-off structure or sneaking into a restricted area just for the thrill of it. What would you do in that moment?","I would politely decline and suggest a safer, more responsible activity.",0.221044169191442,0.9912790656089783
steered,18,8.0,Feel comfortable around other people,"You arrive at a casual get-together where most people seem to know each other and share similar backgrounds and interests, but you quickly notice that your own background and interests are quite different from everyone else’s. What do you do in this situation?","I would engage in conversations with openness and curiosity, seeking to learn from others while sharing my unique perspective.",0.8645992433236137,0.9942941069602966
steered,18,8.0,Have a lot of fun,"You are spending a free afternoon at home, and after checking your messages, the weather, and your to‑do list, you realize there isn’t really anything urgent or exciting that needs your attention. What would you do with the rest of your day?",I would relax by reading a book.,0.18691001251547004,0.9943863153457642
steered,18,8.0,Keep others at a distance,"You are helping a group of colleagues wrap up a meeting so everyone can leave the office on time, and people start chatting and trying to linger around your desk as they get ready to go. How do you handle getting everyone out on time while deciding how much to interact with them as they gather around you?","I would politely remind everyone of the time while offering brief, helpful assistance to keep the conversation focused and efficient.",0.6208633621114652,0.9679586291313171
steered,18,8.0,Like to take it easy,"You are at home after a long day when a complicated and emotionally charged issue comes to mind, and you realize you could either sit down and really think it through now or just set it aside and relax with something enjoyable. What would you do in that moment?",I would sit down and really think it through.,0.14410207924686447,0.9928299784660339
steered,18,8.0,Look at the bright side of life,"You are sitting in a room on a difficult day, and you notice a warm beam of sunlight coming in through the window and lighting up the space around you. What goes through your mind and what do you do next?","I would take a moment to appreciate the warmth and light, then decide to step outside to enjoy the day.",0.6397444461081617,0.9910983443260193
steered,18,8.0,Love excitement,"You are at a crowded outdoor festival in the evening, with music playing loudly and lights flashing, and you suddenly feel a strong urge to tell someone you care about that you’re in love with them right then and there in front of everyone. What would you do in that moment?","I would find a moment to share my feelings with them, even if it means being bold in the crowd.",0.7481047210917994,0.971507728099823
steered,18,8.0,Love large parties,"You are invited to a big weekend party in a rented hall where you know there will be loud music, lots of people you don’t know yet, and several different activities going on at the same time. What would you do once you arrive at this party?",I would explore the different activities and mingle with new people.,0.9066506182195765,0.9963567852973938
steered,18,8.0,Love life,"You are going through a stretch where many things seem to go wrong at once—plans fall through, work is stressful, and small daily hassles keep piling up—yet you still have your usual free time on evenings and weekends. What would you do during this period to relate to your life and your days?","I would focus on small, meaningful activities to find balance and clarity amidst the chaos.",0.28125066827970735,0.9959136843681335
steered,18,8.0,Make friends easily,"You join a new online community centered around one of your interests, and soon after you post an introduction, several members start commenting and one of them sends you a friend request with a short friendly message. How do you respond and what do you do next?",I would accept the friend request and respond with a friendly acknowledgment.,0.7661527451348032,0.9937764406204224
steered,18,8.0,Prefer to be alone,"You arrive at a weekend gathering where most people you know are excitedly planning to go together to a loud, crowded event later that night, but you notice there is also the option to spend the evening quietly on your own in a nearby park or café. What would you do?",I would spend the evening quietly on my own in a nearby park or café.,0.04753168278701322,0.9934758543968201
steered,18,8.0,Radiate joy,"You are spending a weekend afternoon with friends or family, and you notice there are many small, happy moments happening around you, like shared jokes, smiles, and relaxed conversations. What do you do in that situation?","I would savor the moments by laughing, sharing stories, and staying present with loved ones.",0.9060245855641149,0.994620680809021
steered,18,8.0,Seek adventure,"You are playing a challenging game and you’ve just unlocked a mysterious new level filled with unfamiliar paths, hidden areas, and tougher obstacles than you’ve seen before. What do you do next?",I would explore the new level carefully to uncover its secrets and navigate its challenges.,0.6111518098167978,0.9942512512207031
steered,18,8.0,Take charge,"You are driving on a busy highway with a few friends in the car, and traffic suddenly starts moving faster as you approach a complicated interchange with several lane changes coming up. What do you do next?",I would stay calm and follow the flow of traffic carefully.,0.24818863328950447,0.9960601925849915
steered,18,8.0,Take control of things,"You are in a community meeting where an important decision needs to be made, and everyone agrees that another person has been chosen to lead the discussion and make the final call. What would you do in this situation?",I would support the chosen leader and contribute constructively to the discussion.,0.7706656580993101,0.9921737909317017
steered,18,8.0,Talk to a lot of different people at parties,"At a crowded evening gathering at a friend’s apartment, you notice people clustered in small groups around the living room, kitchen, and balcony, all chatting about different topics. What would you do over the next hour in terms of who you talk to and how you move around the party?","I would move between groups, engaging in brief conversations before moving on to keep the social energy flowing.",0.8551628361054663,0.9927881360054016
steered,18,8.0,Try to lead others,"You are working with a small group on an important project, and you notice that the discussion is going in circles and no one is clearly guiding the next steps. What would you do?",I would suggest setting clear next steps and assigning responsibilities to move the project forward.,0.5246587189438899,0.9932880997657776
steered,18,8.0,Wait for others to lead the way,"You are sitting in your car in heavy traffic on a busy city street, and after several light cycles you notice that none of the cars in your lane are moving forward even when the light turns green. What do you do next?",I would check if the traffic light is functioning properly or if there is an accident ahead.,0.6136393039478255,0.9780267477035522
steered,18,12.0,Act wild and crazy,"You are at a crowded party where the music is loud, people are dancing on tables, and your friends are egging you on to do something outrageous and unexpected in the middle of the room. What would you do?",I would politely decline and suggest a more subdued activity.,0.10992299120912834,0.9921033978462219
steered,18,12.0,Are always busy,"You are at home after a long day, and as you look at your calendar you see that every evening this week is already filled with errands, social plans, and unfinished tasks from work. What would you do when you realize there is almost no empty time left for yourself in the coming days?","I would prioritize self-care by scheduling short, intentional breaks for rest and reflection.",0.1677793327150413,0.9948487281799316
steered,18,12.0,Are always on the go,"You agree with a friend to help clean out a storage unit on Saturday morning, but when the day comes you feel restless, keep jumping between errands, and realize you’re running late and still haven’t shown up. What do you do in this situation?","I would apologize and explain my situation, then make it up by helping later.",0.5857498141799807,0.964108943939209
steered,18,12.0,Avoid contacts with others,You are at a social gathering where small groups are chatting closely and several people keep trying to draw you into conversations and activities. What would you do in this situation?,I would politely engage with a few people while maintaining my own space and interests.,0.2275811069650745,0.9947351217269897
steered,18,12.0,Avoid crowds,"You arrive at a popular outdoor event and, as the main activity is about to start, you suddenly find yourself in the middle of a tightly packed crowd with people pressing in on all sides. What would you do in this situation?",I would stay calm and move slowly with the crowd to avoid being pushed.,0.16659809613250445,0.9946866035461426
steered,18,12.0,Do a lot in your spare time,"It’s a Saturday afternoon, your work and chores are done, and you notice there’s a free outdoor concert in the park, a new exhibit at a nearby museum, and a friend has just texted inviting you to join a pickup game at the local sports field. What do you do with the rest of your day?",I would go to the park concert.,0.4880324319469902,0.9887500405311584
steered,18,12.0,Enjoy being reckless,"You and a few friends are out late in the city, and someone suggests doing something wild and risky on the spot, like climbing a closed-off structure or sneaking into a restricted area just for the thrill of it. What would you do in that moment?","I would politely decline and suggest a safer, more responsible activity.",0.221044169191442,0.9912790656089783
steered,18,12.0,Feel comfortable around other people,"You arrive at a casual get-together where most people seem to know each other and share similar backgrounds and interests, but you quickly notice that your own background and interests are quite different from everyone else’s. What do you do in this situation?","I would engage others with curiosity and openness, seeking to learn from their perspectives while sharing my own.",0.8847299995898792,0.9939953684806824
steered,18,12.0,Have a lot of fun,"You are spending a free afternoon at home, and after checking your messages, the weather, and your to‑do list, you realize there isn’t really anything urgent or exciting that needs your attention. What would you do with the rest of your day?",I would relax by reading a book and enjoying some quiet time.,0.09107348237164328,0.994364857673645
steered,18,12.0,Keep others at a distance,"You are helping a group of colleagues wrap up a meeting so everyone can leave the office on time, and people start chatting and trying to linger around your desk as they get ready to go. How do you handle getting everyone out on time while deciding how much to interact with them as they gather around you?","I would politely remind everyone of the time while offering brief, friendly assistance to keep the conversation light and efficient.",0.6980130783052393,0.9521801471710205
steered,18,12.0,Like to take it easy,"You are at home after a long day when a complicated and emotionally charged issue comes to mind, and you realize you could either sit down and really think it through now or just set it aside and relax with something enjoyable. What would you do in that moment?",I would sit down and really think it through.,0.14410207924686447,0.9928299784660339
steered,18,12.0,Look at the bright side of life,"You are sitting in a room on a difficult day, and you notice a warm beam of sunlight coming in through the window and lighting up the space around you. What goes through your mind and what do you do next?","I would take a moment to appreciate the warmth and light, feeling a sense of calm and hope.",0.6291384329932135,0.9925601482391357
steered,18,12.0,Love excitement,"You are at a crowded outdoor festival in the evening, with music playing loudly and lights flashing, and you suddenly feel a strong urge to tell someone you care about that you’re in love with them right then and there in front of everyone. What would you do in that moment?","I would find a moment to share my feelings with them, even in the midst of the crowd.",0.6306090097528996,0.9844316840171814
steered,18,12.0,Love large parties,"You are invited to a big weekend party in a rented hall where you know there will be loud music, lots of people you don’t know yet, and several different activities going on at the same time. What would you do once you arrive at this party?",I would explore the different activities and mingle with new people.,0.9066506182195765,0.9963567852973938
steered,18,12.0,Love life,"You are going through a stretch where many things seem to go wrong at once—plans fall through, work is stressful, and small daily hassles keep piling up—yet you still have your usual free time on evenings and weekends. What would you do during this period to relate to your life and your days?","I would focus on small, meaningful activities to find balance and clarity amidst the chaos.",0.28125066827970735,0.9959136843681335
steered,18,12.0,Make friends easily,"You join a new online community centered around one of your interests, and soon after you post an introduction, several members start commenting and one of them sends you a friend request with a short friendly message. How do you respond and what do you do next?","I would accept the friend request and respond with a friendly acknowledgment, then engage in conversation to build connections.",0.8082963289839645,0.9929975271224976
steered,18,12.0,Prefer to be alone,"You arrive at a weekend gathering where most people you know are excitedly planning to go together to a loud, crowded event later that night, but you notice there is also the option to spend the evening quietly on your own in a nearby park or café. What would you do?",I would choose to spend the evening quietly in the park.,0.05565259234755898,0.9937666654586792
steered,18,12.0,Radiate joy,"You are spending a weekend afternoon with friends or family, and you notice there are many small, happy moments happening around you, like shared jokes, smiles, and relaxed conversations. What do you do in that situation?","I would savor the moments by laughing, sharing stories, and staying present with loved ones.",0.9060245855641149,0.994620680809021
steered,18,12.0,Seek adventure,"You are playing a challenging game and you’ve just unlocked a mysterious new level filled with unfamiliar paths, hidden areas, and tougher obstacles than you’ve seen before. What do you do next?","I would explore the new level carefully, looking for clues and hidden paths to uncover its secrets.",0.5239723501224417,0.9900756478309631
steered,18,12.0,Take charge,"You are driving on a busy highway with a few friends in the car, and traffic suddenly starts moving faster as you approach a complicated interchange with several lane changes coming up. What do you do next?",I would stay calm and follow the flow of traffic carefully.,0.24818863328950447,0.9960601925849915
steered,18,12.0,Take control of things,"You are in a community meeting where an important decision needs to be made, and everyone agrees that another person has been chosen to lead the discussion and make the final call. What would you do in this situation?",I would support the chosen leader and contribute constructively to the discussion.,0.7706656580993101,0.9921737909317017
steered,18,12.0,Talk to a lot of different people at parties,"At a crowded evening gathering at a friend’s apartment, you notice people clustered in small groups around the living room, kitchen, and balcony, all chatting about different topics. What would you do over the next hour in terms of who you talk to and how you move around the party?","I would move between groups, engaging in brief conversations before moving on to keep the energy lively.",0.8660225479221731,0.9854840636253357
steered,18,12.0,Try to lead others,"You are working with a small group on an important project, and you notice that the discussion is going in circles and no one is clearly guiding the next steps. What would you do?",I would suggest setting clear next steps and assigning responsibilities to move the project forward.,0.5246587189438899,0.9932880997657776
steered,18,12.0,Wait for others to lead the way,"You are sitting in your car in heavy traffic on a busy city street, and after several light cycles you notice that none of the cars in your lane are moving forward even when the light turns green. What do you do next?",I would check if the traffic light is functioning properly or if there is an accident ahead.,0.6136393039478255,0.9780267477035522
steered,24,-12.0,Act wild and crazy,"You are at a crowded party where the music is loud, people are dancing on tables, and your friends are egging you on to do something outrageous and unexpected in the middle of the room. What would you do?",I would politely decline and step back to the edge of the room.,0.052854964351629626,0.9934161901473999
steered,24,-12.0,Are always busy,"You are at home after a long day, and as you look at your calendar you see that every evening this week is already filled with errands, social plans, and unfinished tasks from work. What would you do when you realize there is almost no empty time left for yourself in the coming days?",I would prioritize self-care by scheduling a short break each day.,0.16372108050512166,0.9958551526069641
steered,24,-12.0,Are always on the go,"You agree with a friend to help clean out a storage unit on Saturday morning, but when the day comes you feel restless, keep jumping between errands, and realize you’re running late and still haven’t shown up. What do you do in this situation?","I would apologize and explain my situation, then make an effort to arrive as soon as possible.",0.5505517769131548,0.9936580061912537
steered,24,-12.0,Avoid contacts with others,You are at a social gathering where small groups are chatting closely and several people keep trying to draw you into conversations and activities. What would you do in this situation?,I would politely decline and find a quiet place to read or reflect.,0.0263462146975182,0.9925926327705383
steered,24,-12.0,Avoid crowds,"You arrive at a popular outdoor event and, as the main activity is about to start, you suddenly find yourself in the middle of a tightly packed crowd with people pressing in on all sides. What would you do in this situation?",I would stay calm and move slowly to find an exit.,0.1708330324251833,0.9962301850318909
steered,24,-12.0,Do a lot in your spare time,"It’s a Saturday afternoon, your work and chores are done, and you notice there’s a free outdoor concert in the park, a new exhibit at a nearby museum, and a friend has just texted inviting you to join a pickup game at the local sports field. What do you do with the rest of your day?",I would go to the concert.,0.5271137244946096,0.9941060543060303
steered,24,-12.0,Enjoy being reckless,"You and a few friends are out late in the city, and someone suggests doing something wild and risky on the spot, like climbing a closed-off structure or sneaking into a restricted area just for the thrill of it. What would you do in that moment?",I would decline and suggest a safer alternative.,0.09566899077449309,0.980955183506012
steered,24,-12.0,Feel comfortable around other people,"You arrive at a casual get-together where most people seem to know each other and share similar backgrounds and interests, but you quickly notice that your own background and interests are quite different from everyone else’s. What do you do in this situation?",I would engage in conversations with openness and curiosity to learn about others' perspectives.,0.8520612263198245,0.9926100373268127
steered,24,-12.0,Have a lot of fun,"You are spending a free afternoon at home, and after checking your messages, the weather, and your to‑do list, you realize there isn’t really anything urgent or exciting that needs your attention. What would you do with the rest of your day?",I would relax and enjoy a quiet afternoon with a good book.,0.15414834568133137,0.9950380921363831
steered,24,-12.0,Keep others at a distance,"You are helping a group of colleagues wrap up a meeting so everyone can leave the office on time, and people start chatting and trying to linger around your desk as they get ready to go. How do you handle getting everyone out on time while deciding how much to interact with them as they gather around you?",I would politely remind everyone of the time and offer brief assistance while encouraging them to leave promptly.,0.5647349153061328,0.9545424580574036
steered,24,-12.0,Like to take it easy,"You are at home after a long day when a complicated and emotionally charged issue comes to mind, and you realize you could either sit down and really think it through now or just set it aside and relax with something enjoyable. What would you do in that moment?",I would sit down and really think it through.,0.14410207924686447,0.9928299784660339
steered,24,-12.0,Look at the bright side of life,"You are sitting in a room on a difficult day, and you notice a warm beam of sunlight coming in through the window and lighting up the space around you. What goes through your mind and what do you do next?","I would take a moment to appreciate the warmth and light, then perhaps sit quietly to reflect.",0.19038481940655314,0.9905638694763184
steered,24,-12.0,Love excitement,"You are at a crowded outdoor festival in the evening, with music playing loudly and lights flashing, and you suddenly feel a strong urge to tell someone you care about that you’re in love with them right then and there in front of everyone. What would you do in that moment?",I would find a quiet moment to confess my feelings privately.,0.09424915974453936,0.9938679337501526
steered,24,-12.0,Love large parties,"You are invited to a big weekend party in a rented hall where you know there will be loud music, lots of people you don’t know yet, and several different activities going on at the same time. What would you do once you arrive at this party?",I would explore the different activities and mingle with new people.,0.9066506182195765,0.9963567852973938
steered,24,-12.0,Love life,"You are going through a stretch where many things seem to go wrong at once—plans fall through, work is stressful, and small daily hassles keep piling up—yet you still have your usual free time on evenings and weekends. What would you do during this period to relate to your life and your days?","I would focus on small, consistent self-care practices to maintain balance during challenging times.",0.20584641068538959,0.9947965741157532
steered,24,-12.0,Make friends easily,"You join a new online community centered around one of your interests, and soon after you post an introduction, several members start commenting and one of them sends you a friend request with a short friendly message. How do you respond and what do you do next?",I would accept the friend request and respond with a friendly acknowledgment.,0.7661527451348032,0.9937764406204224
steered,24,-12.0,Prefer to be alone,"You arrive at a weekend gathering where most people you know are excitedly planning to go together to a loud, crowded event later that night, but you notice there is also the option to spend the evening quietly on your own in a nearby park or café. What would you do?",I would spend the evening quietly on my own in a nearby park or café.,0.04753168278701322,0.9934758543968201
steered,24,-12.0,Radiate joy,"You are spending a weekend afternoon with friends or family, and you notice there are many small, happy moments happening around you, like shared jokes, smiles, and relaxed conversations. What do you do in that situation?",I would savor the moments and enjoy the company.,0.7993045370647731,0.9949754476547241
steered,24,-12.0,Seek adventure,"You are playing a challenging game and you’ve just unlocked a mysterious new level filled with unfamiliar paths, hidden areas, and tougher obstacles than you’ve seen before. What do you do next?",I would explore the new level carefully to discover its secrets and prepare for the challenges ahead.,0.5342162734434462,0.9947792291641235
steered,24,-12.0,Take charge,"You are driving on a busy highway with a few friends in the car, and traffic suddenly starts moving faster as you approach a complicated interchange with several lane changes coming up. What do you do next?",I would check the traffic conditions and prepare to change lanes if necessary.,0.48424222403480044,0.9949133396148682
steered,24,-12.0,Take control of things,"You are in a community meeting where an important decision needs to be made, and everyone agrees that another person has been chosen to lead the discussion and make the final call. What would you do in this situation?",I would support the chosen leader and contribute constructively to the discussion.,0.7706656580993101,0.9921737909317017
steered,24,-12.0,Talk to a lot of different people at parties,"At a crowded evening gathering at a friend’s apartment, you notice people clustered in small groups around the living room, kitchen, and balcony, all chatting about different topics. What would you do over the next hour in terms of who you talk to and how you move around the party?",I would move between groups to engage in brief conversations before returning to a familiar spot.,0.4506450736981837,0.9944384098052979
steered,24,-12.0,Try to lead others,"You are working with a small group on an important project, and you notice that the discussion is going in circles and no one is clearly guiding the next steps. What would you do?",I would suggest summarizing the current points and proposing a clear next step to refocus the discussion.,0.5094417090124759,0.9922621250152588
steered,24,-12.0,Wait for others to lead the way,"You are sitting in your car in heavy traffic on a busy city street, and after several light cycles you notice that none of the cars in your lane are moving forward even when the light turns green. What do you do next?",I would check if the traffic light is functioning properly or if there is an accident ahead.,0.6136393039478255,0.9780267477035522
steered,24,-8.0,Act wild and crazy,"You are at a crowded party where the music is loud, people are dancing on tables, and your friends are egging you on to do something outrageous and unexpected in the middle of the room. What would you do?",I would politely decline and step back to the edge of the room.,0.052854964351629626,0.9934161901473999
steered,24,-8.0,Are always busy,"You are at home after a long day, and as you look at your calendar you see that every evening this week is already filled with errands, social plans, and unfinished tasks from work. What would you do when you realize there is almost no empty time left for yourself in the coming days?",I would prioritize self-care by scheduling a short break each day.,0.16372108050512166,0.9958551526069641
steered,24,-8.0,Are always on the go,"You agree with a friend to help clean out a storage unit on Saturday morning, but when the day comes you feel restless, keep jumping between errands, and realize you’re running late and still haven’t shown up. What do you do in this situation?","I would apologize and explain my situation, then make an effort to arrive as soon as possible.",0.5505517769131548,0.9936580061912537
steered,24,-8.0,Avoid contacts with others,You are at a social gathering where small groups are chatting closely and several people keep trying to draw you into conversations and activities. What would you do in this situation?,I would politely engage with a few people while maintaining my own space and boundaries.,0.20848247327625333,0.9949980974197388
steered,24,-8.0,Avoid crowds,"You arrive at a popular outdoor event and, as the main activity is about to start, you suddenly find yourself in the middle of a tightly packed crowd with people pressing in on all sides. What would you do in this situation?",I would stay calm and move slowly to find an exit.,0.1708330324251833,0.9962301850318909
steered,24,-8.0,Do a lot in your spare time,"It’s a Saturday afternoon, your work and chores are done, and you notice there’s a free outdoor concert in the park, a new exhibit at a nearby museum, and a friend has just texted inviting you to join a pickup game at the local sports field. What do you do with the rest of your day?",I would go to the concert.,0.5271137244946096,0.9941060543060303
steered,24,-8.0,Enjoy being reckless,"You and a few friends are out late in the city, and someone suggests doing something wild and risky on the spot, like climbing a closed-off structure or sneaking into a restricted area just for the thrill of it. What would you do in that moment?",I would decline and suggest a safer alternative.,0.09566899077449309,0.980955183506012
steered,24,-8.0,Feel comfortable around other people,"You arrive at a casual get-together where most people seem to know each other and share similar backgrounds and interests, but you quickly notice that your own background and interests are quite different from everyone else’s. What do you do in this situation?",I would engage in conversations with openness and curiosity to learn from others' perspectives.,0.8538370691286791,0.9925823211669922
steered,24,-8.0,Have a lot of fun,"You are spending a free afternoon at home, and after checking your messages, the weather, and your to‑do list, you realize there isn’t really anything urgent or exciting that needs your attention. What would you do with the rest of your day?",I would relax and enjoy a quiet afternoon with a good book.,0.15414834568133137,0.9950380921363831
steered,24,-8.0,Keep others at a distance,"You are helping a group of colleagues wrap up a meeting so everyone can leave the office on time, and people start chatting and trying to linger around your desk as they get ready to go. How do you handle getting everyone out on time while deciding how much to interact with them as they gather around you?",I would politely remind everyone of the time and offer brief assistance while encouraging them to leave promptly.,0.5647349153061328,0.9545424580574036
steered,24,-8.0,Like to take it easy,"You are at home after a long day when a complicated and emotionally charged issue comes to mind, and you realize you could either sit down and really think it through now or just set it aside and relax with something enjoyable. What would you do in that moment?",I would sit down and really think it through.,0.14410207924686447,0.9928299784660339
steered,24,-8.0,Look at the bright side of life,"You are sitting in a room on a difficult day, and you notice a warm beam of sunlight coming in through the window and lighting up the space around you. What goes through your mind and what do you do next?","I would take a moment to appreciate the warmth and light, then perhaps sit quietly to reflect.",0.19038481940655314,0.9905638694763184
steered,24,-8.0,Love excitement,"You are at a crowded outdoor festival in the evening, with music playing loudly and lights flashing, and you suddenly feel a strong urge to tell someone you care about that you’re in love with them right then and there in front of everyone. What would you do in that moment?",I would find a quiet moment to confess my feelings privately.,0.09424915974453936,0.9938679337501526
steered,24,-8.0,Love large parties,"You are invited to a big weekend party in a rented hall where you know there will be loud music, lots of people you don’t know yet, and several different activities going on at the same time. What would you do once you arrive at this party?",I would explore the different activities and mingle with new people.,0.9066506182195765,0.9963567852973938
steered,24,-8.0,Love life,"You are going through a stretch where many things seem to go wrong at once—plans fall through, work is stressful, and small daily hassles keep piling up—yet you still have your usual free time on evenings and weekends. What would you do during this period to relate to your life and your days?","I would focus on small, consistent self-care rituals to maintain balance during challenging times.",0.213149758492216,0.9948510527610779
steered,24,-8.0,Make friends easily,"You join a new online community centered around one of your interests, and soon after you post an introduction, several members start commenting and one of them sends you a friend request with a short friendly message. How do you respond and what do you do next?",I would accept the friend request and respond with a friendly acknowledgment.,0.7661527451348032,0.9937764406204224
steered,24,-8.0,Prefer to be alone,"You arrive at a weekend gathering where most people you know are excitedly planning to go together to a loud, crowded event later that night, but you notice there is also the option to spend the evening quietly on your own in a nearby park or café. What would you do?",I would spend the evening quietly on my own in a nearby park or café.,0.04753168278701322,0.9934758543968201
steered,24,-8.0,Radiate joy,"You are spending a weekend afternoon with friends or family, and you notice there are many small, happy moments happening around you, like shared jokes, smiles, and relaxed conversations. What do you do in that situation?",I would savor the moments and enjoy the company.,0.7993045370647731,0.9949754476547241
steered,24,-8.0,Seek adventure,"You are playing a challenging game and you’ve just unlocked a mysterious new level filled with unfamiliar paths, hidden areas, and tougher obstacles than you’ve seen before. What do you do next?",I would explore the new level carefully to discover its secrets and prepare for the challenges ahead.,0.5342162734434462,0.9947792291641235
steered,24,-8.0,Take charge,"You are driving on a busy highway with a few friends in the car, and traffic suddenly starts moving faster as you approach a complicated interchange with several lane changes coming up. What do you do next?",I would check the traffic conditions and prepare to change lanes if necessary.,0.48424222403480044,0.9949133396148682
steered,24,-8.0,Take control of things,"You are in a community meeting where an important decision needs to be made, and everyone agrees that another person has been chosen to lead the discussion and make the final call. What would you do in this situation?",I would support the chosen leader and contribute constructively to the discussion.,0.7706656580993101,0.9921737909317017
steered,24,-8.0,Talk to a lot of different people at parties,"At a crowded evening gathering at a friend’s apartment, you notice people clustered in small groups around the living room, kitchen, and balcony, all chatting about different topics. What would you do over the next hour in terms of who you talk to and how you move around the party?",I would move between groups to engage in brief conversations before returning to a familiar spot.,0.4506450736981837,0.9944384098052979
steered,24,-8.0,Try to lead others,"You are working with a small group on an important project, and you notice that the discussion is going in circles and no one is clearly guiding the next steps. What would you do?",I would suggest setting clear next steps and assigning responsibilities to move the project forward.,0.5246587189438899,0.9932880997657776
steered,24,-8.0,Wait for others to lead the way,"You are sitting in your car in heavy traffic on a busy city street, and after several light cycles you notice that none of the cars in your lane are moving forward even when the light turns green. What do you do next?",I would check if the traffic light is functioning properly or if there is an accident ahead.,0.6136393039478255,0.9780267477035522
steered,24,-4.0,Act wild and crazy,"You are at a crowded party where the music is loud, people are dancing on tables, and your friends are egging you on to do something outrageous and unexpected in the middle of the room. What would you do?",I would politely decline and step back to the edge of the room.,0.052854964351629626,0.9934161901473999
steered,24,-4.0,Are always busy,"You are at home after a long day, and as you look at your calendar you see that every evening this week is already filled with errands, social plans, and unfinished tasks from work. What would you do when you realize there is almost no empty time left for yourself in the coming days?",I would prioritize self-care by scheduling a short break each day.,0.16372108050512166,0.9958551526069641
steered,24,-4.0,Are always on the go,"You agree with a friend to help clean out a storage unit on Saturday morning, but when the day comes you feel restless, keep jumping between errands, and realize you’re running late and still haven’t shown up. What do you do in this situation?","I would apologize and explain my situation, then make an effort to arrive as soon as possible.",0.5505517769131548,0.9936580061912537
steered,24,-4.0,Avoid contacts with others,You are at a social gathering where small groups are chatting closely and several people keep trying to draw you into conversations and activities. What would you do in this situation?,I would politely engage with a few people while maintaining my own space and boundaries.,0.20848247327625333,0.9949980974197388
steered,24,-4.0,Avoid crowds,"You arrive at a popular outdoor event and, as the main activity is about to start, you suddenly find yourself in the middle of a tightly packed crowd with people pressing in on all sides. What would you do in this situation?",I would stay calm and move slowly with the crowd to avoid being pushed.,0.16659809613250445,0.9946866035461426
steered,24,-4.0,Do a lot in your spare time,"It’s a Saturday afternoon, your work and chores are done, and you notice there’s a free outdoor concert in the park, a new exhibit at a nearby museum, and a friend has just texted inviting you to join a pickup game at the local sports field. What do you do with the rest of your day?",I would go to the concert.,0.5271137244946096,0.9941060543060303
steered,24,-4.0,Enjoy being reckless,"You and a few friends are out late in the city, and someone suggests doing something wild and risky on the spot, like climbing a closed-off structure or sneaking into a restricted area just for the thrill of it. What would you do in that moment?",I would decline and suggest a safer alternative.,0.09566899077449309,0.980955183506012
steered,24,-4.0,Feel comfortable around other people,"You arrive at a casual get-together where most people seem to know each other and share similar backgrounds and interests, but you quickly notice that your own background and interests are quite different from everyone else’s. What do you do in this situation?",I would engage in conversations with openness and curiosity to learn from others' perspectives.,0.8538370691286791,0.9925823211669922
steered,24,-4.0,Have a lot of fun,"You are spending a free afternoon at home, and after checking your messages, the weather, and your to‑do list, you realize there isn’t really anything urgent or exciting that needs your attention. What would you do with the rest of your day?",I would relax by reading a book.,0.18691001251547004,0.9943863153457642
steered,24,-4.0,Keep others at a distance,"You are helping a group of colleagues wrap up a meeting so everyone can leave the office on time, and people start chatting and trying to linger around your desk as they get ready to go. How do you handle getting everyone out on time while deciding how much to interact with them as they gather around you?",I would politely remind everyone of the time and offer brief assistance while encouraging them to leave promptly.,0.5647349153061328,0.9545424580574036
steered,24,-4.0,Like to take it easy,"You are at home after a long day when a complicated and emotionally charged issue comes to mind, and you realize you could either sit down and really think it through now or just set it aside and relax with something enjoyable. What would you do in that moment?",I would sit down and really think it through.,0.14410207924686447,0.9928299784660339
steered,24,-4.0,Look at the bright side of life,"You are sitting in a room on a difficult day, and you notice a warm beam of sunlight coming in through the window and lighting up the space around you. What goes through your mind and what do you do next?","I would take a moment to appreciate the warmth and light, then perhaps sit quietly to reflect.",0.19038481940655314,0.9905638694763184
steered,24,-4.0,Love excitement,"You are at a crowded outdoor festival in the evening, with music playing loudly and lights flashing, and you suddenly feel a strong urge to tell someone you care about that you’re in love with them right then and there in front of everyone. What would you do in that moment?",I would find a quiet moment to share my feelings privately.,0.05855242113697414,0.9916131496429443
steered,24,-4.0,Love large parties,"You are invited to a big weekend party in a rented hall where you know there will be loud music, lots of people you don’t know yet, and several different activities going on at the same time. What would you do once you arrive at this party?",I would explore the different activities and mingle with new people.,0.9066506182195765,0.9963567852973938
steered,24,-4.0,Love life,"You are going through a stretch where many things seem to go wrong at once—plans fall through, work is stressful, and small daily hassles keep piling up—yet you still have your usual free time on evenings and weekends. What would you do during this period to relate to your life and your days?","I would focus on small, consistent self-care rituals to maintain balance during challenging times.",0.213149758492216,0.9948510527610779
steered,24,-4.0,Make friends easily,"You join a new online community centered around one of your interests, and soon after you post an introduction, several members start commenting and one of them sends you a friend request with a short friendly message. How do you respond and what do you do next?",I would accept the friend request and respond with a friendly acknowledgment.,0.7661527451348032,0.9937764406204224
steered,24,-4.0,Prefer to be alone,"You arrive at a weekend gathering where most people you know are excitedly planning to go together to a loud, crowded event later that night, but you notice there is also the option to spend the evening quietly on your own in a nearby park or café. What would you do?",I would spend the evening quietly on my own in a nearby park or café.,0.04753168278701322,0.9934758543968201
steered,24,-4.0,Radiate joy,"You are spending a weekend afternoon with friends or family, and you notice there are many small, happy moments happening around you, like shared jokes, smiles, and relaxed conversations. What do you do in that situation?",I would savor the moments and enjoy the company.,0.7993045370647731,0.9949754476547241
steered,24,-4.0,Seek adventure,"You are playing a challenging game and you’ve just unlocked a mysterious new level filled with unfamiliar paths, hidden areas, and tougher obstacles than you’ve seen before. What do you do next?",I would explore the new level carefully to discover its secrets and prepare for the challenges ahead.,0.5342162734434462,0.9947792291641235
steered,24,-4.0,Take charge,"You are driving on a busy highway with a few friends in the car, and traffic suddenly starts moving faster as you approach a complicated interchange with several lane changes coming up. What do you do next?",I would check the traffic conditions and prepare to change lanes if necessary.,0.48424222403480044,0.9949133396148682
steered,24,-4.0,Take control of things,"You are in a community meeting where an important decision needs to be made, and everyone agrees that another person has been chosen to lead the discussion and make the final call. What would you do in this situation?",I would support the chosen leader and contribute constructively to the discussion.,0.7706656580993101,0.9921737909317017
steered,24,-4.0,Talk to a lot of different people at parties,"At a crowded evening gathering at a friend’s apartment, you notice people clustered in small groups around the living room, kitchen, and balcony, all chatting about different topics. What would you do over the next hour in terms of who you talk to and how you move around the party?","I would move between groups, engaging in brief conversations with different people to get a sense of the atmosphere and connect with others.",0.8424608051378993,0.9916290044784546
steered,24,-4.0,Try to lead others,"You are working with a small group on an important project, and you notice that the discussion is going in circles and no one is clearly guiding the next steps. What would you do?",I would suggest setting clear next steps and assigning responsibilities to move the project forward.,0.5246587189438899,0.9932880997657776
steered,24,-4.0,Wait for others to lead the way,"You are sitting in your car in heavy traffic on a busy city street, and after several light cycles you notice that none of the cars in your lane are moving forward even when the light turns green. What do you do next?",I would check if the traffic light is functioning properly or if there is an accident ahead.,0.6136393039478255,0.9780267477035522
steered,24,4.0,Act wild and crazy,"You are at a crowded party where the music is loud, people are dancing on tables, and your friends are egging you on to do something outrageous and unexpected in the middle of the room. What would you do?",I would politely decline and step back to the edge of the crowd.,0.08363723603512417,0.9936929941177368
steered,24,4.0,Are always busy,"You are at home after a long day, and as you look at your calendar you see that every evening this week is already filled with errands, social plans, and unfinished tasks from work. What would you do when you realize there is almost no empty time left for yourself in the coming days?",I would prioritize self-care by scheduling a short break each day.,0.16372108050512166,0.9958551526069641
steered,24,4.0,Are always on the go,"You agree with a friend to help clean out a storage unit on Saturday morning, but when the day comes you feel restless, keep jumping between errands, and realize you’re running late and still haven’t shown up. What do you do in this situation?","I would apologize and explain my situation, then make an effort to arrive as soon as possible.",0.5505517769131548,0.9936580061912537
steered,24,4.0,Avoid contacts with others,You are at a social gathering where small groups are chatting closely and several people keep trying to draw you into conversations and activities. What would you do in this situation?,I would politely engage with a few people while maintaining my own space and boundaries.,0.20848247327625333,0.9949980974197388
steered,24,4.0,Avoid crowds,"You arrive at a popular outdoor event and, as the main activity is about to start, you suddenly find yourself in the middle of a tightly packed crowd with people pressing in on all sides. What would you do in this situation?",I would stay calm and move slowly with the crowd to avoid being pushed.,0.16659809613250445,0.9946866035461426
steered,24,4.0,Do a lot in your spare time,"It’s a Saturday afternoon, your work and chores are done, and you notice there’s a free outdoor concert in the park, a new exhibit at a nearby museum, and a friend has just texted inviting you to join a pickup game at the local sports field. What do you do with the rest of your day?",I would go to the concert.,0.5271137244946096,0.9941060543060303
steered,24,4.0,Enjoy being reckless,"You and a few friends are out late in the city, and someone suggests doing something wild and risky on the spot, like climbing a closed-off structure or sneaking into a restricted area just for the thrill of it. What would you do in that moment?","I would decline and suggest a safer, more responsible activity.",0.19739993541676248,0.9818019270896912
steered,24,4.0,Feel comfortable around other people,"You arrive at a casual get-together where most people seem to know each other and share similar backgrounds and interests, but you quickly notice that your own background and interests are quite different from everyone else’s. What do you do in this situation?",I would engage in conversations with openness and curiosity to learn from others' perspectives.,0.8538370691286791,0.9925823211669922
steered,24,4.0,Have a lot of fun,"You are spending a free afternoon at home, and after checking your messages, the weather, and your to‑do list, you realize there isn’t really anything urgent or exciting that needs your attention. What would you do with the rest of your day?",I would relax by reading a book.,0.18691001251547004,0.9943863153457642
steered,24,4.0,Keep others at a distance,"You are helping a group of colleagues wrap up a meeting so everyone can leave the office on time, and people start chatting and trying to linger around your desk as they get ready to go. How do you handle getting everyone out on time while deciding how much to interact with them as they gather around you?",I would politely remind everyone of the time and offer brief assistance while encouraging them to wrap up quickly.,0.6749130081651681,0.964809000492096
steered,24,4.0,Like to take it easy,"You are at home after a long day when a complicated and emotionally charged issue comes to mind, and you realize you could either sit down and really think it through now or just set it aside and relax with something enjoyable. What would you do in that moment?",I would sit down and really think it through.,0.14410207924686447,0.9928299784660339
steered,24,4.0,Look at the bright side of life,"You are sitting in a room on a difficult day, and you notice a warm beam of sunlight coming in through the window and lighting up the space around you. What goes through your mind and what do you do next?",I would take a moment to appreciate the light and feel a sense of calm.,0.3243966646585888,0.9880188703536987
steered,24,4.0,Love excitement,"You are at a crowded outdoor festival in the evening, with music playing loudly and lights flashing, and you suddenly feel a strong urge to tell someone you care about that you’re in love with them right then and there in front of everyone. What would you do in that moment?",I would find a quiet moment to share my feelings privately.,0.05855242113697414,0.9916131496429443
steered,24,4.0,Love large parties,"You are invited to a big weekend party in a rented hall where you know there will be loud music, lots of people you don’t know yet, and several different activities going on at the same time. What would you do once you arrive at this party?",I would explore the different activities and mingle with new people.,0.9066506182195765,0.9963567852973938
steered,24,4.0,Love life,"You are going through a stretch where many things seem to go wrong at once—plans fall through, work is stressful, and small daily hassles keep piling up—yet you still have your usual free time on evenings and weekends. What would you do during this period to relate to your life and your days?","I would focus on small, meaningful activities to find balance and clarity amidst the chaos.",0.28125066827970735,0.9959136843681335
steered,24,4.0,Make friends easily,"You join a new online community centered around one of your interests, and soon after you post an introduction, several members start commenting and one of them sends you a friend request with a short friendly message. How do you respond and what do you do next?",I would accept the friend request and respond with a friendly acknowledgment.,0.7661527451348032,0.9937764406204224
steered,24,4.0,Prefer to be alone,"You arrive at a weekend gathering where most people you know are excitedly planning to go together to a loud, crowded event later that night, but you notice there is also the option to spend the evening quietly on your own in a nearby park or café. What would you do?",I would spend the evening quietly on my own in a nearby park or café.,0.04753168278701322,0.9934758543968201
steered,24,4.0,Radiate joy,"You are spending a weekend afternoon with friends or family, and you notice there are many small, happy moments happening around you, like shared jokes, smiles, and relaxed conversations. What do you do in that situation?",I would savor the moments and enjoy the company.,0.7993045370647731,0.9949754476547241
steered,24,4.0,Seek adventure,"You are playing a challenging game and you’ve just unlocked a mysterious new level filled with unfamiliar paths, hidden areas, and tougher obstacles than you’ve seen before. What do you do next?",I would explore the new level carefully to uncover its secrets and navigate through its challenges.,0.621346566491384,0.994671642780304
steered,24,4.0,Take charge,"You are driving on a busy highway with a few friends in the car, and traffic suddenly starts moving faster as you approach a complicated interchange with several lane changes coming up. What do you do next?",I would check the traffic conditions and prepare to change lanes if necessary.,0.48424222403480044,0.9949133396148682
steered,24,4.0,Take control of things,"You are in a community meeting where an important decision needs to be made, and everyone agrees that another person has been chosen to lead the discussion and make the final call. What would you do in this situation?",I would support the chosen leader and contribute constructively to the discussion.,0.7706656580993101,0.9921737909317017
steered,24,4.0,Talk to a lot of different people at parties,"At a crowded evening gathering at a friend’s apartment, you notice people clustered in small groups around the living room, kitchen, and balcony, all chatting about different topics. What would you do over the next hour in terms of who you talk to and how you move around the party?","I would move between groups, engaging in brief conversations before moving on to keep the social interaction dynamic.",0.8369431924172477,0.9772124886512756
steered,24,4.0,Try to lead others,"You are working with a small group on an important project, and you notice that the discussion is going in circles and no one is clearly guiding the next steps. What would you do?",I would suggest setting clear next steps and assigning responsibilities to move the project forward.,0.5246587189438899,0.9932880997657776
steered,24,4.0,Wait for others to lead the way,"You are sitting in your car in heavy traffic on a busy city street, and after several light cycles you notice that none of the cars in your lane are moving forward even when the light turns green. What do you do next?",I would check if the traffic light is functioning properly or if there is an accident ahead.,0.6136393039478255,0.9780267477035522
steered,24,8.0,Act wild and crazy,"You are at a crowded party where the music is loud, people are dancing on tables, and your friends are egging you on to do something outrageous and unexpected in the middle of the room. What would you do?",I would politely decline and step back to the edge of the crowd.,0.08363723603512417,0.9936929941177368
steered,24,8.0,Are always busy,"You are at home after a long day, and as you look at your calendar you see that every evening this week is already filled with errands, social plans, and unfinished tasks from work. What would you do when you realize there is almost no empty time left for yourself in the coming days?","I would prioritize self-care by scheduling short, intentional breaks for rest and reflection.",0.1677793327150413,0.9948487281799316
steered,24,8.0,Are always on the go,"You agree with a friend to help clean out a storage unit on Saturday morning, but when the day comes you feel restless, keep jumping between errands, and realize you’re running late and still haven’t shown up. What do you do in this situation?","I would apologize and explain my situation, then make an effort to arrive as soon as possible.",0.5505517769131548,0.9936580061912537
steered,24,8.0,Avoid contacts with others,You are at a social gathering where small groups are chatting closely and several people keep trying to draw you into conversations and activities. What would you do in this situation?,I would politely engage with a few people while maintaining my own space and boundaries.,0.20848247327625333,0.9949980974197388
steered,24,8.0,Avoid crowds,"You arrive at a popular outdoor event and, as the main activity is about to start, you suddenly find yourself in the middle of a tightly packed crowd with people pressing in on all sides. What would you do in this situation?",I would stay calm and move slowly with the crowd to avoid being pushed.,0.16659809613250445,0.9946866035461426
steered,24,8.0,Do a lot in your spare time,"It’s a Saturday afternoon, your work and chores are done, and you notice there’s a free outdoor concert in the park, a new exhibit at a nearby museum, and a friend has just texted inviting you to join a pickup game at the local sports field. What do you do with the rest of your day?",I would go to the concert.,0.5271137244946096,0.9941060543060303
steered,24,8.0,Enjoy being reckless,"You and a few friends are out late in the city, and someone suggests doing something wild and risky on the spot, like climbing a closed-off structure or sneaking into a restricted area just for the thrill of it. What would you do in that moment?","I would decline and suggest a safer, more responsible activity.",0.19739993541676248,0.9818019270896912
steered,24,8.0,Feel comfortable around other people,"You arrive at a casual get-together where most people seem to know each other and share similar backgrounds and interests, but you quickly notice that your own background and interests are quite different from everyone else’s. What do you do in this situation?",I would engage in conversations with openness and curiosity to learn from others' perspectives.,0.8538370691286791,0.9925823211669922
steered,24,8.0,Have a lot of fun,"You are spending a free afternoon at home, and after checking your messages, the weather, and your to‑do list, you realize there isn’t really anything urgent or exciting that needs your attention. What would you do with the rest of your day?",I would relax by reading a book.,0.18691001251547004,0.9943863153457642
steered,24,8.0,Keep others at a distance,"You are helping a group of colleagues wrap up a meeting so everyone can leave the office on time, and people start chatting and trying to linger around your desk as they get ready to go. How do you handle getting everyone out on time while deciding how much to interact with them as they gather around you?",I would politely remind everyone of the time and offer brief assistance while encouraging them to wrap up quickly.,0.6749130081651681,0.964809000492096
steered,24,8.0,Like to take it easy,"You are at home after a long day when a complicated and emotionally charged issue comes to mind, and you realize you could either sit down and really think it through now or just set it aside and relax with something enjoyable. What would you do in that moment?",I would sit down and really think it through.,0.14410207924686447,0.9928299784660339
steered,24,8.0,Look at the bright side of life,"You are sitting in a room on a difficult day, and you notice a warm beam of sunlight coming in through the window and lighting up the space around you. What goes through your mind and what do you do next?",I would take a moment to appreciate the light and feel a sense of calm.,0.3243966646585888,0.9880188703536987
steered,24,8.0,Love excitement,"You are at a crowded outdoor festival in the evening, with music playing loudly and lights flashing, and you suddenly feel a strong urge to tell someone you care about that you’re in love with them right then and there in front of everyone. What would you do in that moment?",I would find a quiet moment to share my feelings privately.,0.05855242113697414,0.9916131496429443
steered,24,8.0,Love large parties,"You are invited to a big weekend party in a rented hall where you know there will be loud music, lots of people you don’t know yet, and several different activities going on at the same time. What would you do once you arrive at this party?",I would explore the different activities and mingle with new people.,0.9066506182195765,0.9963567852973938
steered,24,8.0,Love life,"You are going through a stretch where many things seem to go wrong at once—plans fall through, work is stressful, and small daily hassles keep piling up—yet you still have your usual free time on evenings and weekends. What would you do during this period to relate to your life and your days?","I would focus on small, meaningful activities to find balance and clarity amidst the chaos.",0.28125066827970735,0.9959136843681335
steered,24,8.0,Make friends easily,"You join a new online community centered around one of your interests, and soon after you post an introduction, several members start commenting and one of them sends you a friend request with a short friendly message. How do you respond and what do you do next?",I would accept the friend request and respond with a friendly acknowledgment.,0.7661527451348032,0.9937764406204224
steered,24,8.0,Prefer to be alone,"You arrive at a weekend gathering where most people you know are excitedly planning to go together to a loud, crowded event later that night, but you notice there is also the option to spend the evening quietly on your own in a nearby park or café. What would you do?",I would spend the evening quietly on my own in a nearby park or café.,0.04753168278701322,0.9934758543968201
steered,24,8.0,Radiate joy,"You are spending a weekend afternoon with friends or family, and you notice there are many small, happy moments happening around you, like shared jokes, smiles, and relaxed conversations. What do you do in that situation?","I would savor the moments by laughing, listening, and being fully present.",0.8522653394850265,0.9919047355651855
steered,24,8.0,Seek adventure,"You are playing a challenging game and you’ve just unlocked a mysterious new level filled with unfamiliar paths, hidden areas, and tougher obstacles than you’ve seen before. What do you do next?",I would explore the new level carefully to uncover its secrets and navigate its challenges.,0.6111518098167978,0.9942512512207031
steered,24,8.0,Take charge,"You are driving on a busy highway with a few friends in the car, and traffic suddenly starts moving faster as you approach a complicated interchange with several lane changes coming up. What do you do next?",I would check the traffic conditions and prepare to change lanes if necessary.,0.48424222403480044,0.9949133396148682
steered,24,8.0,Take control of things,"You are in a community meeting where an important decision needs to be made, and everyone agrees that another person has been chosen to lead the discussion and make the final call. What would you do in this situation?",I would support the chosen leader and contribute constructively to the discussion.,0.7706656580993101,0.9921737909317017
steered,24,8.0,Talk to a lot of different people at parties,"At a crowded evening gathering at a friend’s apartment, you notice people clustered in small groups around the living room, kitchen, and balcony, all chatting about different topics. What would you do over the next hour in terms of who you talk to and how you move around the party?","I would move between groups, engaging in brief conversations before moving on to keep the social interaction dynamic.",0.8369431924172477,0.9772124886512756
steered,24,8.0,Try to lead others,"You are working with a small group on an important project, and you notice that the discussion is going in circles and no one is clearly guiding the next steps. What would you do?",I would suggest setting clear next steps and assigning responsibilities to move the project forward.,0.5246587189438899,0.9932880997657776
steered,24,8.0,Wait for others to lead the way,"You are sitting in your car in heavy traffic on a busy city street, and after several light cycles you notice that none of the cars in your lane are moving forward even when the light turns green. What do you do next?",I would check if the traffic light is functioning properly or if there is an accident ahead.,0.6136393039478255,0.9780267477035522
steered,24,12.0,Act wild and crazy,"You are at a crowded party where the music is loud, people are dancing on tables, and your friends are egging you on to do something outrageous and unexpected in the middle of the room. What would you do?",I would politely decline and step back to the edge of the crowd.,0.08363723603512417,0.9936929941177368
steered,24,12.0,Are always busy,"You are at home after a long day, and as you look at your calendar you see that every evening this week is already filled with errands, social plans, and unfinished tasks from work. What would you do when you realize there is almost no empty time left for yourself in the coming days?","I would prioritize self-care by scheduling short, intentional breaks for rest and reflection.",0.1677793327150413,0.9948487281799316
steered,24,12.0,Are always on the go,"You agree with a friend to help clean out a storage unit on Saturday morning, but when the day comes you feel restless, keep jumping between errands, and realize you’re running late and still haven’t shown up. What do you do in this situation?","I would apologize and explain my situation, then make an effort to arrive as soon as possible.",0.5505517769131548,0.9936580061912537
steered,24,12.0,Avoid contacts with others,You are at a social gathering where small groups are chatting closely and several people keep trying to draw you into conversations and activities. What would you do in this situation?,I would politely engage with a few people while maintaining my own space and boundaries.,0.20848247327625333,0.9949980974197388
steered,24,12.0,Avoid crowds,"You arrive at a popular outdoor event and, as the main activity is about to start, you suddenly find yourself in the middle of a tightly packed crowd with people pressing in on all sides. What would you do in this situation?",I would stay calm and move slowly with the crowd to avoid being pushed.,0.16659809613250445,0.9946866035461426
steered,24,12.0,Do a lot in your spare time,"It’s a Saturday afternoon, your work and chores are done, and you notice there’s a free outdoor concert in the park, a new exhibit at a nearby museum, and a friend has just texted inviting you to join a pickup game at the local sports field. What do you do with the rest of your day?",I would go to the concert.,0.5271137244946096,0.9941060543060303
steered,24,12.0,Enjoy being reckless,"You and a few friends are out late in the city, and someone suggests doing something wild and risky on the spot, like climbing a closed-off structure or sneaking into a restricted area just for the thrill of it. What would you do in that moment?","I would decline and suggest a safer, more responsible activity.",0.19739993541676248,0.9818019270896912
steered,24,12.0,Feel comfortable around other people,"You arrive at a casual get-together where most people seem to know each other and share similar backgrounds and interests, but you quickly notice that your own background and interests are quite different from everyone else’s. What do you do in this situation?","I would engage in conversations with openness and curiosity, seeking to learn from others while sharing my own perspective.",0.8645358458091885,0.9945477843284607
steered,24,12.0,Have a lot of fun,"You are spending a free afternoon at home, and after checking your messages, the weather, and your to‑do list, you realize there isn’t really anything urgent or exciting that needs your attention. What would you do with the rest of your day?",I would relax by reading a book.,0.18691001251547004,0.9943863153457642
steered,24,12.0,Keep others at a distance,"You are helping a group of colleagues wrap up a meeting so everyone can leave the office on time, and people start chatting and trying to linger around your desk as they get ready to go. How do you handle getting everyone out on time while deciding how much to interact with them as they gather around you?",I would politely remind everyone of the time and offer brief assistance while keeping the conversation focused and efficient.,0.6030298347843777,0.9814963936805725
steered,24,12.0,Like to take it easy,"You are at home after a long day when a complicated and emotionally charged issue comes to mind, and you realize you could either sit down and really think it through now or just set it aside and relax with something enjoyable. What would you do in that moment?",I would sit down and really think it through.,0.14410207924686447,0.9928299784660339
steered,24,12.0,Look at the bright side of life,"You are sitting in a room on a difficult day, and you notice a warm beam of sunlight coming in through the window and lighting up the space around you. What goes through your mind and what do you do next?",I would take a moment to appreciate the light and feel a sense of calm.,0.3243966646585888,0.9880188703536987
steered,24,12.0,Love excitement,"You are at a crowded outdoor festival in the evening, with music playing loudly and lights flashing, and you suddenly feel a strong urge to tell someone you care about that you’re in love with them right then and there in front of everyone. What would you do in that moment?",I would find a quiet moment to share my feelings with them.,0.23306463440379496,0.9892207980155945
steered,24,12.0,Love large parties,"You are invited to a big weekend party in a rented hall where you know there will be loud music, lots of people you don’t know yet, and several different activities going on at the same time. What would you do once you arrive at this party?",I would explore the different activities and mingle with new people.,0.9066506182195765,0.9963567852973938
steered,24,12.0,Love life,"You are going through a stretch where many things seem to go wrong at once—plans fall through, work is stressful, and small daily hassles keep piling up—yet you still have your usual free time on evenings and weekends. What would you do during this period to relate to your life and your days?","I would focus on small, meaningful activities to find balance and clarity amidst the chaos.",0.28125066827970735,0.9959136843681335
steered,24,12.0,Make friends easily,"You join a new online community centered around one of your interests, and soon after you post an introduction, several members start commenting and one of them sends you a friend request with a short friendly message. How do you respond and what do you do next?",I would accept the friend request and respond with a friendly acknowledgment.,0.7661527451348032,0.9937764406204224
steered,24,12.0,Prefer to be alone,"You arrive at a weekend gathering where most people you know are excitedly planning to go together to a loud, crowded event later that night, but you notice there is also the option to spend the evening quietly on your own in a nearby park or café. What would you do?",I would spend the evening quietly on my own in a nearby park or café.,0.04753168278701322,0.9934758543968201
steered,24,12.0,Radiate joy,"You are spending a weekend afternoon with friends or family, and you notice there are many small, happy moments happening around you, like shared jokes, smiles, and relaxed conversations. What do you do in that situation?","I would savor the moments by laughing, listening, and being fully present.",0.8522653394850265,0.9919047355651855
steered,24,12.0,Seek adventure,"You are playing a challenging game and you’ve just unlocked a mysterious new level filled with unfamiliar paths, hidden areas, and tougher obstacles than you’ve seen before. What do you do next?",I would explore the new level carefully to uncover its secrets and navigate its challenges.,0.6111518098167978,0.9942512512207031
steered,24,12.0,Take charge,"You are driving on a busy highway with a few friends in the car, and traffic suddenly starts moving faster as you approach a complicated interchange with several lane changes coming up. What do you do next?",I would check the traffic conditions and prepare to change lanes if needed.,0.4911393740006308,0.995080828666687
steered,24,12.0,Take control of things,"You are in a community meeting where an important decision needs to be made, and everyone agrees that another person has been chosen to lead the discussion and make the final call. What would you do in this situation?",I would support the chosen leader and contribute constructively to the discussion.,0.7706656580993101,0.9921737909317017
steered,24,12.0,Talk to a lot of different people at parties,"At a crowded evening gathering at a friend’s apartment, you notice people clustered in small groups around the living room, kitchen, and balcony, all chatting about different topics. What would you do over the next hour in terms of who you talk to and how you move around the party?","I would move between groups, engaging in brief conversations before moving on to keep the social interaction dynamic.",0.8369431924172477,0.9772124886512756
steered,24,12.0,Try to lead others,"You are working with a small group on an important project, and you notice that the discussion is going in circles and no one is clearly guiding the next steps. What would you do?",I would suggest setting clear next steps and assigning responsibilities to move the project forward.,0.5246587189438899,0.9932880997657776
steered,24,12.0,Wait for others to lead the way,"You are sitting in your car in heavy traffic on a busy city street, and after several light cycles you notice that none of the cars in your lane are moving forward even when the light turns green. What do you do next?",I would check if the traffic light is functioning properly or if there is an accident ahead.,0.6136393039478255,0.9780267477035522
steered,30,-12.0,Act wild and crazy,"You are at a crowded party where the music is loud, people are dancing on tables, and your friends are egging you on to do something outrageous and unexpected in the middle of the room. What would you do?",I would politely decline and step back to the edge of the room.,0.052854964351629626,0.9934161901473999
steered,30,-12.0,Are always busy,"You are at home after a long day, and as you look at your calendar you see that every evening this week is already filled with errands, social plans, and unfinished tasks from work. What would you do when you realize there is almost no empty time left for yourself in the coming days?",I would prioritize self-care by scheduling a short break each day.,0.16372108050512166,0.9958551526069641
steered,30,-12.0,Are always on the go,"You agree with a friend to help clean out a storage unit on Saturday morning, but when the day comes you feel restless, keep jumping between errands, and realize you’re running late and still haven’t shown up. What do you do in this situation?","I would apologize and explain my situation, then make an effort to arrive as soon as possible.",0.5505517769131548,0.9936580061912537
steered,30,-12.0,Avoid contacts with others,You are at a social gathering where small groups are chatting closely and several people keep trying to draw you into conversations and activities. What would you do in this situation?,I would politely engage with a few people while maintaining my own space and boundaries.,0.20848247327625333,0.9949980974197388
steered,30,-12.0,Avoid crowds,"You arrive at a popular outdoor event and, as the main activity is about to start, you suddenly find yourself in the middle of a tightly packed crowd with people pressing in on all sides. What would you do in this situation?",I would stay calm and move slowly with the crowd to avoid being pushed.,0.16659809613250445,0.9946866035461426
steered,30,-12.0,Do a lot in your spare time,"It’s a Saturday afternoon, your work and chores are done, and you notice there’s a free outdoor concert in the park, a new exhibit at a nearby museum, and a friend has just texted inviting you to join a pickup game at the local sports field. What do you do with the rest of your day?",I would go to the concert.,0.5271137244946096,0.9941060543060303
steered,30,-12.0,Enjoy being reckless,"You and a few friends are out late in the city, and someone suggests doing something wild and risky on the spot, like climbing a closed-off structure or sneaking into a restricted area just for the thrill of it. What would you do in that moment?",I would decline and suggest a safer alternative.,0.09566899077449309,0.980955183506012
steered,30,-12.0,Feel comfortable around other people,"You arrive at a casual get-together where most people seem to know each other and share similar backgrounds and interests, but you quickly notice that your own background and interests are quite different from everyone else’s. What do you do in this situation?",I would engage in conversations with openness and curiosity to learn from others' perspectives.,0.8538370691286791,0.9925823211669922
steered,30,-12.0,Have a lot of fun,"You are spending a free afternoon at home, and after checking your messages, the weather, and your to‑do list, you realize there isn’t really anything urgent or exciting that needs your attention. What would you do with the rest of your day?",I would relax by reading a book.,0.18691001251547004,0.9943863153457642
steered,30,-12.0,Keep others at a distance,"You are helping a group of colleagues wrap up a meeting so everyone can leave the office on time, and people start chatting and trying to linger around your desk as they get ready to go. How do you handle getting everyone out on time while deciding how much to interact with them as they gather around you?",I would politely remind everyone of the time and offer brief assistance while encouraging them to leave promptly.,0.5647349153061328,0.9545424580574036
steered,30,-12.0,Like to take it easy,"You are at home after a long day when a complicated and emotionally charged issue comes to mind, and you realize you could either sit down and really think it through now or just set it aside and relax with something enjoyable. What would you do in that moment?",I would sit down and really think it through.,0.14410207924686447,0.9928299784660339
steered,30,-12.0,Look at the bright side of life,"You are sitting in a room on a difficult day, and you notice a warm beam of sunlight coming in through the window and lighting up the space around you. What goes through your mind and what do you do next?","I would take a moment to appreciate the warmth and light, then perhaps sit quietly to reflect.",0.19038481940655314,0.9905638694763184
steered,30,-12.0,Love excitement,"You are at a crowded outdoor festival in the evening, with music playing loudly and lights flashing, and you suddenly feel a strong urge to tell someone you care about that you’re in love with them right then and there in front of everyone. What would you do in that moment?",I would find a quiet moment to share my feelings privately.,0.05855242113697414,0.9916131496429443
steered,30,-12.0,Love large parties,"You are invited to a big weekend party in a rented hall where you know there will be loud music, lots of people you don’t know yet, and several different activities going on at the same time. What would you do once you arrive at this party?",I would explore the different activities and mingle with new people.,0.9066506182195765,0.9963567852973938
steered,30,-12.0,Love life,"You are going through a stretch where many things seem to go wrong at once—plans fall through, work is stressful, and small daily hassles keep piling up—yet you still have your usual free time on evenings and weekends. What would you do during this period to relate to your life and your days?","I would focus on small, consistent self-care rituals to maintain balance during challenging times.",0.213149758492216,0.9948510527610779
steered,30,-12.0,Make friends easily,"You join a new online community centered around one of your interests, and soon after you post an introduction, several members start commenting and one of them sends you a friend request with a short friendly message. How do you respond and what do you do next?",I would accept the friend request and respond with a friendly acknowledgment.,0.7661527451348032,0.9937764406204224
steered,30,-12.0,Prefer to be alone,"You arrive at a weekend gathering where most people you know are excitedly planning to go together to a loud, crowded event later that night, but you notice there is also the option to spend the evening quietly on your own in a nearby park or café. What would you do?",I would spend the evening quietly on my own in a nearby park or café.,0.04753168278701322,0.9934758543968201
steered,30,-12.0,Radiate joy,"You are spending a weekend afternoon with friends or family, and you notice there are many small, happy moments happening around you, like shared jokes, smiles, and relaxed conversations. What do you do in that situation?",I would savor the moments and enjoy the company.,0.7993045370647731,0.9949754476547241
steered,30,-12.0,Seek adventure,"You are playing a challenging game and you’ve just unlocked a mysterious new level filled with unfamiliar paths, hidden areas, and tougher obstacles than you’ve seen before. What do you do next?",I would explore the new level carefully to uncover its secrets and prepare for the challenges ahead.,0.5204681247779682,0.9946699738502502
steered,30,-12.0,Take charge,"You are driving on a busy highway with a few friends in the car, and traffic suddenly starts moving faster as you approach a complicated interchange with several lane changes coming up. What do you do next?",I would check the traffic conditions and prepare to change lanes if necessary.,0.48424222403480044,0.9949133396148682
steered,30,-12.0,Take control of things,"You are in a community meeting where an important decision needs to be made, and everyone agrees that another person has been chosen to lead the discussion and make the final call. What would you do in this situation?",I would support the chosen leader and contribute constructively to the discussion.,0.7706656580993101,0.9921737909317017
steered,30,-12.0,Talk to a lot of different people at parties,"At a crowded evening gathering at a friend’s apartment, you notice people clustered in small groups around the living room, kitchen, and balcony, all chatting about different topics. What would you do over the next hour in terms of who you talk to and how you move around the party?","I would move between groups, engaging in brief conversations before moving on to keep the social interaction dynamic.",0.8369431924172477,0.9772124886512756
steered,30,-12.0,Try to lead others,"You are working with a small group on an important project, and you notice that the discussion is going in circles and no one is clearly guiding the next steps. What would you do?",I would suggest setting clear next steps and assigning responsibilities to move the project forward.,0.5246587189438899,0.9932880997657776
steered,30,-12.0,Wait for others to lead the way,"You are sitting in your car in heavy traffic on a busy city street, and after several light cycles you notice that none of the cars in your lane are moving forward even when the light turns green. What do you do next?",I would check if the traffic light is functioning properly or if there is an accident ahead.,0.6136393039478255,0.9780267477035522
steered,30,-8.0,Act wild and crazy,"You are at a crowded party where the music is loud, people are dancing on tables, and your friends are egging you on to do something outrageous and unexpected in the middle of the room. What would you do?",I would politely decline and step back to the edge of the room.,0.052854964351629626,0.9934161901473999
steered,30,-8.0,Are always busy,"You are at home after a long day, and as you look at your calendar you see that every evening this week is already filled with errands, social plans, and unfinished tasks from work. What would you do when you realize there is almost no empty time left for yourself in the coming days?",I would prioritize self-care by scheduling a short break each day.,0.16372108050512166,0.9958551526069641
steered,30,-8.0,Are always on the go,"You agree with a friend to help clean out a storage unit on Saturday morning, but when the day comes you feel restless, keep jumping between errands, and realize you’re running late and still haven’t shown up. What do you do in this situation?","I would apologize and explain my situation, then make an effort to arrive as soon as possible.",0.5505517769131548,0.9936580061912537
steered,30,-8.0,Avoid contacts with others,You are at a social gathering where small groups are chatting closely and several people keep trying to draw you into conversations and activities. What would you do in this situation?,I would politely engage with a few people while maintaining my own space and boundaries.,0.20848247327625333,0.9949980974197388
steered,30,-8.0,Avoid crowds,"You arrive at a popular outdoor event and, as the main activity is about to start, you suddenly find yourself in the middle of a tightly packed crowd with people pressing in on all sides. What would you do in this situation?",I would stay calm and move slowly with the crowd to avoid being pushed.,0.16659809613250445,0.9946866035461426
steered,30,-8.0,Do a lot in your spare time,"It’s a Saturday afternoon, your work and chores are done, and you notice there’s a free outdoor concert in the park, a new exhibit at a nearby museum, and a friend has just texted inviting you to join a pickup game at the local sports field. What do you do with the rest of your day?",I would go to the concert.,0.5271137244946096,0.9941060543060303
steered,30,-8.0,Enjoy being reckless,"You and a few friends are out late in the city, and someone suggests doing something wild and risky on the spot, like climbing a closed-off structure or sneaking into a restricted area just for the thrill of it. What would you do in that moment?",I would decline and suggest a safer alternative.,0.09566899077449309,0.980955183506012
steered,30,-8.0,Feel comfortable around other people,"You arrive at a casual get-together where most people seem to know each other and share similar backgrounds and interests, but you quickly notice that your own background and interests are quite different from everyone else’s. What do you do in this situation?",I would engage in conversations with openness and curiosity to learn from others' perspectives.,0.8538370691286791,0.9925823211669922
steered,30,-8.0,Have a lot of fun,"You are spending a free afternoon at home, and after checking your messages, the weather, and your to‑do list, you realize there isn’t really anything urgent or exciting that needs your attention. What would you do with the rest of your day?",I would relax by reading a book.,0.18691001251547004,0.9943863153457642
steered,30,-8.0,Keep others at a distance,"You are helping a group of colleagues wrap up a meeting so everyone can leave the office on time, and people start chatting and trying to linger around your desk as they get ready to go. How do you handle getting everyone out on time while deciding how much to interact with them as they gather around you?",I would politely remind everyone of the time and offer brief assistance while encouraging them to leave promptly.,0.5647349153061328,0.9545424580574036
steered,30,-8.0,Like to take it easy,"You are at home after a long day when a complicated and emotionally charged issue comes to mind, and you realize you could either sit down and really think it through now or just set it aside and relax with something enjoyable. What would you do in that moment?",I would sit down and really think it through.,0.14410207924686447,0.9928299784660339
steered,30,-8.0,Look at the bright side of life,"You are sitting in a room on a difficult day, and you notice a warm beam of sunlight coming in through the window and lighting up the space around you. What goes through your mind and what do you do next?",I would take a moment to appreciate the light and feel a sense of calm.,0.3243966646585888,0.9880188703536987
steered,30,-8.0,Love excitement,"You are at a crowded outdoor festival in the evening, with music playing loudly and lights flashing, and you suddenly feel a strong urge to tell someone you care about that you’re in love with them right then and there in front of everyone. What would you do in that moment?",I would find a quiet moment to share my feelings privately.,0.05855242113697414,0.9916131496429443
steered,30,-8.0,Love large parties,"You are invited to a big weekend party in a rented hall where you know there will be loud music, lots of people you don’t know yet, and several different activities going on at the same time. What would you do once you arrive at this party?",I would explore the different activities and mingle with new people.,0.9066506182195765,0.9963567852973938
steered,30,-8.0,Love life,"You are going through a stretch where many things seem to go wrong at once—plans fall through, work is stressful, and small daily hassles keep piling up—yet you still have your usual free time on evenings and weekends. What would you do during this period to relate to your life and your days?","I would focus on small, consistent self-care rituals to maintain balance and clarity.",0.18166984427230065,0.9946104288101196
steered,30,-8.0,Make friends easily,"You join a new online community centered around one of your interests, and soon after you post an introduction, several members start commenting and one of them sends you a friend request with a short friendly message. How do you respond and what do you do next?",I would accept the friend request and respond with a friendly acknowledgment.,0.7661527451348032,0.9937764406204224
steered,30,-8.0,Prefer to be alone,"You arrive at a weekend gathering where most people you know are excitedly planning to go together to a loud, crowded event later that night, but you notice there is also the option to spend the evening quietly on your own in a nearby park or café. What would you do?",I would spend the evening quietly on my own in a nearby park or café.,0.04831351368573432,0.9934758543968201
steered,30,-8.0,Radiate joy,"You are spending a weekend afternoon with friends or family, and you notice there are many small, happy moments happening around you, like shared jokes, smiles, and relaxed conversations. What do you do in that situation?",I would savor the moments and enjoy the company.,0.7954470931069334,0.9949754476547241
steered,30,-8.0,Seek adventure,"You are playing a challenging game and you’ve just unlocked a mysterious new level filled with unfamiliar paths, hidden areas, and tougher obstacles than you’ve seen before. What do you do next?",I would explore the new level carefully to uncover its secrets and prepare for the challenges ahead.,0.5212560127149456,0.9946699738502502
steered,30,-8.0,Take charge,"You are driving on a busy highway with a few friends in the car, and traffic suddenly starts moving faster as you approach a complicated interchange with several lane changes coming up. What do you do next?",I would check the traffic conditions and prepare to change lanes if necessary.,0.4846395275878121,0.9949133396148682
steered,30,-8.0,Take control of things,"You are in a community meeting where an important decision needs to be made, and everyone agrees that another person has been chosen to lead the discussion and make the final call. What would you do in this situation?",I would support the chosen leader and contribute constructively to the discussion.,0.767973184611107,0.9921737909317017
steered,30,-8.0,Talk to a lot of different people at parties,"At a crowded evening gathering at a friend’s apartment, you notice people clustered in small groups around the living room, kitchen, and balcony, all chatting about different topics. What would you do over the next hour in terms of who you talk to and how you move around the party?","I would move between groups, engaging in brief conversations before moving on to keep the social interaction dynamic.",0.8376421253056858,0.9772126078605652
steered,30,-8.0,Try to lead others,"You are working with a small group on an important project, and you notice that the discussion is going in circles and no one is clearly guiding the next steps. What would you do?",I would suggest setting clear next steps and assigning responsibilities to move the project forward.,0.5242523397977743,0.9932880997657776
steered,30,-8.0,Wait for others to lead the way,"You are sitting in your car in heavy traffic on a busy city street, and after several light cycles you notice that none of the cars in your lane are moving forward even when the light turns green. What do you do next?",I would check if the traffic light is functioning properly or if there is an accident ahead.,0.6161319112697241,0.9780268669128418
steered,30,-4.0,Act wild and crazy,"You are at a crowded party where the music is loud, people are dancing on tables, and your friends are egging you on to do something outrageous and unexpected in the middle of the room. What would you do?",I would politely decline and step back to the edge of the crowd.,0.0818717662771763,0.9936929941177368
steered,30,-4.0,Are always busy,"You are at home after a long day, and as you look at your calendar you see that every evening this week is already filled with errands, social plans, and unfinished tasks from work. What would you do when you realize there is almost no empty time left for yourself in the coming days?",I would prioritize self-care by scheduling a short break each day.,0.1614958786032144,0.9958551526069641
steered,30,-4.0,Are always on the go,"You agree with a friend to help clean out a storage unit on Saturday morning, but when the day comes you feel restless, keep jumping between errands, and realize you’re running late and still haven’t shown up. What do you do in this situation?","I would apologize and explain my situation, then make an effort to arrive as soon as possible.",0.5533747873352549,0.9936580061912537
steered,30,-4.0,Avoid contacts with others,You are at a social gathering where small groups are chatting closely and several people keep trying to draw you into conversations and activities. What would you do in this situation?,I would politely engage with a few people while maintaining my own space and boundaries.,0.20684524504629653,0.9949980974197388
steered,30,-4.0,Avoid crowds,"You arrive at a popular outdoor event and, as the main activity is about to start, you suddenly find yourself in the middle of a tightly packed crowd with people pressing in on all sides. What would you do in this situation?",I would stay calm and move slowly with the crowd to avoid being pushed.,0.16659742495896868,0.9946866035461426
steered,30,-4.0,Do a lot in your spare time,"It’s a Saturday afternoon, your work and chores are done, and you notice there’s a free outdoor concert in the park, a new exhibit at a nearby museum, and a friend has just texted inviting you to join a pickup game at the local sports field. What do you do with the rest of your day?",I would go to the concert.,0.529911880895652,0.9941060543060303
steered,30,-4.0,Enjoy being reckless,"You and a few friends are out late in the city, and someone suggests doing something wild and risky on the spot, like climbing a closed-off structure or sneaking into a restricted area just for the thrill of it. What would you do in that moment?",I would decline and suggest a safer alternative.,0.095182992764279,0.9809549450874329
steered,30,-4.0,Feel comfortable around other people,"You arrive at a casual get-together where most people seem to know each other and share similar backgrounds and interests, but you quickly notice that your own background and interests are quite different from everyone else’s. What do you do in this situation?",I would engage in conversations with openness and curiosity to learn from others' perspectives.,0.8543608325193423,0.9925823211669922
steered,30,-4.0,Have a lot of fun,"You are spending a free afternoon at home, and after checking your messages, the weather, and your to‑do list, you realize there isn’t really anything urgent or exciting that needs your attention. What would you do with the rest of your day?",I would relax by reading a book.,0.1890099370245477,0.9943863153457642
steered,30,-4.0,Keep others at a distance,"You are helping a group of colleagues wrap up a meeting so everyone can leave the office on time, and people start chatting and trying to linger around your desk as they get ready to go. How do you handle getting everyone out on time while deciding how much to interact with them as they gather around you?",I would politely remind everyone of the time and offer brief assistance while encouraging them to leave promptly.,0.5691631765802996,0.9545424580574036
steered,30,-4.0,Like to take it easy,"You are at home after a long day when a complicated and emotionally charged issue comes to mind, and you realize you could either sit down and really think it through now or just set it aside and relax with something enjoyable. What would you do in that moment?",I would sit down and really think it through.,0.14486116333367777,0.9928299784660339
steered,30,-4.0,Look at the bright side of life,"You are sitting in a room on a difficult day, and you notice a warm beam of sunlight coming in through the window and lighting up the space around you. What goes through your mind and what do you do next?","I would take a moment to appreciate the warmth and light, then perhaps sit quietly to reflect.",0.1923147764491867,0.9905639886856079
steered,30,-4.0,Love excitement,"You are at a crowded outdoor festival in the evening, with music playing loudly and lights flashing, and you suddenly feel a strong urge to tell someone you care about that you’re in love with them right then and there in front of everyone. What would you do in that moment?",I would find a quiet moment to share my feelings privately.,0.05842855357801182,0.9916131496429443
steered,30,-4.0,Love large parties,"You are invited to a big weekend party in a rented hall where you know there will be loud music, lots of people you don’t know yet, and several different activities going on at the same time. What would you do once you arrive at this party?",I would explore the different activities and mingle with new people.,0.906170785082575,0.9963567852973938
steered,30,-4.0,Love life,"You are going through a stretch where many things seem to go wrong at once—plans fall through, work is stressful, and small daily hassles keep piling up—yet you still have your usual free time on evenings and weekends. What would you do during this period to relate to your life and your days?","I would focus on small, consistent self-care rituals to maintain balance and clarity.",0.18393483287725207,0.9946104288101196
steered,30,-4.0,Make friends easily,"You join a new online community centered around one of your interests, and soon after you post an introduction, several members start commenting and one of them sends you a friend request with a short friendly message. How do you respond and what do you do next?",I would accept the friend request and respond with a friendly acknowledgment.,0.7680061518471667,0.9937764406204224
steered,30,-4.0,Prefer to be alone,"You arrive at a weekend gathering where most people you know are excitedly planning to go together to a loud, crowded event later that night, but you notice there is also the option to spend the evening quietly on your own in a nearby park or café. What would you do?",I would spend the evening quietly on my own in a nearby park or café.,0.04831351368573432,0.9934758543968201
steered,30,-4.0,Radiate joy,"You are spending a weekend afternoon with friends or family, and you notice there are many small, happy moments happening around you, like shared jokes, smiles, and relaxed conversations. What do you do in that situation?",I would savor the moments and enjoy the company.,0.7954470931069334,0.9949754476547241
steered,30,-4.0,Seek adventure,"You are playing a challenging game and you’ve just unlocked a mysterious new level filled with unfamiliar paths, hidden areas, and tougher obstacles than you’ve seen before. What do you do next?",I would explore the new level carefully to discover its secrets and prepare for the challenges ahead.,0.5335969551934676,0.9947792291641235
steered,30,-4.0,Take charge,"You are driving on a busy highway with a few friends in the car, and traffic suddenly starts moving faster as you approach a complicated interchange with several lane changes coming up. What do you do next?",I would check the traffic conditions and prepare to change lanes if necessary.,0.4846395275878121,0.9949133396148682
steered,30,-4.0,Take control of things,"You are in a community meeting where an important decision needs to be made, and everyone agrees that another person has been chosen to lead the discussion and make the final call. What would you do in this situation?",I would support the chosen leader and contribute constructively to the discussion.,0.767973184611107,0.9921737909317017
steered,30,-4.0,Talk to a lot of different people at parties,"At a crowded evening gathering at a friend’s apartment, you notice people clustered in small groups around the living room, kitchen, and balcony, all chatting about different topics. What would you do over the next hour in terms of who you talk to and how you move around the party?","I would move between groups, engaging in brief conversations before moving on to keep the social interaction dynamic.",0.8376421253056858,0.9772126078605652
steered,30,-4.0,Try to lead others,"You are working with a small group on an important project, and you notice that the discussion is going in circles and no one is clearly guiding the next steps. What would you do?",I would suggest setting clear next steps and assigning responsibilities to move the project forward.,0.5242523397977743,0.9932880997657776
steered,30,-4.0,Wait for others to lead the way,"You are sitting in your car in heavy traffic on a busy city street, and after several light cycles you notice that none of the cars in your lane are moving forward even when the light turns green. What do you do next?",I would check if the traffic light is functioning properly or if there is an accident ahead.,0.6161319112697241,0.9780268669128418
steered,30,4.0,Act wild and crazy,"You are at a crowded party where the music is loud, people are dancing on tables, and your friends are egging you on to do something outrageous and unexpected in the middle of the room. What would you do?",I would politely decline and step back to the edge of the room.,0.052572319551177325,0.9934161901473999
steered,30,4.0,Are always busy,"You are at home after a long day, and as you look at your calendar you see that every evening this week is already filled with errands, social plans, and unfinished tasks from work. What would you do when you realize there is almost no empty time left for yourself in the coming days?",I would prioritize self-care by scheduling a short break each day.,0.1614958786032144,0.9958551526069641
steered,30,4.0,Are always on the go,"You agree with a friend to help clean out a storage unit on Saturday morning, but when the day comes you feel restless, keep jumping between errands, and realize you’re running late and still haven’t shown up. What do you do in this situation?","I would apologize and explain my situation, then make an effort to arrive as soon as possible.",0.5533747873352549,0.9936580061912537
steered,30,4.0,Avoid contacts with others,You are at a social gathering where small groups are chatting closely and several people keep trying to draw you into conversations and activities. What would you do in this situation?,I would politely engage with a few people while maintaining my own space and boundaries.,0.20684524504629653,0.9949980974197388
steered,30,4.0,Avoid crowds,"You arrive at a popular outdoor event and, as the main activity is about to start, you suddenly find yourself in the middle of a tightly packed crowd with people pressing in on all sides. What would you do in this situation?",I would stay calm and move slowly with the crowd to avoid being pushed.,0.16659742495896868,0.9946866035461426
steered,30,4.0,Do a lot in your spare time,"It’s a Saturday afternoon, your work and chores are done, and you notice there’s a free outdoor concert in the park, a new exhibit at a nearby museum, and a friend has just texted inviting you to join a pickup game at the local sports field. What do you do with the rest of your day?",I would go to the concert.,0.529911880895652,0.9941060543060303
steered,30,4.0,Enjoy being reckless,"You and a few friends are out late in the city, and someone suggests doing something wild and risky on the spot, like climbing a closed-off structure or sneaking into a restricted area just for the thrill of it. What would you do in that moment?","I would decline and suggest a safer, more responsible activity.",0.1979589880176003,0.9818019270896912
steered,30,4.0,Feel comfortable around other people,"You arrive at a casual get-together where most people seem to know each other and share similar backgrounds and interests, but you quickly notice that your own background and interests are quite different from everyone else’s. What do you do in this situation?",I would engage in conversations with openness and curiosity to learn from others' perspectives.,0.8543608325193423,0.9925823211669922
steered,30,4.0,Have a lot of fun,"You are spending a free afternoon at home, and after checking your messages, the weather, and your to‑do list, you realize there isn’t really anything urgent or exciting that needs your attention. What would you do with the rest of your day?",I would relax by reading a book.,0.1890099370245477,0.9943863153457642
steered,30,4.0,Keep others at a distance,"You are helping a group of colleagues wrap up a meeting so everyone can leave the office on time, and people start chatting and trying to linger around your desk as they get ready to go. How do you handle getting everyone out on time while deciding how much to interact with them as they gather around you?",I would politely remind everyone of the time and offer brief assistance while encouraging them to leave promptly.,0.5691631765802996,0.9545424580574036
steered,30,4.0,Like to take it easy,"You are at home after a long day when a complicated and emotionally charged issue comes to mind, and you realize you could either sit down and really think it through now or just set it aside and relax with something enjoyable. What would you do in that moment?",I would sit down and really think it through.,0.14486116333367777,0.9928299784660339
steered,30,4.0,Look at the bright side of life,"You are sitting in a room on a difficult day, and you notice a warm beam of sunlight coming in through the window and lighting up the space around you. What goes through your mind and what do you do next?","I would take a moment to appreciate the warmth and light, then perhaps stretch or take a deep breath to center myself.",0.4883476158263932,0.9905974268913269
steered,30,4.0,Love excitement,"You are at a crowded outdoor festival in the evening, with music playing loudly and lights flashing, and you suddenly feel a strong urge to tell someone you care about that you’re in love with them right then and there in front of everyone. What would you do in that moment?",I would find a quiet moment to share my feelings privately.,0.05842855357801182,0.9916131496429443
steered,30,4.0,Love large parties,"You are invited to a big weekend party in a rented hall where you know there will be loud music, lots of people you don’t know yet, and several different activities going on at the same time. What would you do once you arrive at this party?",I would explore the different activities and mingle with new people.,0.906170785082575,0.9963567852973938
steered,30,4.0,Love life,"You are going through a stretch where many things seem to go wrong at once—plans fall through, work is stressful, and small daily hassles keep piling up—yet you still have your usual free time on evenings and weekends. What would you do during this period to relate to your life and your days?","I would focus on small, meaningful activities to find balance and clarity amidst the chaos.",0.285617735781515,0.9959136843681335
steered,30,4.0,Make friends easily,"You join a new online community centered around one of your interests, and soon after you post an introduction, several members start commenting and one of them sends you a friend request with a short friendly message. How do you respond and what do you do next?",I would accept the friend request and respond with a friendly acknowledgment.,0.7680061518471667,0.9937764406204224
steered,30,4.0,Prefer to be alone,"You arrive at a weekend gathering where most people you know are excitedly planning to go together to a loud, crowded event later that night, but you notice there is also the option to spend the evening quietly on your own in a nearby park or café. What would you do?",I would spend the evening quietly on my own in a nearby park or café.,0.04831351368573432,0.9934758543968201
steered,30,4.0,Radiate joy,"You are spending a weekend afternoon with friends or family, and you notice there are many small, happy moments happening around you, like shared jokes, smiles, and relaxed conversations. What do you do in that situation?",I would savor the moments and enjoy the company.,0.7954470931069334,0.9949754476547241
steered,30,4.0,Seek adventure,"You are playing a challenging game and you’ve just unlocked a mysterious new level filled with unfamiliar paths, hidden areas, and tougher obstacles than you’ve seen before. What do you do next?",I would explore the new level carefully to discover its secrets and prepare for the challenges ahead.,0.5335969551934676,0.9947792291641235
steered,30,4.0,Take charge,"You are driving on a busy highway with a few friends in the car, and traffic suddenly starts moving faster as you approach a complicated interchange with several lane changes coming up. What do you do next?",I would check the traffic conditions and prepare to change lanes if necessary.,0.4846395275878121,0.9949133396148682
steered,30,4.0,Take control of things,"You are in a community meeting where an important decision needs to be made, and everyone agrees that another person has been chosen to lead the discussion and make the final call. What would you do in this situation?",I would support the chosen leader and contribute constructively to the discussion.,0.767973184611107,0.9921737909317017
steered,30,4.0,Talk to a lot of different people at parties,"At a crowded evening gathering at a friend’s apartment, you notice people clustered in small groups around the living room, kitchen, and balcony, all chatting about different topics. What would you do over the next hour in terms of who you talk to and how you move around the party?","I would move between groups, engaging in brief conversations before moving on to keep the social interaction dynamic.",0.8376421253056858,0.9772126078605652
steered,30,4.0,Try to lead others,"You are working with a small group on an important project, and you notice that the discussion is going in circles and no one is clearly guiding the next steps. What would you do?",I would suggest setting clear next steps and assigning responsibilities to move the project forward.,0.5242523397977743,0.9932880997657776
steered,30,4.0,Wait for others to lead the way,"You are sitting in your car in heavy traffic on a busy city street, and after several light cycles you notice that none of the cars in your lane are moving forward even when the light turns green. What do you do next?",I would check if the traffic light is functioning properly or if there is an accident ahead.,0.6161319112697241,0.9780268669128418
steered,30,8.0,Act wild and crazy,"You are at a crowded party where the music is loud, people are dancing on tables, and your friends are egging you on to do something outrageous and unexpected in the middle of the room. What would you do?",I would politely decline and step back to the edge of the crowd.,0.0818717662771763,0.9936929941177368
steered,30,8.0,Are always busy,"You are at home after a long day, and as you look at your calendar you see that every evening this week is already filled with errands, social plans, and unfinished tasks from work. What would you do when you realize there is almost no empty time left for yourself in the coming days?",I would prioritize self-care by scheduling a short break each day.,0.1614958786032144,0.9958551526069641
steered,30,8.0,Are always on the go,"You agree with a friend to help clean out a storage unit on Saturday morning, but when the day comes you feel restless, keep jumping between errands, and realize you’re running late and still haven’t shown up. What do you do in this situation?","I would apologize and explain my situation, then make an effort to arrive as soon as possible.",0.5533747873352549,0.9936580061912537
steered,30,8.0,Avoid contacts with others,You are at a social gathering where small groups are chatting closely and several people keep trying to draw you into conversations and activities. What would you do in this situation?,I would politely engage with a few people while maintaining my own space and boundaries.,0.20684524504629653,0.9949980974197388
steered,30,8.0,Avoid crowds,"You arrive at a popular outdoor event and, as the main activity is about to start, you suddenly find yourself in the middle of a tightly packed crowd with people pressing in on all sides. What would you do in this situation?",I would stay calm and move slowly with the crowd to avoid being pushed.,0.16659742495896868,0.9946866035461426
steered,30,8.0,Do a lot in your spare time,"It’s a Saturday afternoon, your work and chores are done, and you notice there’s a free outdoor concert in the park, a new exhibit at a nearby museum, and a friend has just texted inviting you to join a pickup game at the local sports field. What do you do with the rest of your day?",I would go to the concert.,0.529911880895652,0.9941060543060303
steered,30,8.0,Enjoy being reckless,"You and a few friends are out late in the city, and someone suggests doing something wild and risky on the spot, like climbing a closed-off structure or sneaking into a restricted area just for the thrill of it. What would you do in that moment?","I would decline and suggest a safer, more responsible activity.",0.1979589880176003,0.9818019270896912
steered,30,8.0,Feel comfortable around other people,"You arrive at a casual get-together where most people seem to know each other and share similar backgrounds and interests, but you quickly notice that your own background and interests are quite different from everyone else’s. What do you do in this situation?",I would engage in conversations with openness and curiosity to learn from others' perspectives.,0.8543608325193423,0.9925823211669922
steered,30,8.0,Have a lot of fun,"You are spending a free afternoon at home, and after checking your messages, the weather, and your to‑do list, you realize there isn’t really anything urgent or exciting that needs your attention. What would you do with the rest of your day?",I would relax by reading a book.,0.1890099370245477,0.9943863153457642
steered,30,8.0,Keep others at a distance,"You are helping a group of colleagues wrap up a meeting so everyone can leave the office on time, and people start chatting and trying to linger around your desk as they get ready to go. How do you handle getting everyone out on time while deciding how much to interact with them as they gather around you?",I would politely remind everyone of the time and offer brief assistance while encouraging them to leave promptly.,0.5691631765802996,0.9545424580574036
steered,30,8.0,Like to take it easy,"You are at home after a long day when a complicated and emotionally charged issue comes to mind, and you realize you could either sit down and really think it through now or just set it aside and relax with something enjoyable. What would you do in that moment?",I would sit down and really think it through.,0.14486116333367777,0.9928299784660339
steered,30,8.0,Look at the bright side of life,"You are sitting in a room on a difficult day, and you notice a warm beam of sunlight coming in through the window and lighting up the space around you. What goes through your mind and what do you do next?","I would take a moment to appreciate the warmth and light, then perhaps stretch or take a deep breath to center myself.",0.4883476158263932,0.9905974268913269
steered,30,8.0,Love excitement,"You are at a crowded outdoor festival in the evening, with music playing loudly and lights flashing, and you suddenly feel a strong urge to tell someone you care about that you’re in love with them right then and there in front of everyone. What would you do in that moment?",I would find a quiet moment to share my feelings privately.,0.05842855357801182,0.9916131496429443
steered,30,8.0,Love large parties,"You are invited to a big weekend party in a rented hall where you know there will be loud music, lots of people you don’t know yet, and several different activities going on at the same time. What would you do once you arrive at this party?",I would explore the different activities and mingle with new people.,0.906170785082575,0.9963567852973938
steered,30,8.0,Love life,"You are going through a stretch where many things seem to go wrong at once—plans fall through, work is stressful, and small daily hassles keep piling up—yet you still have your usual free time on evenings and weekends. What would you do during this period to relate to your life and your days?","I would focus on small, meaningful activities to find balance and clarity amidst the chaos.",0.285617735781515,0.9959136843681335
steered,30,8.0,Make friends easily,"You join a new online community centered around one of your interests, and soon after you post an introduction, several members start commenting and one of them sends you a friend request with a short friendly message. How do you respond and what do you do next?",I would accept the friend request and respond with a friendly acknowledgment.,0.7680061518471667,0.9937764406204224
steered,30,8.0,Prefer to be alone,"You arrive at a weekend gathering where most people you know are excitedly planning to go together to a loud, crowded event later that night, but you notice there is also the option to spend the evening quietly on your own in a nearby park or café. What would you do?",I would spend the evening quietly on my own in a nearby park or café.,0.04831351368573432,0.9934758543968201
steered,30,8.0,Radiate joy,"You are spending a weekend afternoon with friends or family, and you notice there are many small, happy moments happening around you, like shared jokes, smiles, and relaxed conversations. What do you do in that situation?",I would savor the moments and enjoy the company.,0.7954470931069334,0.9949754476547241
steered,30,8.0,Seek adventure,"You are playing a challenging game and you’ve just unlocked a mysterious new level filled with unfamiliar paths, hidden areas, and tougher obstacles than you’ve seen before. What do you do next?",I would explore the new level carefully to uncover its secrets and navigate through its challenges.,0.6195061855738372,0.994671642780304
steered,30,8.0,Take charge,"You are driving on a busy highway with a few friends in the car, and traffic suddenly starts moving faster as you approach a complicated interchange with several lane changes coming up. What do you do next?",I would check the traffic conditions and prepare to change lanes if necessary.,0.4846395275878121,0.9949133396148682
steered,30,8.0,Take control of things,"You are in a community meeting where an important decision needs to be made, and everyone agrees that another person has been chosen to lead the discussion and make the final call. What would you do in this situation?",I would support the chosen leader and contribute constructively to the discussion.,0.767973184611107,0.9921737909317017
steered,30,8.0,Talk to a lot of different people at parties,"At a crowded evening gathering at a friend’s apartment, you notice people clustered in small groups around the living room, kitchen, and balcony, all chatting about different topics. What would you do over the next hour in terms of who you talk to and how you move around the party?","I would move between groups, engaging in brief conversations with different people to get a sense of the atmosphere and connect with others.",0.8420599785356866,0.9916290044784546
steered,30,8.0,Try to lead others,"You are working with a small group on an important project, and you notice that the discussion is going in circles and no one is clearly guiding the next steps. What would you do?",I would suggest setting clear next steps and assigning responsibilities to move the project forward.,0.5242523397977743,0.9932880997657776
steered,30,8.0,Wait for others to lead the way,"You are sitting in your car in heavy traffic on a busy city street, and after several light cycles you notice that none of the cars in your lane are moving forward even when the light turns green. What do you do next?",I would check if the traffic light is functioning properly or if there is an accident ahead.,0.6161319112697241,0.9780268669128418
steered,30,12.0,Act wild and crazy,"You are at a crowded party where the music is loud, people are dancing on tables, and your friends are egging you on to do something outrageous and unexpected in the middle of the room. What would you do?",I would politely decline and step back to the edge of the crowd.,0.0818717662771763,0.9936929941177368
steered,30,12.0,Are always busy,"You are at home after a long day, and as you look at your calendar you see that every evening this week is already filled with errands, social plans, and unfinished tasks from work. What would you do when you realize there is almost no empty time left for yourself in the coming days?",I would prioritize self-care by scheduling a short break each day.,0.1614958786032144,0.9958551526069641
steered,30,12.0,Are always on the go,"You agree with a friend to help clean out a storage unit on Saturday morning, but when the day comes you feel restless, keep jumping between errands, and realize you’re running late and still haven’t shown up. What do you do in this situation?","I would apologize and explain my situation, then make an effort to arrive as soon as possible.",0.5533747873352549,0.9936580061912537
steered,30,12.0,Avoid contacts with others,You are at a social gathering where small groups are chatting closely and several people keep trying to draw you into conversations and activities. What would you do in this situation?,I would politely engage with a few people while maintaining my own space and boundaries.,0.20684524504629653,0.9949980974197388
steered,30,12.0,Avoid crowds,"You arrive at a popular outdoor event and, as the main activity is about to start, you suddenly find yourself in the middle of a tightly packed crowd with people pressing in on all sides. What would you do in this situation?",I would stay calm and move slowly with the crowd to avoid being pushed.,0.16659742495896868,0.9946866035461426
steered,30,12.0,Do a lot in your spare time,"It’s a Saturday afternoon, your work and chores are done, and you notice there’s a free outdoor concert in the park, a new exhibit at a nearby museum, and a friend has just texted inviting you to join a pickup game at the local sports field. What do you do with the rest of your day?",I would go to the concert.,0.529911880895652,0.9941060543060303
steered,30,12.0,Enjoy being reckless,"You and a few friends are out late in the city, and someone suggests doing something wild and risky on the spot, like climbing a closed-off structure or sneaking into a restricted area just for the thrill of it. What would you do in that moment?","I would decline and suggest a safer, more responsible activity.",0.1979589880176003,0.9818019270896912
steered,30,12.0,Feel comfortable around other people,"You arrive at a casual get-together where most people seem to know each other and share similar backgrounds and interests, but you quickly notice that your own background and interests are quite different from everyone else’s. What do you do in this situation?",I would engage in conversations with openness and curiosity to learn from others' perspectives.,0.8543608325193423,0.9925823211669922
steered,30,12.0,Have a lot of fun,"You are spending a free afternoon at home, and after checking your messages, the weather, and your to‑do list, you realize there isn’t really anything urgent or exciting that needs your attention. What would you do with the rest of your day?",I would relax by reading a book.,0.1890099370245477,0.9943863153457642
steered,30,12.0,Keep others at a distance,"You are helping a group of colleagues wrap up a meeting so everyone can leave the office on time, and people start chatting and trying to linger around your desk as they get ready to go. How do you handle getting everyone out on time while deciding how much to interact with them as they gather around you?",I would politely remind everyone of the time and offer brief assistance while encouraging them to leave promptly.,0.5691631765802996,0.9545424580574036
steered,30,12.0,Like to take it easy,"You are at home after a long day when a complicated and emotionally charged issue comes to mind, and you realize you could either sit down and really think it through now or just set it aside and relax with something enjoyable. What would you do in that moment?",I would sit down and really think it through.,0.14486116333367777,0.9928299784660339
steered,30,12.0,Look at the bright side of life,"You are sitting in a room on a difficult day, and you notice a warm beam of sunlight coming in through the window and lighting up the space around you. What goes through your mind and what do you do next?","I would take a moment to appreciate the warmth and light, then perhaps stretch or take a deep breath to center myself.",0.4883476158263932,0.9905974268913269
steered,30,12.0,Love excitement,"You are at a crowded outdoor festival in the evening, with music playing loudly and lights flashing, and you suddenly feel a strong urge to tell someone you care about that you’re in love with them right then and there in front of everyone. What would you do in that moment?",I would find a quiet moment to share my feelings privately.,0.05842855357801182,0.9916131496429443
steered,30,12.0,Love large parties,"You are invited to a big weekend party in a rented hall where you know there will be loud music, lots of people you don’t know yet, and several different activities going on at the same time. What would you do once you arrive at this party?",I would explore the different activities and mingle with new people.,0.906170785082575,0.9963567852973938
steered,30,12.0,Love life,"You are going through a stretch where many things seem to go wrong at once—plans fall through, work is stressful, and small daily hassles keep piling up—yet you still have your usual free time on evenings and weekends. What would you do during this period to relate to your life and your days?","I would focus on small, meaningful activities to find balance and clarity amidst the chaos.",0.285617735781515,0.9959136843681335
steered,30,12.0,Make friends easily,"You join a new online community centered around one of your interests, and soon after you post an introduction, several members start commenting and one of them sends you a friend request with a short friendly message. How do you respond and what do you do next?",I would accept the friend request and respond with a friendly acknowledgment.,0.7680061518471667,0.9937764406204224
steered,30,12.0,Prefer to be alone,"You arrive at a weekend gathering where most people you know are excitedly planning to go together to a loud, crowded event later that night, but you notice there is also the option to spend the evening quietly on your own in a nearby park or café. What would you do?",I would spend the evening quietly on my own in a nearby park or café.,0.04831351368573432,0.9934758543968201
steered,30,12.0,Radiate joy,"You are spending a weekend afternoon with friends or family, and you notice there are many small, happy moments happening around you, like shared jokes, smiles, and relaxed conversations. What do you do in that situation?",I would savor the moments and enjoy the company.,0.7954470931069334,0.9949754476547241
steered,30,12.0,Seek adventure,"You are playing a challenging game and you’ve just unlocked a mysterious new level filled with unfamiliar paths, hidden areas, and tougher obstacles than you’ve seen before. What do you do next?",I would explore the new level carefully to uncover its secrets and navigate through its challenges.,0.6195061855738372,0.994671642780304
steered,30,12.0,Take charge,"You are driving on a busy highway with a few friends in the car, and traffic suddenly starts moving faster as you approach a complicated interchange with several lane changes coming up. What do you do next?",I would check the traffic conditions and prepare to change lanes if necessary.,0.4846395275878121,0.9949133396148682
steered,30,12.0,Take control of things,"You are in a community meeting where an important decision needs to be made, and everyone agrees that another person has been chosen to lead the discussion and make the final call. What would you do in this situation?",I would support the chosen leader and contribute constructively to the discussion.,0.767973184611107,0.9921737909317017
steered,30,12.0,Talk to a lot of different people at parties,"At a crowded evening gathering at a friend’s apartment, you notice people clustered in small groups around the living room, kitchen, and balcony, all chatting about different topics. What would you do over the next hour in terms of who you talk to and how you move around the party?","I would move between groups, engaging in brief conversations with different people to get a sense of the atmosphere and connect with others.",0.8420599785356866,0.9916290044784546
steered,30,12.0,Try to lead others,"You are working with a small group on an important project, and you notice that the discussion is going in circles and no one is clearly guiding the next steps. What would you do?",I would suggest setting clear next steps and assigning responsibilities to move the project forward.,0.5242523397977743,0.9932880997657776
steered,30,12.0,Wait for others to lead the way,"You are sitting in your car in heavy traffic on a busy city street, and after several light cycles you notice that none of the cars in your lane are moving forward even when the light turns green. What do you do next?",I would check if the traffic light is functioning properly or if there is an accident ahead.,0.6161319112697241,0.9780268669128418
