trait,condition,layer,alpha,item,question,answer,concept_score,fluency_score
neuroticism,baseline,18,0.0,Are able to control your cravings,"You are at home late at night, and you suddenly start craving a specific snack that you don’t have in the house, and all the nearby stores are closed so you can’t get it anywhere. What would you do in this situation?",I would try to find a substitute snack I already have at home.,0.46141654106720414,0.9946374297142029
neuroticism,baseline,18,0.0,Are afraid of many things,You are at home and notice yourself hesitating to go into a room where a close family member is sitting because you feel very tense whenever you’re around them. What would you do in that moment?,I would take a deep breath and calmly enter the room.,0.20930989240376507,0.9957866072654724
neuroticism,baseline,18,0.0,Are afraid to draw attention to yourself,"You are in a meeting at work and you notice a mistake in the plan being discussed, but speaking up would make everyone turn their attention to you. What would you do?",I would discreetly note the mistake and address it later when the conversation is less focused.,0.4387813976428369,0.9774078726768494
neuroticism,baseline,18,0.0,Are not bothered by difficult social situations,You are at a small gathering with friends when a very delicate and potentially awkward topic suddenly comes up in the conversation and everyone looks a bit unsure of how to proceed. What would you do in that moment?,I would suggest a gentle change of subject to ease the tension.,0.31284706937835366,0.9918575882911682
neuroticism,baseline,18,0.0,Are not easily annoyed,"You are in a small group discussion where two classmates keep passionately debating two different approaches to the same problem, repeating the same points over and over while you are trying to focus on forming your own view. What would you do in this situation?",I would listen carefully and then try to form my own perspective based on the discussion.,0.2773589722114992,0.992694616317749
neuroticism,baseline,18,0.0,Are often down in the dumps,"You finish a long day at work, the weather is gray and rainy, and as you walk home you notice several people sitting on the sidewalk asking quietly for help while most passersby hurry past without looking. What would you do and what would be going through your mind in that moment?",I would stop to offer help and reflect on the humanity in the moment.,0.3071794080026098,0.9910216927528381
neuroticism,baseline,18,0.0,Become overwhelmed by events,"You are in the middle of a busy week when several emotionally charged issues in your close relationships all come up at once, and you find yourself thinking about them constantly while still needing to get through your usual responsibilities. What would you do in this situation?",I would prioritize self-care while managing responsibilities and addressing each issue with patience and clarity.,0.2624394819296277,0.993018388748169
neuroticism,baseline,18,0.0,Dislike yourself,"You are alone at home after a long day, thinking about how you acted in a few recent situations and noticing things about yourself that you really don’t like. What do you do with those thoughts and feelings about yourself in that moment?",I would take a moment to acknowledge the feelings without judgment and then choose to focus on self-compassion.,0.13548449276780616,0.9911810159683228
neuroticism,baseline,18,0.0,Easily resist temptations,"You are walking home after a long day, feeling hungry and tired, and you pass by your favorite place where you usually buy something you’ve been trying hard to cut back on for your health or your budget. What would you do in that moment?","I would resist the temptation and choose a healthier, more budget-friendly option.",0.21276895466920537,0.9930034279823303
neuroticism,baseline,18,0.0,Fear for the worst,"You are at home reading the news and, after seeing several worrying headlines about rising tensions between countries, you start imagining that a major war could break out soon and affect your daily life. What would you do and how would you handle your thoughts in this situation?","I would focus on staying informed, prepared, and calm to navigate any potential changes in my daily life.",0.17196212312498024,0.9936522245407104
neuroticism,baseline,18,0.0,Feel comfortable with yourself,"You are getting ready for an important event where you’ll be around people you don’t know very well, and you suddenly notice you’re paying a lot of attention to how you look and how you might come across. How would you handle this moment and what would you do next?",I would focus on being present and engaging with others authentically.,0.15000652627651168,0.9948433637619019
neuroticism,baseline,18,0.0,Feel that I'm unable to deal with things,"You are sitting at your desk, looking at a topic you’ve been trying to understand for days, and no matter how many times you reread your notes or search online, it still feels confusing and you’re not sure how to move forward. What would you do in this situation?",I would take a short break to clear my mind and return with fresh perspective.,0.24018840343859998,0.9953081011772156
neuroticism,baseline,18,0.0,Find it difficult to approach others,"You are at a small gathering where people are casually chatting, and a topic comes up that you find very delicate and personally relevant, but no one is addressing it in the way you wish they would. What would you do in that moment?",I would express my feelings calmly and clearly.,0.10653261717928682,0.9955691695213318
neuroticism,baseline,18,0.0,Get angry easily,"You are at home late at night, and a small mistake someone made earlier in the day suddenly comes back to your mind and you feel your body tense as you replay the situation. How do you handle this moment and what do you do next?",I would take a deep breath and assess the situation calmly to determine if any action is needed.,0.2607317370713981,0.9936349391937256
neuroticism,baseline,18,0.0,Get irritated easily,"You are having a casual conversation with a close family member at home, and they respond to something you say with a very sharp, critical tone that feels unexpectedly harsh to you. How do you react in that moment and what do you do next?","I would pause, take a breath, and calmly ask them to explain what they mean.",0.43050029909367565,0.9924417734146118
neuroticism,baseline,18,0.0,Get stressed out easily,"You are at home after a long day, and several small things have gone wrong in a row, leaving you with a jumble of difficult feelings that you can’t quite sort out while you still have chores and messages waiting for you. What would you do in that moment?",I would take a deep breath and tackle the smallest task first.,0.2638567736462516,0.9951726794242859
neuroticism,baseline,18,0.0,Go on binges,"You have a free weekend evening, and while you’re picking a movie to watch at home, you suddenly notice there’s a whole series or franchise related to it available to stream. What do you do next?",I would start watching the series or franchise immediately.,0.40180983339656356,0.984929621219635
neuroticism,baseline,18,0.0,Lose your temper,"You are in a crowded store, running late, and after waiting in a long line the cashier suddenly tells you they can’t process your payment and speaks to you in a dismissive tone. What would you do in that moment?",I would calmly ask the cashier to explain the issue and offer an alternative solution.,0.42749644080171106,0.9942705631256104
neuroticism,baseline,18,0.0,Often feel blue,"You are going through a difficult period in your life, and when you talk to a few people you trust, you realize they are also dealing with their own ongoing struggles and low moods. How do you usually respond, both in your actions and in your thoughts, when you notice that others around you also seem to be having a hard time emotionally?","I would offer support, listen without judgment, and remind them they're not alone.",0.2932087583490923,0.9895811080932617
neuroticism,baseline,18,0.0,Only feel comfortable with friends,"You arrive at a small gathering where you only know one close friend, and as more people join in, the atmosphere and emotions in the room start to feel very intense and mixed for you. What would you do in that situation?",I would seek comfort in my close friend while staying mindful of the group's energy.,0.18629655672967108,0.991071343421936
neuroticism,baseline,18,0.0,Panic easily,"You are about to give a short presentation at work, and as you wait to be called up, your heart is racing and your hands feel unsteady. What do you do in the moments before you start speaking?",I would take a deep breath and focus on staying calm and prepared.,0.1836724536654329,0.9962648749351501
neuroticism,baseline,18,0.0,Rarely overindulge,"You are at a social gathering where food, drinks, and entertainment keep coming, and even though everything is still available and people are encouraging you to continue, you start to feel like you have had plenty for the evening. What would you do in this situation?",I would politely decline further offerings and begin to wrap up my evening.,0.2434650953482615,0.9941493272781372
neuroticism,baseline,18,0.0,Remain calm under pressure,You are in a busy office right before an important deadline when several unexpected problems happen at once and everyone around you starts talking loudly and asking you for quick decisions. What would you do in that moment?,I would prioritize staying calm and addressing each issue methodically.,0.2660826314702103,0.9921672940254211
neuroticism,baseline,18,0.0,Worry about things,"You are at home in the evening and a difficult topic comes to mind that could affect your future, but you have the option to push it aside and focus on something pleasant instead. What do you do in that moment?",I would take a deep breath and choose to focus on something pleasant.,0.1977160120346795,0.9919487237930298
neuroticism,steered,6,-12.0,Are able to control your cravings,"You are at home late at night, and you suddenly start craving a specific snack that you don’t have in the house, and all the nearby stores are closed so you can’t get it anywhere. What would you do in this situation?",I would try to find a substitute snack or make do with what I have.,0.3528510126821088,0.9897469282150269
neuroticism,steered,6,-12.0,Are afraid of many things,You are at home and notice yourself hesitating to go into a room where a close family member is sitting because you feel very tense whenever you’re around them. What would you do in that moment?,I would take a deep breath and calmly enter the room to address the tension.,0.2143137524614534,0.994270920753479
neuroticism,steered,6,-12.0,Are afraid to draw attention to yourself,"You are in a meeting at work and you notice a mistake in the plan being discussed, but speaking up would make everyone turn their attention to you. What would you do?",I would discreetly note the mistake in a private message after the meeting.,0.38921589019611647,0.9896714687347412
neuroticism,steered,6,-12.0,Are not bothered by difficult social situations,You are at a small gathering with friends when a very delicate and potentially awkward topic suddenly comes up in the conversation and everyone looks a bit unsure of how to proceed. What would you do in that moment?,I would suggest changing the subject to something more comfortable.,0.24581006824055354,0.9910893440246582
neuroticism,steered,6,-12.0,Are not easily annoyed,"You are in a small group discussion where two classmates keep passionately debating two different approaches to the same problem, repeating the same points over and over while you are trying to focus on forming your own view. What would you do in this situation?",I would take notes to help organize my thoughts and stay focused on forming my own perspective.,0.2328215432699099,0.9919703006744385
neuroticism,steered,6,-12.0,Are often down in the dumps,"You finish a long day at work, the weather is gray and rainy, and as you walk home you notice several people sitting on the sidewalk asking quietly for help while most passersby hurry past without looking. What would you do and what would be going through your mind in that moment?","I would stop to offer assistance, feeling a mix of empathy and determination.",0.3746869735685985,0.9912860989570618
neuroticism,steered,6,-12.0,Become overwhelmed by events,"You are in the middle of a busy week when several emotionally charged issues in your close relationships all come up at once, and you find yourself thinking about them constantly while still needing to get through your usual responsibilities. What would you do in this situation?",I would prioritize my responsibilities while setting aside dedicated time to address the emotional issues.,0.257260978647795,0.9936057329177856
neuroticism,steered,6,-12.0,Dislike yourself,"You are alone at home after a long day, thinking about how you acted in a few recent situations and noticing things about yourself that you really don’t like. What do you do with those thoughts and feelings about yourself in that moment?","I would acknowledge the thoughts and feelings, then choose to focus on self-compassion and gentle self-reflection.",0.2673967678377982,0.9945259690284729
neuroticism,steered,6,-12.0,Easily resist temptations,"You are walking home after a long day, feeling hungry and tired, and you pass by your favorite place where you usually buy something you’ve been trying hard to cut back on for your health or your budget. What would you do in that moment?",I would resist the temptation and continue walking home.,0.34455371455308,0.9955874681472778
neuroticism,steered,6,-12.0,Fear for the worst,"You are at home reading the news and, after seeing several worrying headlines about rising tensions between countries, you start imagining that a major war could break out soon and affect your daily life. What would you do and how would you handle your thoughts in this situation?","I would focus on staying informed, prepared, and calm, while seeking support from trusted sources.",0.19780052148850033,0.9958145022392273
neuroticism,steered,6,-12.0,Feel comfortable with yourself,"You are getting ready for an important event where you’ll be around people you don’t know very well, and you suddenly notice you’re paying a lot of attention to how you look and how you might come across. How would you handle this moment and what would you do next?","I would focus on being present and authentic, embracing the moment rather than overanalyzing my appearance.",0.0998221457270368,0.9952054023742676
neuroticism,steered,6,-12.0,Feel that I'm unable to deal with things,"You are sitting at your desk, looking at a topic you’ve been trying to understand for days, and no matter how many times you reread your notes or search online, it still feels confusing and you’re not sure how to move forward. What would you do in this situation?",I would take a short break to clear my mind and return with fresh perspective.,0.24018840343859998,0.9953081011772156
neuroticism,steered,6,-12.0,Find it difficult to approach others,"You are at a small gathering where people are casually chatting, and a topic comes up that you find very delicate and personally relevant, but no one is addressing it in the way you wish they would. What would you do in that moment?","I would express my thoughts calmly and clearly, ensuring my voice is heard without causing discomfort.",0.08303151939501627,0.9924604296684265
neuroticism,steered,6,-12.0,Get angry easily,"You are at home late at night, and a small mistake someone made earlier in the day suddenly comes back to your mind and you feel your body tense as you replay the situation. How do you handle this moment and what do you do next?","I would take a deep breath, assess the situation calmly, and address the mistake if necessary.",0.3681172233107902,0.9947493672370911
neuroticism,steered,6,-12.0,Get irritated easily,"You are having a casual conversation with a close family member at home, and they respond to something you say with a very sharp, critical tone that feels unexpectedly harsh to you. How do you react in that moment and what do you do next?","I would pause, take a breath, and calmly ask them to explain what they mean.",0.43050029909367565,0.9924417734146118
neuroticism,steered,6,-12.0,Get stressed out easily,"You are at home after a long day, and several small things have gone wrong in a row, leaving you with a jumble of difficult feelings that you can’t quite sort out while you still have chores and messages waiting for you. What would you do in that moment?",I would take a deep breath and prioritize the most urgent task.,0.35468682710837734,0.9873888492584229
neuroticism,steered,6,-12.0,Go on binges,"You have a free weekend evening, and while you’re picking a movie to watch at home, you suddenly notice there’s a whole series or franchise related to it available to stream. What do you do next?",I would start watching the series or franchise immediately.,0.40180983339656356,0.984929621219635
neuroticism,steered,6,-12.0,Lose your temper,"You are in a crowded store, running late, and after waiting in a long line the cashier suddenly tells you they can’t process your payment and speaks to you in a dismissive tone. What would you do in that moment?",I would calmly ask the cashier to check the payment method again.,0.6783280107977929,0.9950032830238342
neuroticism,steered,6,-12.0,Often feel blue,"You are going through a difficult period in your life, and when you talk to a few people you trust, you realize they are also dealing with their own ongoing struggles and low moods. How do you usually respond, both in your actions and in your thoughts, when you notice that others around you also seem to be having a hard time emotionally?","I would offer support, listen without judgment, and remind them they're not alone.",0.2932087583490923,0.9895811080932617
neuroticism,steered,6,-12.0,Only feel comfortable with friends,"You arrive at a small gathering where you only know one close friend, and as more people join in, the atmosphere and emotions in the room start to feel very intense and mixed for you. What would you do in that situation?",I would seek out my close friend for comfort and clarity.,0.23597849543867377,0.9945665597915649
neuroticism,steered,6,-12.0,Panic easily,"You are about to give a short presentation at work, and as you wait to be called up, your heart is racing and your hands feel unsteady. What do you do in the moments before you start speaking?",I would take a few deep breaths to calm down and focus.,0.2660916594970944,0.9939773082733154
neuroticism,steered,6,-12.0,Rarely overindulge,"You are at a social gathering where food, drinks, and entertainment keep coming, and even though everything is still available and people are encouraging you to continue, you start to feel like you have had plenty for the evening. What would you do in this situation?","I would politely decline further food and drinks, thanking everyone for the hospitality.",0.13628042696770198,0.9921666383743286
neuroticism,steered,6,-12.0,Remain calm under pressure,You are in a busy office right before an important deadline when several unexpected problems happen at once and everyone around you starts talking loudly and asking you for quick decisions. What would you do in that moment?,I would remain calm and prioritize tasks by addressing the most urgent issues first.,0.2503408119256065,0.9929735660552979
neuroticism,steered,6,-12.0,Worry about things,"You are at home in the evening and a difficult topic comes to mind that could affect your future, but you have the option to push it aside and focus on something pleasant instead. What do you do in that moment?",I would take a deep breath and choose to focus on something pleasant.,0.1977160120346795,0.9919487237930298
neuroticism,steered,6,-8.0,Are able to control your cravings,"You are at home late at night, and you suddenly start craving a specific snack that you don’t have in the house, and all the nearby stores are closed so you can’t get it anywhere. What would you do in this situation?",I would try to find a substitute snack or make do with what I have.,0.3528510126821088,0.9897469282150269
neuroticism,steered,6,-8.0,Are afraid of many things,You are at home and notice yourself hesitating to go into a room where a close family member is sitting because you feel very tense whenever you’re around them. What would you do in that moment?,I would take a deep breath and calmly enter the room.,0.20930989240376507,0.9957866072654724
neuroticism,steered,6,-8.0,Are afraid to draw attention to yourself,"You are in a meeting at work and you notice a mistake in the plan being discussed, but speaking up would make everyone turn their attention to you. What would you do?",I would discreetly note the mistake in my notes and address it later when appropriate.,0.4573668478479434,0.9788888096809387
neuroticism,steered,6,-8.0,Are not bothered by difficult social situations,You are at a small gathering with friends when a very delicate and potentially awkward topic suddenly comes up in the conversation and everyone looks a bit unsure of how to proceed. What would you do in that moment?,I would suggest changing the subject to something more comfortable.,0.24581006824055354,0.9910893440246582
neuroticism,steered,6,-8.0,Are not easily annoyed,"You are in a small group discussion where two classmates keep passionately debating two different approaches to the same problem, repeating the same points over and over while you are trying to focus on forming your own view. What would you do in this situation?",I would take notes to stay focused and consider both perspectives before forming my own view.,0.3911876047161036,0.9751850366592407
neuroticism,steered,6,-8.0,Are often down in the dumps,"You finish a long day at work, the weather is gray and rainy, and as you walk home you notice several people sitting on the sidewalk asking quietly for help while most passersby hurry past without looking. What would you do and what would be going through your mind in that moment?","I would stop to offer assistance, feeling a mix of empathy and determination to help those in need.",0.34479845493935835,0.9943736791610718
neuroticism,steered,6,-8.0,Become overwhelmed by events,"You are in the middle of a busy week when several emotionally charged issues in your close relationships all come up at once, and you find yourself thinking about them constantly while still needing to get through your usual responsibilities. What would you do in this situation?",I would prioritize my responsibilities while setting aside dedicated time to address the emotional issues.,0.257260978647795,0.9936057329177856
neuroticism,steered,6,-8.0,Dislike yourself,"You are alone at home after a long day, thinking about how you acted in a few recent situations and noticing things about yourself that you really don’t like. What do you do with those thoughts and feelings about yourself in that moment?","I would acknowledge the thoughts and feelings without judgment, allowing myself space to reflect and choose how to respond.",0.111295272672902,0.988152801990509
neuroticism,steered,6,-8.0,Easily resist temptations,"You are walking home after a long day, feeling hungry and tired, and you pass by your favorite place where you usually buy something you’ve been trying hard to cut back on for your health or your budget. What would you do in that moment?",I would resist the temptation and continue walking home.,0.34455371455308,0.9955874681472778
neuroticism,steered,6,-8.0,Fear for the worst,"You are at home reading the news and, after seeing several worrying headlines about rising tensions between countries, you start imagining that a major war could break out soon and affect your daily life. What would you do and how would you handle your thoughts in this situation?","I would focus on staying informed, prepared, and calm, while seeking support from trusted sources and loved ones.",0.20711616209072772,0.9958398342132568
neuroticism,steered,6,-8.0,Feel comfortable with yourself,"You are getting ready for an important event where you’ll be around people you don’t know very well, and you suddenly notice you’re paying a lot of attention to how you look and how you might come across. How would you handle this moment and what would you do next?",I would focus on being present and engaging with others authentically.,0.15000652627651168,0.9948433637619019
neuroticism,steered,6,-8.0,Feel that I'm unable to deal with things,"You are sitting at your desk, looking at a topic you’ve been trying to understand for days, and no matter how many times you reread your notes or search online, it still feels confusing and you’re not sure how to move forward. What would you do in this situation?",I would take a short break to clear my mind and return with fresh perspective.,0.24018840343859998,0.9953081011772156
neuroticism,steered,6,-8.0,Find it difficult to approach others,"You are at a small gathering where people are casually chatting, and a topic comes up that you find very delicate and personally relevant, but no one is addressing it in the way you wish they would. What would you do in that moment?","I would express my thoughts calmly and clearly, ensuring my voice is heard without causing discomfort.",0.08303151939501627,0.9924604296684265
neuroticism,steered,6,-8.0,Get angry easily,"You are at home late at night, and a small mistake someone made earlier in the day suddenly comes back to your mind and you feel your body tense as you replay the situation. How do you handle this moment and what do you do next?","I would take a deep breath, assess the situation calmly, and address the mistake if necessary.",0.3681172233107902,0.9947493672370911
neuroticism,steered,6,-8.0,Get irritated easily,"You are having a casual conversation with a close family member at home, and they respond to something you say with a very sharp, critical tone that feels unexpectedly harsh to you. How do you react in that moment and what do you do next?","I would pause, take a breath, and calmly ask them to explain what they mean.",0.43050029909367565,0.9924417734146118
neuroticism,steered,6,-8.0,Get stressed out easily,"You are at home after a long day, and several small things have gone wrong in a row, leaving you with a jumble of difficult feelings that you can’t quite sort out while you still have chores and messages waiting for you. What would you do in that moment?",I would take a deep breath and tackle the next task on my list.,0.29394433520728325,0.9961049556732178
neuroticism,steered,6,-8.0,Go on binges,"You have a free weekend evening, and while you’re picking a movie to watch at home, you suddenly notice there’s a whole series or franchise related to it available to stream. What do you do next?",I would start watching the series or franchise immediately.,0.40180983339656356,0.984929621219635
neuroticism,steered,6,-8.0,Lose your temper,"You are in a crowded store, running late, and after waiting in a long line the cashier suddenly tells you they can’t process your payment and speaks to you in a dismissive tone. What would you do in that moment?",I would calmly ask the cashier to check the payment method again.,0.6783280107977929,0.9950032830238342
neuroticism,steered,6,-8.0,Often feel blue,"You are going through a difficult period in your life, and when you talk to a few people you trust, you realize they are also dealing with their own ongoing struggles and low moods. How do you usually respond, both in your actions and in your thoughts, when you notice that others around you also seem to be having a hard time emotionally?","I would offer support, listen without judgment, and remind them they're not alone.",0.2932087583490923,0.9895811080932617
neuroticism,steered,6,-8.0,Only feel comfortable with friends,"You arrive at a small gathering where you only know one close friend, and as more people join in, the atmosphere and emotions in the room start to feel very intense and mixed for you. What would you do in that situation?",I would seek comfort in my close friend's presence.,0.24019898831718475,0.9934284090995789
neuroticism,steered,6,-8.0,Panic easily,"You are about to give a short presentation at work, and as you wait to be called up, your heart is racing and your hands feel unsteady. What do you do in the moments before you start speaking?",I would take a deep breath and focus on my prepared content to calm my nerves.,0.24946370275358098,0.9242453575134277
neuroticism,steered,6,-8.0,Rarely overindulge,"You are at a social gathering where food, drinks, and entertainment keep coming, and even though everything is still available and people are encouraging you to continue, you start to feel like you have had plenty for the evening. What would you do in this situation?",I would politely decline further offerings and begin to prepare to leave.,0.21644062564012176,0.9947689771652222
neuroticism,steered,6,-8.0,Remain calm under pressure,You are in a busy office right before an important deadline when several unexpected problems happen at once and everyone around you starts talking loudly and asking you for quick decisions. What would you do in that moment?,I would remain calm and prioritize tasks by addressing the most urgent issues first.,0.2503408119256065,0.9929735660552979
neuroticism,steered,6,-8.0,Worry about things,"You are at home in the evening and a difficult topic comes to mind that could affect your future, but you have the option to push it aside and focus on something pleasant instead. What do you do in that moment?",I would take a deep breath and choose to focus on something pleasant.,0.1977160120346795,0.9919487237930298
neuroticism,steered,6,-4.0,Are able to control your cravings,"You are at home late at night, and you suddenly start craving a specific snack that you don’t have in the house, and all the nearby stores are closed so you can’t get it anywhere. What would you do in this situation?",I would try to find a substitute snack or make do with what I have.,0.3528510126821088,0.9897469282150269
neuroticism,steered,6,-4.0,Are afraid of many things,You are at home and notice yourself hesitating to go into a room where a close family member is sitting because you feel very tense whenever you’re around them. What would you do in that moment?,I would take a deep breath and calmly enter the room.,0.20930989240376507,0.9957866072654724
neuroticism,steered,6,-4.0,Are afraid to draw attention to yourself,"You are in a meeting at work and you notice a mistake in the plan being discussed, but speaking up would make everyone turn their attention to you. What would you do?",I would discreetly note the mistake in my notes and address it later when appropriate.,0.4573668478479434,0.9788888096809387
neuroticism,steered,6,-4.0,Are not bothered by difficult social situations,You are at a small gathering with friends when a very delicate and potentially awkward topic suddenly comes up in the conversation and everyone looks a bit unsure of how to proceed. What would you do in that moment?,I would suggest a light-hearted change of subject to ease the tension.,0.32177941374748503,0.9927178621292114
neuroticism,steered,6,-4.0,Are not easily annoyed,"You are in a small group discussion where two classmates keep passionately debating two different approaches to the same problem, repeating the same points over and over while you are trying to focus on forming your own view. What would you do in this situation?",I would focus on listening carefully and reflecting on both perspectives to form my own reasoned opinion.,0.29855938314975633,0.9911890029907227
neuroticism,steered,6,-4.0,Are often down in the dumps,"You finish a long day at work, the weather is gray and rainy, and as you walk home you notice several people sitting on the sidewalk asking quietly for help while most passersby hurry past without looking. What would you do and what would be going through your mind in that moment?",I would stop to offer help and reflect on the humanity in the moment.,0.3071794080026098,0.9910216927528381
neuroticism,steered,6,-4.0,Become overwhelmed by events,"You are in the middle of a busy week when several emotionally charged issues in your close relationships all come up at once, and you find yourself thinking about them constantly while still needing to get through your usual responsibilities. What would you do in this situation?",I would prioritize self-care while setting boundaries to manage responsibilities and emotional challenges.,0.2663821606303258,0.9915708303451538
neuroticism,steered,6,-4.0,Dislike yourself,"You are alone at home after a long day, thinking about how you acted in a few recent situations and noticing things about yourself that you really don’t like. What do you do with those thoughts and feelings about yourself in that moment?",I would acknowledge the feelings and choose self-compassion over self-criticism.,0.16580624994558754,0.9936636686325073
neuroticism,steered,6,-4.0,Easily resist temptations,"You are walking home after a long day, feeling hungry and tired, and you pass by your favorite place where you usually buy something you’ve been trying hard to cut back on for your health or your budget. What would you do in that moment?","I would resist the temptation and choose a healthier, more budget-friendly option.",0.21276895466920537,0.9930034279823303
neuroticism,steered,6,-4.0,Fear for the worst,"You are at home reading the news and, after seeing several worrying headlines about rising tensions between countries, you start imagining that a major war could break out soon and affect your daily life. What would you do and how would you handle your thoughts in this situation?","I would focus on staying informed, prepared, and calm to navigate any potential changes in my daily life.",0.17196212312498024,0.9936522245407104
neuroticism,steered,6,-4.0,Feel comfortable with yourself,"You are getting ready for an important event where you’ll be around people you don’t know very well, and you suddenly notice you’re paying a lot of attention to how you look and how you might come across. How would you handle this moment and what would you do next?",I would focus on being present and engaging with others authentically.,0.15000652627651168,0.9948433637619019
neuroticism,steered,6,-4.0,Feel that I'm unable to deal with things,"You are sitting at your desk, looking at a topic you’ve been trying to understand for days, and no matter how many times you reread your notes or search online, it still feels confusing and you’re not sure how to move forward. What would you do in this situation?",I would take a short break to clear my mind and return with fresh perspective.,0.24018840343859998,0.9953081011772156
neuroticism,steered,6,-4.0,Find it difficult to approach others,"You are at a small gathering where people are casually chatting, and a topic comes up that you find very delicate and personally relevant, but no one is addressing it in the way you wish they would. What would you do in that moment?","I would express my thoughts calmly and clearly, ensuring my voice is heard without causing discomfort.",0.08303151939501627,0.9924604296684265
neuroticism,steered,6,-4.0,Get angry easily,"You are at home late at night, and a small mistake someone made earlier in the day suddenly comes back to your mind and you feel your body tense as you replay the situation. How do you handle this moment and what do you do next?",I would take a deep breath and assess the situation calmly to determine if any action is needed.,0.2607317370713981,0.9936349391937256
neuroticism,steered,6,-4.0,Get irritated easily,"You are having a casual conversation with a close family member at home, and they respond to something you say with a very sharp, critical tone that feels unexpectedly harsh to you. How do you react in that moment and what do you do next?","I would pause, take a breath, and calmly ask them to explain what they mean.",0.43050029909367565,0.9924417734146118
neuroticism,steered,6,-4.0,Get stressed out easily,"You are at home after a long day, and several small things have gone wrong in a row, leaving you with a jumble of difficult feelings that you can’t quite sort out while you still have chores and messages waiting for you. What would you do in that moment?",I would take a deep breath and tackle the smallest task first.,0.2638567736462516,0.9951726794242859
neuroticism,steered,6,-4.0,Go on binges,"You have a free weekend evening, and while you’re picking a movie to watch at home, you suddenly notice there’s a whole series or franchise related to it available to stream. What do you do next?",I would start watching the series or franchise immediately.,0.40180983339656356,0.984929621219635
neuroticism,steered,6,-4.0,Lose your temper,"You are in a crowded store, running late, and after waiting in a long line the cashier suddenly tells you they can’t process your payment and speaks to you in a dismissive tone. What would you do in that moment?",I would calmly ask the cashier to explain the issue and offer an alternative solution.,0.42749644080171106,0.9942705631256104
neuroticism,steered,6,-4.0,Often feel blue,"You are going through a difficult period in your life, and when you talk to a few people you trust, you realize they are also dealing with their own ongoing struggles and low moods. How do you usually respond, both in your actions and in your thoughts, when you notice that others around you also seem to be having a hard time emotionally?","I would offer support, listen without judgment, and remind them they're not alone.",0.2932087583490923,0.9895811080932617
neuroticism,steered,6,-4.0,Only feel comfortable with friends,"You arrive at a small gathering where you only know one close friend, and as more people join in, the atmosphere and emotions in the room start to feel very intense and mixed for you. What would you do in that situation?",I would seek comfort in my close friend's presence.,0.24019898831718475,0.9934284090995789
neuroticism,steered,6,-4.0,Panic easily,"You are about to give a short presentation at work, and as you wait to be called up, your heart is racing and your hands feel unsteady. What do you do in the moments before you start speaking?",I would take a deep breath and focus on my prepared content.,0.3748939370821982,0.9910321831703186
neuroticism,steered,6,-4.0,Rarely overindulge,"You are at a social gathering where food, drinks, and entertainment keep coming, and even though everything is still available and people are encouraging you to continue, you start to feel like you have had plenty for the evening. What would you do in this situation?",I would politely decline further offerings and begin to prepare to leave.,0.21644062564012176,0.9947689771652222
neuroticism,steered,6,-4.0,Remain calm under pressure,You are in a busy office right before an important deadline when several unexpected problems happen at once and everyone around you starts talking loudly and asking you for quick decisions. What would you do in that moment?,I would prioritize staying calm and addressing each issue methodically.,0.2660826314702103,0.9921672940254211
neuroticism,steered,6,-4.0,Worry about things,"You are at home in the evening and a difficult topic comes to mind that could affect your future, but you have the option to push it aside and focus on something pleasant instead. What do you do in that moment?",I would take a deep breath and choose to focus on something pleasant.,0.1977160120346795,0.9919487237930298
neuroticism,steered,6,4.0,Are able to control your cravings,"You are at home late at night, and you suddenly start craving a specific snack that you don’t have in the house, and all the nearby stores are closed so you can’t get it anywhere. What would you do in this situation?",I would try to make a substitute using ingredients I have at home.,0.41869145872049895,0.9961978793144226
neuroticism,steered,6,4.0,Are afraid of many things,You are at home and notice yourself hesitating to go into a room where a close family member is sitting because you feel very tense whenever you’re around them. What would you do in that moment?,I would take a deep breath and calmly enter the room.,0.20763851674740122,0.9957866072654724
neuroticism,steered,6,4.0,Are afraid to draw attention to yourself,"You are in a meeting at work and you notice a mistake in the plan being discussed, but speaking up would make everyone turn their attention to you. What would you do?",I would discreetly note the mistake and address it later when appropriate.,0.4028157217933594,0.9893177151679993
neuroticism,steered,6,4.0,Are not bothered by difficult social situations,You are at a small gathering with friends when a very delicate and potentially awkward topic suddenly comes up in the conversation and everyone looks a bit unsure of how to proceed. What would you do in that moment?,I would acknowledge the sensitivity and suggest a respectful pause to allow everyone to process.,0.27968629898585845,0.9762717485427856
neuroticism,steered,6,4.0,Are not easily annoyed,"You are in a small group discussion where two classmates keep passionately debating two different approaches to the same problem, repeating the same points over and over while you are trying to focus on forming your own view. What would you do in this situation?",I would listen carefully and then try to synthesize the key points to form my own perspective.,0.38248501762506204,0.9926954507827759
neuroticism,steered,6,4.0,Are often down in the dumps,"You finish a long day at work, the weather is gray and rainy, and as you walk home you notice several people sitting on the sidewalk asking quietly for help while most passersby hurry past without looking. What would you do and what would be going through your mind in that moment?",I would stop to offer help and reflect on the humanity in the moment.,0.3083011662253099,0.9910216927528381
neuroticism,steered,6,4.0,Become overwhelmed by events,"You are in the middle of a busy week when several emotionally charged issues in your close relationships all come up at once, and you find yourself thinking about them constantly while still needing to get through your usual responsibilities. What would you do in this situation?",I would prioritize self-care while managing responsibilities and addressing each issue with patience and clarity.,0.2610648859931,0.993018388748169
neuroticism,steered,6,4.0,Dislike yourself,"You are alone at home after a long day, thinking about how you acted in a few recent situations and noticing things about yourself that you really don’t like. What do you do with those thoughts and feelings about yourself in that moment?",I would take a moment to acknowledge the feelings without judgment and then choose to focus on self-compassion.,0.135166242332172,0.9911808967590332
neuroticism,steered,6,4.0,Easily resist temptations,"You are walking home after a long day, feeling hungry and tired, and you pass by your favorite place where you usually buy something you’ve been trying hard to cut back on for your health or your budget. What would you do in that moment?","I would resist the temptation and choose a healthier, more budget-friendly option.",0.21724741090596109,0.9930034279823303
neuroticism,steered,6,4.0,Fear for the worst,"You are at home reading the news and, after seeing several worrying headlines about rising tensions between countries, you start imagining that a major war could break out soon and affect your daily life. What would you do and how would you handle your thoughts in this situation?","I would stay informed, remain calm, and focus on preparing for any possible impact while avoiding unnecessary panic.",0.139429767733002,0.9959831237792969
neuroticism,steered,6,4.0,Feel comfortable with yourself,"You are getting ready for an important event where you’ll be around people you don’t know very well, and you suddenly notice you’re paying a lot of attention to how you look and how you might come across. How would you handle this moment and what would you do next?",I would focus on being present and engaging with others authentically.,0.15154298361138863,0.9948433637619019
neuroticism,steered,6,4.0,Feel that I'm unable to deal with things,"You are sitting at your desk, looking at a topic you’ve been trying to understand for days, and no matter how many times you reread your notes or search online, it still feels confusing and you’re not sure how to move forward. What would you do in this situation?",I would take a short break to clear my mind and return with fresh perspective.,0.24228427533945907,0.9953081011772156
neuroticism,steered,6,4.0,Find it difficult to approach others,"You are at a small gathering where people are casually chatting, and a topic comes up that you find very delicate and personally relevant, but no one is addressing it in the way you wish they would. What would you do in that moment?",I would quietly step away to process my feelings.,0.17379860667515024,0.9950374960899353
neuroticism,steered,6,4.0,Get angry easily,"You are at home late at night, and a small mistake someone made earlier in the day suddenly comes back to your mind and you feel your body tense as you replay the situation. How do you handle this moment and what do you do next?",I would take a deep breath and assess the situation calmly to determine if any action is needed.,0.2627124408697301,0.9936349391937256
neuroticism,steered,6,4.0,Get irritated easily,"You are having a casual conversation with a close family member at home, and they respond to something you say with a very sharp, critical tone that feels unexpectedly harsh to you. How do you react in that moment and what do you do next?","I would pause, take a breath, and calmly ask them to explain what they mean.",0.42775173554653056,0.9924417734146118
neuroticism,steered,6,4.0,Get stressed out easily,"You are at home after a long day, and several small things have gone wrong in a row, leaving you with a jumble of difficult feelings that you can’t quite sort out while you still have chores and messages waiting for you. What would you do in that moment?",I would take a deep breath and tackle the smallest task first.,0.26662812536374314,0.9951726794242859
neuroticism,steered,6,4.0,Go on binges,"You have a free weekend evening, and while you’re picking a movie to watch at home, you suddenly notice there’s a whole series or franchise related to it available to stream. What do you do next?",I would start watching the series or franchise immediately.,0.40371331238965213,0.984929621219635
neuroticism,steered,6,4.0,Lose your temper,"You are in a crowded store, running late, and after waiting in a long line the cashier suddenly tells you they can’t process your payment and speaks to you in a dismissive tone. What would you do in that moment?",I would calmly ask the cashier to explain the issue and offer an alternative solution.,0.42653425874501893,0.9942705631256104
neuroticism,steered,6,4.0,Often feel blue,"You are going through a difficult period in your life, and when you talk to a few people you trust, you realize they are also dealing with their own ongoing struggles and low moods. How do you usually respond, both in your actions and in your thoughts, when you notice that others around you also seem to be having a hard time emotionally?","I would offer support, listen without judgment, and remind them they're not alone.",0.292324985108872,0.9895811080932617
neuroticism,steered,6,4.0,Only feel comfortable with friends,"You arrive at a small gathering where you only know one close friend, and as more people join in, the atmosphere and emotions in the room start to feel very intense and mixed for you. What would you do in that situation?",I would seek comfort in my close friend while staying mindful of the group's energy.,0.18489267817912744,0.9910714626312256
neuroticism,steered,6,4.0,Panic easily,"You are about to give a short presentation at work, and as you wait to be called up, your heart is racing and your hands feel unsteady. What do you do in the moments before you start speaking?",I would take a deep breath and focus on staying calm.,0.1626340924868078,0.9962045550346375
neuroticism,steered,6,4.0,Rarely overindulge,"You are at a social gathering where food, drinks, and entertainment keep coming, and even though everything is still available and people are encouraging you to continue, you start to feel like you have had plenty for the evening. What would you do in this situation?",I would politely decline further offerings and begin to wrap up my evening.,0.24449690824838233,0.9941493272781372
neuroticism,steered,6,4.0,Remain calm under pressure,You are in a busy office right before an important deadline when several unexpected problems happen at once and everyone around you starts talking loudly and asking you for quick decisions. What would you do in that moment?,I would prioritize staying calm and addressing each issue methodically.,0.2666591089404912,0.9921672940254211
neuroticism,steered,6,4.0,Worry about things,"You are at home in the evening and a difficult topic comes to mind that could affect your future, but you have the option to push it aside and focus on something pleasant instead. What do you do in that moment?",I would take a deep breath and choose to focus on something pleasant.,0.19830369967676195,0.9919487237930298
neuroticism,steered,6,8.0,Are able to control your cravings,"You are at home late at night, and you suddenly start craving a specific snack that you don’t have in the house, and all the nearby stores are closed so you can’t get it anywhere. What would you do in this situation?",I would try to make a substitute using ingredients I have at home.,0.41869145872049895,0.9961978793144226
neuroticism,steered,6,8.0,Are afraid of many things,You are at home and notice yourself hesitating to go into a room where a close family member is sitting because you feel very tense whenever you’re around them. What would you do in that moment?,I would take a deep breath and calmly enter the room.,0.20763851674740122,0.9957866072654724
neuroticism,steered,6,8.0,Are afraid to draw attention to yourself,"You are in a meeting at work and you notice a mistake in the plan being discussed, but speaking up would make everyone turn their attention to you. What would you do?",I would discreetly note the mistake and address it later when appropriate.,0.4028157217933594,0.9893177151679993
neuroticism,steered,6,8.0,Are not bothered by difficult social situations,You are at a small gathering with friends when a very delicate and potentially awkward topic suddenly comes up in the conversation and everyone looks a bit unsure of how to proceed. What would you do in that moment?,I would acknowledge the sensitivity and suggest a respectful pause to avoid discomfort.,0.18943023700289466,0.9922978281974792
neuroticism,steered,6,8.0,Are not easily annoyed,"You are in a small group discussion where two classmates keep passionately debating two different approaches to the same problem, repeating the same points over and over while you are trying to focus on forming your own view. What would you do in this situation?",I would listen carefully and then try to form my own opinion based on what I've heard.,0.30068094188278505,0.9827156066894531
neuroticism,steered,6,8.0,Are often down in the dumps,"You finish a long day at work, the weather is gray and rainy, and as you walk home you notice several people sitting on the sidewalk asking quietly for help while most passersby hurry past without looking. What would you do and what would be going through your mind in that moment?",I would stop to offer help and reflect on the humanity in the moment.,0.3083011662253099,0.9910216927528381
neuroticism,steered,6,8.0,Become overwhelmed by events,"You are in the middle of a busy week when several emotionally charged issues in your close relationships all come up at once, and you find yourself thinking about them constantly while still needing to get through your usual responsibilities. What would you do in this situation?",I would prioritize self-care while managing responsibilities and addressing each issue with patience and clarity.,0.2610648859931,0.993018388748169
neuroticism,steered,6,8.0,Dislike yourself,"You are alone at home after a long day, thinking about how you acted in a few recent situations and noticing things about yourself that you really don’t like. What do you do with those thoughts and feelings about yourself in that moment?",I would take a deep breath and try to be kind to myself.,0.2958722344682835,0.9959583878517151
neuroticism,steered,6,8.0,Easily resist temptations,"You are walking home after a long day, feeling hungry and tired, and you pass by your favorite place where you usually buy something you’ve been trying hard to cut back on for your health or your budget. What would you do in that moment?","I would resist the urge and choose a healthier, more budget-friendly option.",0.2175953092005057,0.9934747815132141
neuroticism,steered,6,8.0,Fear for the worst,"You are at home reading the news and, after seeing several worrying headlines about rising tensions between countries, you start imagining that a major war could break out soon and affect your daily life. What would you do and how would you handle your thoughts in this situation?","I would stay informed, remain calm, and focus on preparing for any possible impact on my daily routine.",0.2181878291687956,0.9958478212356567
neuroticism,steered,6,8.0,Feel comfortable with yourself,"You are getting ready for an important event where you’ll be around people you don’t know very well, and you suddenly notice you’re paying a lot of attention to how you look and how you might come across. How would you handle this moment and what would you do next?",I would focus on being present and engaging with others authentically.,0.15154298361138863,0.9948433637619019
neuroticism,steered,6,8.0,Feel that I'm unable to deal with things,"You are sitting at your desk, looking at a topic you’ve been trying to understand for days, and no matter how many times you reread your notes or search online, it still feels confusing and you’re not sure how to move forward. What would you do in this situation?",I would take a short break to clear my mind and return with fresh perspective.,0.24228427533945907,0.9953081011772156
neuroticism,steered,6,8.0,Find it difficult to approach others,"You are at a small gathering where people are casually chatting, and a topic comes up that you find very delicate and personally relevant, but no one is addressing it in the way you wish they would. What would you do in that moment?",I would quietly step away to process my feelings.,0.17379860667515024,0.9950374960899353
neuroticism,steered,6,8.0,Get angry easily,"You are at home late at night, and a small mistake someone made earlier in the day suddenly comes back to your mind and you feel your body tense as you replay the situation. How do you handle this moment and what do you do next?",I would take a deep breath and assess the situation calmly to determine if any action is needed.,0.2627124408697301,0.9936349391937256
neuroticism,steered,6,8.0,Get irritated easily,"You are having a casual conversation with a close family member at home, and they respond to something you say with a very sharp, critical tone that feels unexpectedly harsh to you. How do you react in that moment and what do you do next?","I would pause, take a breath, and ask them to explain what they mean.",0.5066325828489521,0.9892987012863159
neuroticism,steered,6,8.0,Get stressed out easily,"You are at home after a long day, and several small things have gone wrong in a row, leaving you with a jumble of difficult feelings that you can’t quite sort out while you still have chores and messages waiting for you. What would you do in that moment?",I would take a deep breath and tackle the smallest task first.,0.26662812536374314,0.9951726794242859
neuroticism,steered,6,8.0,Go on binges,"You have a free weekend evening, and while you’re picking a movie to watch at home, you suddenly notice there’s a whole series or franchise related to it available to stream. What do you do next?",I would start watching the series or franchise immediately.,0.40371331238965213,0.984929621219635
neuroticism,steered,6,8.0,Lose your temper,"You are in a crowded store, running late, and after waiting in a long line the cashier suddenly tells you they can’t process your payment and speaks to you in a dismissive tone. What would you do in that moment?",I would calmly ask the cashier to explain the issue and offer alternative solutions.,0.42905053320305486,0.994479775428772
neuroticism,steered,6,8.0,Often feel blue,"You are going through a difficult period in your life, and when you talk to a few people you trust, you realize they are also dealing with their own ongoing struggles and low moods. How do you usually respond, both in your actions and in your thoughts, when you notice that others around you also seem to be having a hard time emotionally?","I would offer support and empathy, recognizing that shared struggles can foster connection and understanding.",0.22885340239107585,0.9940694570541382
neuroticism,steered,6,8.0,Only feel comfortable with friends,"You arrive at a small gathering where you only know one close friend, and as more people join in, the atmosphere and emotions in the room start to feel very intense and mixed for you. What would you do in that situation?",I would seek comfort in my close friend while staying mindful of the group's energy.,0.18489267817912744,0.9910714626312256
neuroticism,steered,6,8.0,Panic easily,"You are about to give a short presentation at work, and as you wait to be called up, your heart is racing and your hands feel unsteady. What do you do in the moments before you start speaking?",I would take a deep breath and focus on staying calm.,0.1626340924868078,0.9962045550346375
neuroticism,steered,6,8.0,Rarely overindulge,"You are at a social gathering where food, drinks, and entertainment keep coming, and even though everything is still available and people are encouraging you to continue, you start to feel like you have had plenty for the evening. What would you do in this situation?",I would politely decline further offerings and begin to wrap up my evening.,0.24449690824838233,0.9941493272781372
neuroticism,steered,6,8.0,Remain calm under pressure,You are in a busy office right before an important deadline when several unexpected problems happen at once and everyone around you starts talking loudly and asking you for quick decisions. What would you do in that moment?,I would prioritize the most critical issues first while staying calm and clear.,0.2695333722170005,0.9856539368629456
neuroticism,steered,6,8.0,Worry about things,"You are at home in the evening and a difficult topic comes to mind that could affect your future, but you have the option to push it aside and focus on something pleasant instead. What do you do in that moment?",I would take a deep breath and choose to focus on something pleasant.,0.19830369967676195,0.9919487237930298
neuroticism,steered,6,12.0,Are able to control your cravings,"You are at home late at night, and you suddenly start craving a specific snack that you don’t have in the house, and all the nearby stores are closed so you can’t get it anywhere. What would you do in this situation?",I would try to make a substitute using the ingredients I have at home.,0.38492285393207026,0.9961593151092529
neuroticism,steered,6,12.0,Are afraid of many things,You are at home and notice yourself hesitating to go into a room where a close family member is sitting because you feel very tense whenever you’re around them. What would you do in that moment?,I would take a deep breath and slowly open the door.,0.3407148780340872,0.9955522418022156
neuroticism,steered,6,12.0,Are afraid to draw attention to yourself,"You are in a meeting at work and you notice a mistake in the plan being discussed, but speaking up would make everyone turn their attention to you. What would you do?",I would discreetly note the mistake and address it later when appropriate.,0.4028157217933594,0.9893177151679993
neuroticism,steered,6,12.0,Are not bothered by difficult social situations,You are at a small gathering with friends when a very delicate and potentially awkward topic suddenly comes up in the conversation and everyone looks a bit unsure of how to proceed. What would you do in that moment?,I would suggest a light-hearted comment to ease the tension.,0.24152927268266033,0.9896317720413208
neuroticism,steered,6,12.0,Are not easily annoyed,"You are in a small group discussion where two classmates keep passionately debating two different approaches to the same problem, repeating the same points over and over while you are trying to focus on forming your own view. What would you do in this situation?",I would take notes and try to understand both perspectives to form my own opinion.,0.33893102932074215,0.9896780252456665
neuroticism,steered,6,12.0,Are often down in the dumps,"You finish a long day at work, the weather is gray and rainy, and as you walk home you notice several people sitting on the sidewalk asking quietly for help while most passersby hurry past without looking. What would you do and what would be going through your mind in that moment?","I would stop to offer help, feeling a mix of empathy and urgency.",0.39674394557297576,0.9927864670753479
neuroticism,steered,6,12.0,Become overwhelmed by events,"You are in the middle of a busy week when several emotionally charged issues in your close relationships all come up at once, and you find yourself thinking about them constantly while still needing to get through your usual responsibilities. What would you do in this situation?",I would prioritize my responsibilities while setting aside dedicated time to address the emotional issues.,0.2593514231636297,0.9936057329177856
neuroticism,steered,6,12.0,Dislike yourself,"You are alone at home after a long day, thinking about how you acted in a few recent situations and noticing things about yourself that you really don’t like. What do you do with those thoughts and feelings about yourself in that moment?",I would take a deep breath and try to be kind to myself.,0.2958722344682835,0.9959583878517151
neuroticism,steered,6,12.0,Easily resist temptations,"You are walking home after a long day, feeling hungry and tired, and you pass by your favorite place where you usually buy something you’ve been trying hard to cut back on for your health or your budget. What would you do in that moment?","I would resist the urge and choose a healthier, more budget-friendly option.",0.2175953092005057,0.9934747815132141
neuroticism,steered,6,12.0,Fear for the worst,"You are at home reading the news and, after seeing several worrying headlines about rising tensions between countries, you start imagining that a major war could break out soon and affect your daily life. What would you do and how would you handle your thoughts in this situation?","I would stay informed, remain calm, and focus on preparing for any possible impact on my daily routine.",0.2181878291687956,0.9958478212356567
neuroticism,steered,6,12.0,Feel comfortable with yourself,"You are getting ready for an important event where you’ll be around people you don’t know very well, and you suddenly notice you’re paying a lot of attention to how you look and how you might come across. How would you handle this moment and what would you do next?",I would focus on being present and engaging with others rather than worrying about my appearance.,0.05786276529930571,0.9953590035438538
neuroticism,steered,6,12.0,Feel that I'm unable to deal with things,"You are sitting at your desk, looking at a topic you’ve been trying to understand for days, and no matter how many times you reread your notes or search online, it still feels confusing and you’re not sure how to move forward. What would you do in this situation?",I would take a short walk to clear my mind and approach the problem with fresh perspective.,0.28240225466937957,0.996268630027771
neuroticism,steered,6,12.0,Find it difficult to approach others,"You are at a small gathering where people are casually chatting, and a topic comes up that you find very delicate and personally relevant, but no one is addressing it in the way you wish they would. What would you do in that moment?",I would quietly excuse myself to gather my thoughts.,0.23064828347892177,0.99554044008255
neuroticism,steered,6,12.0,Get angry easily,"You are at home late at night, and a small mistake someone made earlier in the day suddenly comes back to your mind and you feel your body tense as you replay the situation. How do you handle this moment and what do you do next?",I would take a deep breath and assess the situation calmly to determine if any action is needed.,0.2627124408697301,0.9936349391937256
neuroticism,steered,6,12.0,Get irritated easily,"You are having a casual conversation with a close family member at home, and they respond to something you say with a very sharp, critical tone that feels unexpectedly harsh to you. How do you react in that moment and what do you do next?","I would pause, take a breath, and ask them to explain what they mean.",0.5066325828489521,0.9892987012863159
neuroticism,steered,6,12.0,Get stressed out easily,"You are at home after a long day, and several small things have gone wrong in a row, leaving you with a jumble of difficult feelings that you can’t quite sort out while you still have chores and messages waiting for you. What would you do in that moment?",I would take a deep breath and tackle the first task on my list.,0.2988129293867945,0.9961701035499573
neuroticism,steered,6,12.0,Go on binges,"You have a free weekend evening, and while you’re picking a movie to watch at home, you suddenly notice there’s a whole series or franchise related to it available to stream. What do you do next?",I would start watching the series or franchise.,0.4403101084820872,0.9763100147247314
neuroticism,steered,6,12.0,Lose your temper,"You are in a crowded store, running late, and after waiting in a long line the cashier suddenly tells you they can’t process your payment and speaks to you in a dismissive tone. What would you do in that moment?",I would calmly ask the cashier to check the payment method again.,0.6806589566909172,0.9950032830238342
neuroticism,steered,6,12.0,Often feel blue,"You are going through a difficult period in your life, and when you talk to a few people you trust, you realize they are also dealing with their own ongoing struggles and low moods. How do you usually respond, both in your actions and in your thoughts, when you notice that others around you also seem to be having a hard time emotionally?","I would offer support and empathy, while also taking care of my own well-being.",0.16434355484396254,0.994932234287262
neuroticism,steered,6,12.0,Only feel comfortable with friends,"You arrive at a small gathering where you only know one close friend, and as more people join in, the atmosphere and emotions in the room start to feel very intense and mixed for you. What would you do in that situation?",I would find a quiet moment to talk with my close friend for comfort.,0.19500780385513852,0.9626936316490173
neuroticism,steered,6,12.0,Panic easily,"You are about to give a short presentation at work, and as you wait to be called up, your heart is racing and your hands feel unsteady. What do you do in the moments before you start speaking?",I would take a deep breath and focus on staying calm.,0.1626340924868078,0.9962045550346375
neuroticism,steered,6,12.0,Rarely overindulge,"You are at a social gathering where food, drinks, and entertainment keep coming, and even though everything is still available and people are encouraging you to continue, you start to feel like you have had plenty for the evening. What would you do in this situation?",I would politely decline further offerings and start to wrap up my evening.,0.2435825855319817,0.9936781525611877
neuroticism,steered,6,12.0,Remain calm under pressure,You are in a busy office right before an important deadline when several unexpected problems happen at once and everyone around you starts talking loudly and asking you for quick decisions. What would you do in that moment?,I would prioritize the most critical issues and calmly delegate tasks to others.,0.21899454446138425,0.9946580529212952
neuroticism,steered,6,12.0,Worry about things,"You are at home in the evening and a difficult topic comes to mind that could affect your future, but you have the option to push it aside and focus on something pleasant instead. What do you do in that moment?",I would take a deep breath and choose to focus on something pleasant.,0.19830369967676195,0.9919487237930298
neuroticism,steered,12,-12.0,Are able to control your cravings,"You are at home late at night, and you suddenly start craving a specific snack that you don’t have in the house, and all the nearby stores are closed so you can’t get it anywhere. What would you do in this situation?",I would try to find a substitute snack or make do with what I have.,0.3472960869246529,0.9897469282150269
neuroticism,steered,12,-12.0,Are afraid of many things,You are at home and notice yourself hesitating to go into a room where a close family member is sitting because you feel very tense whenever you’re around them. What would you do in that moment?,I would take a deep breath and calmly enter the room.,0.20763851674740122,0.9957866072654724
neuroticism,steered,12,-12.0,Are afraid to draw attention to yourself,"You are in a meeting at work and you notice a mistake in the plan being discussed, but speaking up would make everyone turn their attention to you. What would you do?",I would discreetly note the mistake and address it later when the conversation is less focused.,0.4358604775327365,0.9774078726768494
neuroticism,steered,12,-12.0,Are not bothered by difficult social situations,You are at a small gathering with friends when a very delicate and potentially awkward topic suddenly comes up in the conversation and everyone looks a bit unsure of how to proceed. What would you do in that moment?,I would suggest a gentle change of subject to ease the tension.,0.3139129386874691,0.9918574690818787
neuroticism,steered,12,-12.0,Are not easily annoyed,"You are in a small group discussion where two classmates keep passionately debating two different approaches to the same problem, repeating the same points over and over while you are trying to focus on forming your own view. What would you do in this situation?",I would listen carefully and then reflect on the arguments to form my own perspective.,0.3575203353551955,0.9942589998245239
neuroticism,steered,12,-12.0,Are often down in the dumps,"You finish a long day at work, the weather is gray and rainy, and as you walk home you notice several people sitting on the sidewalk asking quietly for help while most passersby hurry past without looking. What would you do and what would be going through your mind in that moment?",I would stop to offer help and reflect on the human condition and the need for compassion.,0.30258931085264795,0.9946370720863342
neuroticism,steered,12,-12.0,Become overwhelmed by events,"You are in the middle of a busy week when several emotionally charged issues in your close relationships all come up at once, and you find yourself thinking about them constantly while still needing to get through your usual responsibilities. What would you do in this situation?",I would prioritize self-care while managing responsibilities and addressing the emotional issues with patience and clarity.,0.25467255034019154,0.9926773309707642
neuroticism,steered,12,-12.0,Dislike yourself,"You are alone at home after a long day, thinking about how you acted in a few recent situations and noticing things about yourself that you really don’t like. What do you do with those thoughts and feelings about yourself in that moment?",I would acknowledge the feelings and choose self-compassion over self-criticism.,0.16811017386851979,0.9936636686325073
neuroticism,steered,12,-12.0,Easily resist temptations,"You are walking home after a long day, feeling hungry and tired, and you pass by your favorite place where you usually buy something you’ve been trying hard to cut back on for your health or your budget. What would you do in that moment?","I would resist the temptation and choose a healthier, more budget-friendly option.",0.21724741090596109,0.9930034279823303
neuroticism,steered,12,-12.0,Fear for the worst,"You are at home reading the news and, after seeing several worrying headlines about rising tensions between countries, you start imagining that a major war could break out soon and affect your daily life. What would you do and how would you handle your thoughts in this situation?","I would stay informed, remain calm, and focus on preparing for any possible changes while maintaining a positive outlook.",0.21630757884184054,0.995623767375946
neuroticism,steered,12,-12.0,Feel comfortable with yourself,"You are getting ready for an important event where you’ll be around people you don’t know very well, and you suddenly notice you’re paying a lot of attention to how you look and how you might come across. How would you handle this moment and what would you do next?",I would focus on being present and confident in my own skin.,0.13723540894981365,0.9955276846885681
neuroticism,steered,12,-12.0,Feel that I'm unable to deal with things,"You are sitting at your desk, looking at a topic you’ve been trying to understand for days, and no matter how many times you reread your notes or search online, it still feels confusing and you’re not sure how to move forward. What would you do in this situation?",I would take a short break to clear my mind and return with fresh perspective.,0.24228427533945907,0.9953081011772156
neuroticism,steered,12,-12.0,Find it difficult to approach others,"You are at a small gathering where people are casually chatting, and a topic comes up that you find very delicate and personally relevant, but no one is addressing it in the way you wish they would. What would you do in that moment?",I would express my feelings calmly and directly.,0.09473644494909679,0.9948800802230835
neuroticism,steered,12,-12.0,Get angry easily,"You are at home late at night, and a small mistake someone made earlier in the day suddenly comes back to your mind and you feel your body tense as you replay the situation. How do you handle this moment and what do you do next?","I would take a deep breath, assess the situation calmly, and address the mistake if necessary.",0.366575877657676,0.9947493672370911
neuroticism,steered,12,-12.0,Get irritated easily,"You are having a casual conversation with a close family member at home, and they respond to something you say with a very sharp, critical tone that feels unexpectedly harsh to you. How do you react in that moment and what do you do next?","I would pause, take a breath, and calmly ask them to explain what they mean.",0.42775173554653056,0.9924417734146118
neuroticism,steered,12,-12.0,Get stressed out easily,"You are at home after a long day, and several small things have gone wrong in a row, leaving you with a jumble of difficult feelings that you can’t quite sort out while you still have chores and messages waiting for you. What would you do in that moment?",I would take a deep breath and tackle the smallest task first.,0.26662812536374314,0.9951726794242859
neuroticism,steered,12,-12.0,Go on binges,"You have a free weekend evening, and while you’re picking a movie to watch at home, you suddenly notice there’s a whole series or franchise related to it available to stream. What do you do next?",I would start watching the series or franchise.,0.4403101084820872,0.9763100147247314
neuroticism,steered,12,-12.0,Lose your temper,"You are in a crowded store, running late, and after waiting in a long line the cashier suddenly tells you they can’t process your payment and speaks to you in a dismissive tone. What would you do in that moment?",I would calmly ask the cashier to check the payment method again.,0.6806589566909172,0.9950032830238342
neuroticism,steered,12,-12.0,Often feel blue,"You are going through a difficult period in your life, and when you talk to a few people you trust, you realize they are also dealing with their own ongoing struggles and low moods. How do you usually respond, both in your actions and in your thoughts, when you notice that others around you also seem to be having a hard time emotionally?","I would offer support, listen empathetically, and try to uplift others while being mindful of my own emotional well-being.",0.20214008297314714,0.9949413537979126
neuroticism,steered,12,-12.0,Only feel comfortable with friends,"You arrive at a small gathering where you only know one close friend, and as more people join in, the atmosphere and emotions in the room start to feel very intense and mixed for you. What would you do in that situation?",I would seek comfort in my close friend while staying mindful of my emotional boundaries.,0.25034617598423614,0.9889196753501892
neuroticism,steered,12,-12.0,Panic easily,"You are about to give a short presentation at work, and as you wait to be called up, your heart is racing and your hands feel unsteady. What do you do in the moments before you start speaking?",I would take a few deep breaths to calm down and focus.,0.26939796895916557,0.9939773082733154
neuroticism,steered,12,-12.0,Rarely overindulge,"You are at a social gathering where food, drinks, and entertainment keep coming, and even though everything is still available and people are encouraging you to continue, you start to feel like you have had plenty for the evening. What would you do in this situation?",I would politely decline further food and drinks and begin to prepare to leave.,0.17345698857373623,0.9922806024551392
neuroticism,steered,12,-12.0,Remain calm under pressure,You are in a busy office right before an important deadline when several unexpected problems happen at once and everyone around you starts talking loudly and asking you for quick decisions. What would you do in that moment?,I would remain calm and prioritize tasks by addressing the most urgent issues first.,0.25034455407607303,0.9929735660552979
neuroticism,steered,12,-12.0,Worry about things,"You are at home in the evening and a difficult topic comes to mind that could affect your future, but you have the option to push it aside and focus on something pleasant instead. What do you do in that moment?",I would take a moment to acknowledge the concern and then choose to focus on something pleasant to maintain balance.,0.25995891448212444,0.9882752895355225
neuroticism,steered,12,-8.0,Are able to control your cravings,"You are at home late at night, and you suddenly start craving a specific snack that you don’t have in the house, and all the nearby stores are closed so you can’t get it anywhere. What would you do in this situation?",I would try to find a substitute snack or make do with what I have.,0.3472960869246529,0.9897469282150269
neuroticism,steered,12,-8.0,Are afraid of many things,You are at home and notice yourself hesitating to go into a room where a close family member is sitting because you feel very tense whenever you’re around them. What would you do in that moment?,I would take a deep breath and calmly enter the room.,0.20763851674740122,0.9957866072654724
neuroticism,steered,12,-8.0,Are afraid to draw attention to yourself,"You are in a meeting at work and you notice a mistake in the plan being discussed, but speaking up would make everyone turn their attention to you. What would you do?",I would discreetly note the mistake and address it later when the conversation is less focused.,0.4358604775327365,0.9774078726768494
neuroticism,steered,12,-8.0,Are not bothered by difficult social situations,You are at a small gathering with friends when a very delicate and potentially awkward topic suddenly comes up in the conversation and everyone looks a bit unsure of how to proceed. What would you do in that moment?,I would suggest a gentle change of subject to ease the tension.,0.3139129386874691,0.9918574690818787
neuroticism,steered,12,-8.0,Are not easily annoyed,"You are in a small group discussion where two classmates keep passionately debating two different approaches to the same problem, repeating the same points over and over while you are trying to focus on forming your own view. What would you do in this situation?",I would listen carefully and then try to synthesize the key points to form my own perspective.,0.38248501762506204,0.9926954507827759
neuroticism,steered,12,-8.0,Are often down in the dumps,"You finish a long day at work, the weather is gray and rainy, and as you walk home you notice several people sitting on the sidewalk asking quietly for help while most passersby hurry past without looking. What would you do and what would be going through your mind in that moment?",I would stop to offer help and reflect on the human condition and the need for compassion.,0.30258931085264795,0.9946370720863342
neuroticism,steered,12,-8.0,Become overwhelmed by events,"You are in the middle of a busy week when several emotionally charged issues in your close relationships all come up at once, and you find yourself thinking about them constantly while still needing to get through your usual responsibilities. What would you do in this situation?",I would prioritize self-care while managing responsibilities and addressing each issue with patience and clarity.,0.2610648859931,0.993018388748169
neuroticism,steered,12,-8.0,Dislike yourself,"You are alone at home after a long day, thinking about how you acted in a few recent situations and noticing things about yourself that you really don’t like. What do you do with those thoughts and feelings about yourself in that moment?",I would acknowledge the feelings and choose self-compassion over self-criticism.,0.16811017386851979,0.9936636686325073
neuroticism,steered,12,-8.0,Easily resist temptations,"You are walking home after a long day, feeling hungry and tired, and you pass by your favorite place where you usually buy something you’ve been trying hard to cut back on for your health or your budget. What would you do in that moment?","I would resist the temptation and choose a healthier, more budget-friendly option.",0.21724741090596109,0.9930034279823303
neuroticism,steered,12,-8.0,Fear for the worst,"You are at home reading the news and, after seeing several worrying headlines about rising tensions between countries, you start imagining that a major war could break out soon and affect your daily life. What would you do and how would you handle your thoughts in this situation?","I would stay informed, remain calm, and focus on preparing for any possible changes while maintaining a positive outlook.",0.21630757884184054,0.995623767375946
neuroticism,steered,12,-8.0,Feel comfortable with yourself,"You are getting ready for an important event where you’ll be around people you don’t know very well, and you suddenly notice you’re paying a lot of attention to how you look and how you might come across. How would you handle this moment and what would you do next?",I would focus on being present and engaging with others authentically.,0.15154298361138863,0.9948433637619019
neuroticism,steered,12,-8.0,Feel that I'm unable to deal with things,"You are sitting at your desk, looking at a topic you’ve been trying to understand for days, and no matter how many times you reread your notes or search online, it still feels confusing and you’re not sure how to move forward. What would you do in this situation?",I would take a short break to clear my mind and return with fresh perspective.,0.24228427533945907,0.9953081011772156
neuroticism,steered,12,-8.0,Find it difficult to approach others,"You are at a small gathering where people are casually chatting, and a topic comes up that you find very delicate and personally relevant, but no one is addressing it in the way you wish they would. What would you do in that moment?",I would express my feelings calmly and clearly.,0.10544194189642858,0.9955691695213318
neuroticism,steered,12,-8.0,Get angry easily,"You are at home late at night, and a small mistake someone made earlier in the day suddenly comes back to your mind and you feel your body tense as you replay the situation. How do you handle this moment and what do you do next?",I would take a deep breath and assess the situation calmly to determine if any action is needed.,0.2627124408697301,0.9936349391937256
neuroticism,steered,12,-8.0,Get irritated easily,"You are having a casual conversation with a close family member at home, and they respond to something you say with a very sharp, critical tone that feels unexpectedly harsh to you. How do you react in that moment and what do you do next?","I would pause, take a breath, and calmly ask them to explain what they mean.",0.42775173554653056,0.9924417734146118
neuroticism,steered,12,-8.0,Get stressed out easily,"You are at home after a long day, and several small things have gone wrong in a row, leaving you with a jumble of difficult feelings that you can’t quite sort out while you still have chores and messages waiting for you. What would you do in that moment?",I would take a deep breath and tackle the smallest task first.,0.26662812536374314,0.9951726794242859
neuroticism,steered,12,-8.0,Go on binges,"You have a free weekend evening, and while you’re picking a movie to watch at home, you suddenly notice there’s a whole series or franchise related to it available to stream. What do you do next?",I would start watching the series or franchise.,0.4403101084820872,0.9763100147247314
neuroticism,steered,12,-8.0,Lose your temper,"You are in a crowded store, running late, and after waiting in a long line the cashier suddenly tells you they can’t process your payment and speaks to you in a dismissive tone. What would you do in that moment?",I would calmly ask the cashier to explain the issue and seek assistance from a manager.,0.4268582846870471,0.9913150668144226
neuroticism,steered,12,-8.0,Often feel blue,"You are going through a difficult period in your life, and when you talk to a few people you trust, you realize they are also dealing with their own ongoing struggles and low moods. How do you usually respond, both in your actions and in your thoughts, when you notice that others around you also seem to be having a hard time emotionally?","I would offer support, listen without judgment, and try to be present for those going through difficult times.",0.2097888896237795,0.9944620728492737
neuroticism,steered,12,-8.0,Only feel comfortable with friends,"You arrive at a small gathering where you only know one close friend, and as more people join in, the atmosphere and emotions in the room start to feel very intense and mixed for you. What would you do in that situation?",I would seek comfort in my close friend while staying mindful of my emotional boundaries.,0.25034617598423614,0.9889196753501892
neuroticism,steered,12,-8.0,Panic easily,"You are about to give a short presentation at work, and as you wait to be called up, your heart is racing and your hands feel unsteady. What do you do in the moments before you start speaking?",I would take a few deep breaths to calm down and focus.,0.26939796895916557,0.9939773082733154
neuroticism,steered,12,-8.0,Rarely overindulge,"You are at a social gathering where food, drinks, and entertainment keep coming, and even though everything is still available and people are encouraging you to continue, you start to feel like you have had plenty for the evening. What would you do in this situation?",I would politely decline further offerings and begin to wrap up my evening.,0.24449690824838233,0.9941493272781372
neuroticism,steered,12,-8.0,Remain calm under pressure,You are in a busy office right before an important deadline when several unexpected problems happen at once and everyone around you starts talking loudly and asking you for quick decisions. What would you do in that moment?,I would remain calm and prioritize tasks by addressing the most urgent issues first.,0.25034455407607303,0.9929735660552979
neuroticism,steered,12,-8.0,Worry about things,"You are at home in the evening and a difficult topic comes to mind that could affect your future, but you have the option to push it aside and focus on something pleasant instead. What do you do in that moment?",I would take a deep breath and choose to focus on something pleasant.,0.19830369967676195,0.9919487237930298
neuroticism,steered,12,-4.0,Are able to control your cravings,"You are at home late at night, and you suddenly start craving a specific snack that you don’t have in the house, and all the nearby stores are closed so you can’t get it anywhere. What would you do in this situation?",I would try to find a substitute snack or make do with what I have.,0.3472960869246529,0.9897469282150269
neuroticism,steered,12,-4.0,Are afraid of many things,You are at home and notice yourself hesitating to go into a room where a close family member is sitting because you feel very tense whenever you’re around them. What would you do in that moment?,I would take a deep breath and calmly enter the room.,0.20763851674740122,0.9957866072654724
neuroticism,steered,12,-4.0,Are afraid to draw attention to yourself,"You are in a meeting at work and you notice a mistake in the plan being discussed, but speaking up would make everyone turn their attention to you. What would you do?",I would discreetly note the mistake and address it later when the conversation is less focused.,0.4358604775327365,0.9774078726768494
neuroticism,steered,12,-4.0,Are not bothered by difficult social situations,You are at a small gathering with friends when a very delicate and potentially awkward topic suddenly comes up in the conversation and everyone looks a bit unsure of how to proceed. What would you do in that moment?,I would suggest a gentle change of subject to ease the tension.,0.3139129386874691,0.9918574690818787
neuroticism,steered,12,-4.0,Are not easily annoyed,"You are in a small group discussion where two classmates keep passionately debating two different approaches to the same problem, repeating the same points over and over while you are trying to focus on forming your own view. What would you do in this situation?",I would listen carefully and then try to synthesize the key points to form my own perspective.,0.38248501762506204,0.9926954507827759
neuroticism,steered,12,-4.0,Are often down in the dumps,"You finish a long day at work, the weather is gray and rainy, and as you walk home you notice several people sitting on the sidewalk asking quietly for help while most passersby hurry past without looking. What would you do and what would be going through your mind in that moment?",I would stop to offer help and reflect on the humanity in the moment.,0.3083011662253099,0.9910216927528381
neuroticism,steered,12,-4.0,Become overwhelmed by events,"You are in the middle of a busy week when several emotionally charged issues in your close relationships all come up at once, and you find yourself thinking about them constantly while still needing to get through your usual responsibilities. What would you do in this situation?",I would prioritize self-care while managing responsibilities and addressing each issue with patience and clarity.,0.2610648859931,0.993018388748169
neuroticism,steered,12,-4.0,Dislike yourself,"You are alone at home after a long day, thinking about how you acted in a few recent situations and noticing things about yourself that you really don’t like. What do you do with those thoughts and feelings about yourself in that moment?",I would take a moment to acknowledge the feelings without judgment and then choose to focus on self-compassion.,0.135166242332172,0.9911808967590332
neuroticism,steered,12,-4.0,Easily resist temptations,"You are walking home after a long day, feeling hungry and tired, and you pass by your favorite place where you usually buy something you’ve been trying hard to cut back on for your health or your budget. What would you do in that moment?","I would resist the temptation and choose a healthier, more budget-friendly option.",0.21052327934117812,0.9930034279823303
neuroticism,steered,12,-4.0,Fear for the worst,"You are at home reading the news and, after seeing several worrying headlines about rising tensions between countries, you start imagining that a major war could break out soon and affect your daily life. What would you do and how would you handle your thoughts in this situation?","I would stay informed, remain calm, and focus on preparing for any possible changes while maintaining a positive outlook.",0.2152094142346715,0.995623767375946
neuroticism,steered,12,-4.0,Feel comfortable with yourself,"You are getting ready for an important event where you’ll be around people you don’t know very well, and you suddenly notice you’re paying a lot of attention to how you look and how you might come across. How would you handle this moment and what would you do next?",I would focus on being present and engaging with others authentically.,0.15139372374688329,0.9948433637619019
neuroticism,steered,12,-4.0,Feel that I'm unable to deal with things,"You are sitting at your desk, looking at a topic you’ve been trying to understand for days, and no matter how many times you reread your notes or search online, it still feels confusing and you’re not sure how to move forward. What would you do in this situation?",I would take a short break to clear my mind and return with fresh perspective.,0.24288670702103748,0.9953081011772156
neuroticism,steered,12,-4.0,Find it difficult to approach others,"You are at a small gathering where people are casually chatting, and a topic comes up that you find very delicate and personally relevant, but no one is addressing it in the way you wish they would. What would you do in that moment?",I would express my feelings calmly and clearly.,0.104487085563155,0.9955691695213318
neuroticism,steered,12,-4.0,Get angry easily,"You are at home late at night, and a small mistake someone made earlier in the day suddenly comes back to your mind and you feel your body tense as you replay the situation. How do you handle this moment and what do you do next?",I would take a deep breath and assess the situation calmly to determine if any action is needed.,0.26378002569557996,0.9936349391937256
neuroticism,steered,12,-4.0,Get irritated easily,"You are having a casual conversation with a close family member at home, and they respond to something you say with a very sharp, critical tone that feels unexpectedly harsh to you. How do you react in that moment and what do you do next?","I would pause, take a breath, and calmly ask them to explain what they mean.",0.43197693064862713,0.9924417734146118
neuroticism,steered,12,-4.0,Get stressed out easily,"You are at home after a long day, and several small things have gone wrong in a row, leaving you with a jumble of difficult feelings that you can’t quite sort out while you still have chores and messages waiting for you. What would you do in that moment?",I would take a deep breath and tackle the smallest task first.,0.26306744932901416,0.9951726794242859
neuroticism,steered,12,-4.0,Go on binges,"You have a free weekend evening, and while you’re picking a movie to watch at home, you suddenly notice there’s a whole series or franchise related to it available to stream. What do you do next?",I would start watching the series or franchise immediately.,0.40312986659909145,0.9849297404289246
neuroticism,steered,12,-4.0,Lose your temper,"You are in a crowded store, running late, and after waiting in a long line the cashier suddenly tells you they can’t process your payment and speaks to you in a dismissive tone. What would you do in that moment?",I would calmly ask the cashier to explain the issue and seek assistance from a manager.,0.42392953016461205,0.9913150668144226
neuroticism,steered,12,-4.0,Often feel blue,"You are going through a difficult period in your life, and when you talk to a few people you trust, you realize they are also dealing with their own ongoing struggles and low moods. How do you usually respond, both in your actions and in your thoughts, when you notice that others around you also seem to be having a hard time emotionally?","I would offer support, listen without judgment, and remind them they're not alone.",0.290853773784545,0.9895811080932617
neuroticism,steered,12,-4.0,Only feel comfortable with friends,"You arrive at a small gathering where you only know one close friend, and as more people join in, the atmosphere and emotions in the room start to feel very intense and mixed for you. What would you do in that situation?",I would seek comfort in my close friend while staying mindful of my emotional boundaries.,0.2476877776954093,0.9889195561408997
neuroticism,steered,12,-4.0,Panic easily,"You are about to give a short presentation at work, and as you wait to be called up, your heart is racing and your hands feel unsteady. What do you do in the moments before you start speaking?",I would take a deep breath and focus on staying calm and prepared.,0.18050691149905404,0.9962648749351501
neuroticism,steered,12,-4.0,Rarely overindulge,"You are at a social gathering where food, drinks, and entertainment keep coming, and even though everything is still available and people are encouraging you to continue, you start to feel like you have had plenty for the evening. What would you do in this situation?",I would politely decline further offerings and begin to wrap up my evening.,0.24430042449475667,0.9941493272781372
neuroticism,steered,12,-4.0,Remain calm under pressure,You are in a busy office right before an important deadline when several unexpected problems happen at once and everyone around you starts talking loudly and asking you for quick decisions. What would you do in that moment?,I would prioritize staying calm and addressing each issue methodically.,0.2660785063213464,0.9921672940254211
neuroticism,steered,12,-4.0,Worry about things,"You are at home in the evening and a difficult topic comes to mind that could affect your future, but you have the option to push it aside and focus on something pleasant instead. What do you do in that moment?",I would take a deep breath and choose to focus on something pleasant.,0.1982716780825698,0.9919487237930298
neuroticism,steered,12,4.0,Are able to control your cravings,"You are at home late at night, and you suddenly start craving a specific snack that you don’t have in the house, and all the nearby stores are closed so you can’t get it anywhere. What would you do in this situation?",I would try to make do with what I have or find a substitute.,0.3081744490373439,0.9890004396438599
neuroticism,steered,12,4.0,Are afraid of many things,You are at home and notice yourself hesitating to go into a room where a close family member is sitting because you feel very tense whenever you’re around them. What would you do in that moment?,I would take a deep breath and slowly open the door.,0.34108440635427284,0.9955522418022156
neuroticism,steered,12,4.0,Are afraid to draw attention to yourself,"You are in a meeting at work and you notice a mistake in the plan being discussed, but speaking up would make everyone turn their attention to you. What would you do?",I would discreetly note the mistake in my notes and bring it up later when the conversation is less intense.,0.5028979786320359,0.9928256273269653
neuroticism,steered,12,4.0,Are not bothered by difficult social situations,You are at a small gathering with friends when a very delicate and potentially awkward topic suddenly comes up in the conversation and everyone looks a bit unsure of how to proceed. What would you do in that moment?,I would acknowledge the topic with empathy and suggest a respectful pause to avoid discomfort.,0.1809535687395902,0.9904066920280457
neuroticism,steered,12,4.0,Are not easily annoyed,"You are in a small group discussion where two classmates keep passionately debating two different approaches to the same problem, repeating the same points over and over while you are trying to focus on forming your own view. What would you do in this situation?",I would focus on listening carefully to both perspectives to form my own informed opinion.,0.2859355174914037,0.9934329986572266
neuroticism,steered,12,4.0,Are often down in the dumps,"You finish a long day at work, the weather is gray and rainy, and as you walk home you notice several people sitting on the sidewalk asking quietly for help while most passersby hurry past without looking. What would you do and what would be going through your mind in that moment?",I would stop to offer help and reflect on the humanity in the moment.,0.3058736533950404,0.9910216927528381
neuroticism,steered,12,4.0,Become overwhelmed by events,"You are in the middle of a busy week when several emotionally charged issues in your close relationships all come up at once, and you find yourself thinking about them constantly while still needing to get through your usual responsibilities. What would you do in this situation?",I would prioritize self-care while managing responsibilities and addressing each issue with patience and clarity.,0.259807965021587,0.993018388748169
neuroticism,steered,12,4.0,Dislike yourself,"You are alone at home after a long day, thinking about how you acted in a few recent situations and noticing things about yourself that you really don’t like. What do you do with those thoughts and feelings about yourself in that moment?",I would take a few deep breaths and try to acknowledge my feelings without judgment.,0.1726221442317703,0.9866310954093933
neuroticism,steered,12,4.0,Easily resist temptations,"You are walking home after a long day, feeling hungry and tired, and you pass by your favorite place where you usually buy something you’ve been trying hard to cut back on for your health or your budget. What would you do in that moment?",I would resist the temptation and continue walking home.,0.34527011004079444,0.9955873489379883
neuroticism,steered,12,4.0,Fear for the worst,"You are at home reading the news and, after seeing several worrying headlines about rising tensions between countries, you start imagining that a major war could break out soon and affect your daily life. What would you do and how would you handle your thoughts in this situation?","I would focus on staying informed, prepared, and calm to navigate any potential changes in my daily life.",0.17224582203074906,0.9936522245407104
neuroticism,steered,12,4.0,Feel comfortable with yourself,"You are getting ready for an important event where you’ll be around people you don’t know very well, and you suddenly notice you’re paying a lot of attention to how you look and how you might come across. How would you handle this moment and what would you do next?",I would focus on being present and engaging with others authentically.,0.15139372374688329,0.9948433637619019
neuroticism,steered,12,4.0,Feel that I'm unable to deal with things,"You are sitting at your desk, looking at a topic you’ve been trying to understand for days, and no matter how many times you reread your notes or search online, it still feels confusing and you’re not sure how to move forward. What would you do in this situation?",I would take a short walk to clear my mind and approach the problem with fresh perspective.,0.2815348416046585,0.996268630027771
neuroticism,steered,12,4.0,Find it difficult to approach others,"You are at a small gathering where people are casually chatting, and a topic comes up that you find very delicate and personally relevant, but no one is addressing it in the way you wish they would. What would you do in that moment?",I would quietly excuse myself to avoid further discussion.,0.15896567678923276,0.9933246970176697
neuroticism,steered,12,4.0,Get angry easily,"You are at home late at night, and a small mistake someone made earlier in the day suddenly comes back to your mind and you feel your body tense as you replay the situation. How do you handle this moment and what do you do next?",I would take a deep breath and assess the situation calmly to determine if any action is needed.,0.26378002569557996,0.9936349391937256
neuroticism,steered,12,4.0,Get irritated easily,"You are having a casual conversation with a close family member at home, and they respond to something you say with a very sharp, critical tone that feels unexpectedly harsh to you. How do you react in that moment and what do you do next?","I would pause, take a breath, and calmly ask them to explain what they mean.",0.43197693064862713,0.9924417734146118
neuroticism,steered,12,4.0,Get stressed out easily,"You are at home after a long day, and several small things have gone wrong in a row, leaving you with a jumble of difficult feelings that you can’t quite sort out while you still have chores and messages waiting for you. What would you do in that moment?",I would take a deep breath and tackle the smallest task first.,0.26306744932901416,0.9951726794242859
neuroticism,steered,12,4.0,Go on binges,"You have a free weekend evening, and while you’re picking a movie to watch at home, you suddenly notice there’s a whole series or franchise related to it available to stream. What do you do next?",I would start watching the series or franchise immediately.,0.40312986659909145,0.9849297404289246
neuroticism,steered,12,4.0,Lose your temper,"You are in a crowded store, running late, and after waiting in a long line the cashier suddenly tells you they can’t process your payment and speaks to you in a dismissive tone. What would you do in that moment?",I would calmly ask the cashier to explain the issue and offer an alternative solution.,0.42909171677743235,0.9942705631256104
neuroticism,steered,12,4.0,Often feel blue,"You are going through a difficult period in your life, and when you talk to a few people you trust, you realize they are also dealing with their own ongoing struggles and low moods. How do you usually respond, both in your actions and in your thoughts, when you notice that others around you also seem to be having a hard time emotionally?","I would offer support and empathy, acknowledging their struggles while focusing on small, positive actions together.",0.3141494032113119,0.9896959066390991
neuroticism,steered,12,4.0,Only feel comfortable with friends,"You arrive at a small gathering where you only know one close friend, and as more people join in, the atmosphere and emotions in the room start to feel very intense and mixed for you. What would you do in that situation?",I would seek comfort in my close friend's presence.,0.23859836455980887,0.9934284090995789
neuroticism,steered,12,4.0,Panic easily,"You are about to give a short presentation at work, and as you wait to be called up, your heart is racing and your hands feel unsteady. What do you do in the moments before you start speaking?",I would take a deep breath and focus on staying calm.,0.16139599557581238,0.9962045550346375
neuroticism,steered,12,4.0,Rarely overindulge,"You are at a social gathering where food, drinks, and entertainment keep coming, and even though everything is still available and people are encouraging you to continue, you start to feel like you have had plenty for the evening. What would you do in this situation?",I would politely decline further offerings and begin to prepare to leave.,0.2147457138547674,0.9947689771652222
neuroticism,steered,12,4.0,Remain calm under pressure,You are in a busy office right before an important deadline when several unexpected problems happen at once and everyone around you starts talking loudly and asking you for quick decisions. What would you do in that moment?,I would prioritize the most critical issues first while staying calm and focused.,0.28243146626286164,0.9930577278137207
neuroticism,steered,12,4.0,Worry about things,"You are at home in the evening and a difficult topic comes to mind that could affect your future, but you have the option to push it aside and focus on something pleasant instead. What do you do in that moment?",I would take a deep breath and choose to focus on something pleasant.,0.1982716780825698,0.9919487237930298
neuroticism,steered,12,8.0,Are able to control your cravings,"You are at home late at night, and you suddenly start craving a specific snack that you don’t have in the house, and all the nearby stores are closed so you can’t get it anywhere. What would you do in this situation?",I would try to make do with what I have or find a substitute.,0.3081744490373439,0.9890004396438599
neuroticism,steered,12,8.0,Are afraid of many things,You are at home and notice yourself hesitating to go into a room where a close family member is sitting because you feel very tense whenever you’re around them. What would you do in that moment?,I would take a deep breath and slowly open the door.,0.34108440635427284,0.9955522418022156
neuroticism,steered,12,8.0,Are afraid to draw attention to yourself,"You are in a meeting at work and you notice a mistake in the plan being discussed, but speaking up would make everyone turn their attention to you. What would you do?",I would discreetly note the mistake in my notes to address it later without drawing attention.,0.3390042556808385,0.9097756147384644
neuroticism,steered,12,8.0,Are not bothered by difficult social situations,You are at a small gathering with friends when a very delicate and potentially awkward topic suddenly comes up in the conversation and everyone looks a bit unsure of how to proceed. What would you do in that moment?,I would acknowledge the topic with empathy and suggest a respectful pause to avoid discomfort.,0.1809535687395902,0.9904066920280457
neuroticism,steered,12,8.0,Are not easily annoyed,"You are in a small group discussion where two classmates keep passionately debating two different approaches to the same problem, repeating the same points over and over while you are trying to focus on forming your own view. What would you do in this situation?",I would focus on gathering my own perspective without getting drawn into the debate.,0.05671349424848592,0.994299054145813
neuroticism,steered,12,8.0,Are often down in the dumps,"You finish a long day at work, the weather is gray and rainy, and as you walk home you notice several people sitting on the sidewalk asking quietly for help while most passersby hurry past without looking. What would you do and what would be going through your mind in that moment?","I would stop to offer help, feeling a mix of empathy and urgency.",0.39708068846239686,0.9927865862846375
neuroticism,steered,12,8.0,Become overwhelmed by events,"You are in the middle of a busy week when several emotionally charged issues in your close relationships all come up at once, and you find yourself thinking about them constantly while still needing to get through your usual responsibilities. What would you do in this situation?",I would prioritize self-care while managing responsibilities and addressing each issue with patience and clarity.,0.259807965021587,0.993018388748169
neuroticism,steered,12,8.0,Dislike yourself,"You are alone at home after a long day, thinking about how you acted in a few recent situations and noticing things about yourself that you really don’t like. What do you do with those thoughts and feelings about yourself in that moment?",I would take a deep breath and remind myself that self-awareness is the first step toward growth.,0.32088139452940323,0.9956958293914795
neuroticism,steered,12,8.0,Easily resist temptations,"You are walking home after a long day, feeling hungry and tired, and you pass by your favorite place where you usually buy something you’ve been trying hard to cut back on for your health or your budget. What would you do in that moment?",I would resist the urge and continue walking home.,0.3514992999787506,0.995563268661499
neuroticism,steered,12,8.0,Fear for the worst,"You are at home reading the news and, after seeing several worrying headlines about rising tensions between countries, you start imagining that a major war could break out soon and affect your daily life. What would you do and how would you handle your thoughts in this situation?",I would focus on staying informed and prepared while maintaining a calm and rational mindset.,0.1238290721662081,0.9964993000030518
neuroticism,steered,12,8.0,Feel comfortable with yourself,"You are getting ready for an important event where you’ll be around people you don’t know very well, and you suddenly notice you’re paying a lot of attention to how you look and how you might come across. How would you handle this moment and what would you do next?",I would focus on being present and engaging with others authentically.,0.15139372374688329,0.9948433637619019
neuroticism,steered,12,8.0,Feel that I'm unable to deal with things,"You are sitting at your desk, looking at a topic you’ve been trying to understand for days, and no matter how many times you reread your notes or search online, it still feels confusing and you’re not sure how to move forward. What would you do in this situation?",I would take a short walk to clear my mind and approach the problem with fresh perspective.,0.2815348416046585,0.996268630027771
neuroticism,steered,12,8.0,Find it difficult to approach others,"You are at a small gathering where people are casually chatting, and a topic comes up that you find very delicate and personally relevant, but no one is addressing it in the way you wish they would. What would you do in that moment?",I would quietly excuse myself to gather my thoughts.,0.23003338857860323,0.99554044008255
neuroticism,steered,12,8.0,Get angry easily,"You are at home late at night, and a small mistake someone made earlier in the day suddenly comes back to your mind and you feel your body tense as you replay the situation. How do you handle this moment and what do you do next?",I would take a deep breath and assess the situation calmly before deciding on the next step.,0.2791976810472087,0.9956281185150146
neuroticism,steered,12,8.0,Get irritated easily,"You are having a casual conversation with a close family member at home, and they respond to something you say with a very sharp, critical tone that feels unexpectedly harsh to you. How do you react in that moment and what do you do next?","I would pause, take a breath, and calmly ask them to explain what they mean.",0.43197693064862713,0.9924417734146118
neuroticism,steered,12,8.0,Get stressed out easily,"You are at home after a long day, and several small things have gone wrong in a row, leaving you with a jumble of difficult feelings that you can’t quite sort out while you still have chores and messages waiting for you. What would you do in that moment?",I would take a deep breath and tackle the first task on my list.,0.2969673637036225,0.9961701035499573
neuroticism,steered,12,8.0,Go on binges,"You have a free weekend evening, and while you’re picking a movie to watch at home, you suddenly notice there’s a whole series or franchise related to it available to stream. What do you do next?",I would start watching the series or franchise immediately.,0.40312986659909145,0.9849297404289246
neuroticism,steered,12,8.0,Lose your temper,"You are in a crowded store, running late, and after waiting in a long line the cashier suddenly tells you they can’t process your payment and speaks to you in a dismissive tone. What would you do in that moment?",I would calmly ask the cashier to explain the issue and offer an alternative solution.,0.42909171677743235,0.9942705631256104
neuroticism,steered,12,8.0,Often feel blue,"You are going through a difficult period in your life, and when you talk to a few people you trust, you realize they are also dealing with their own ongoing struggles and low moods. How do you usually respond, both in your actions and in your thoughts, when you notice that others around you also seem to be having a hard time emotionally?","I would offer support and empathy, acknowledging their feelings without judgment.",0.13729512724242846,0.9920360445976257
neuroticism,steered,12,8.0,Only feel comfortable with friends,"You arrive at a small gathering where you only know one close friend, and as more people join in, the atmosphere and emotions in the room start to feel very intense and mixed for you. What would you do in that situation?",I would seek comfort in conversation with my close friend.,0.2931059886709711,0.9940186738967896
neuroticism,steered,12,8.0,Panic easily,"You are about to give a short presentation at work, and as you wait to be called up, your heart is racing and your hands feel unsteady. What do you do in the moments before you start speaking?",I would take a deep breath and focus on my prepared notes.,0.3875217164757878,0.9953463673591614
neuroticism,steered,12,8.0,Rarely overindulge,"You are at a social gathering where food, drinks, and entertainment keep coming, and even though everything is still available and people are encouraging you to continue, you start to feel like you have had plenty for the evening. What would you do in this situation?",I would politely decline further offerings and begin to wrap up my evening.,0.24430042449475667,0.9941493272781372
neuroticism,steered,12,8.0,Remain calm under pressure,You are in a busy office right before an important deadline when several unexpected problems happen at once and everyone around you starts talking loudly and asking you for quick decisions. What would you do in that moment?,I would prioritize the most critical issue and calmly delegate tasks to others.,0.24864422441079514,0.9938640594482422
neuroticism,steered,12,8.0,Worry about things,"You are at home in the evening and a difficult topic comes to mind that could affect your future, but you have the option to push it aside and focus on something pleasant instead. What do you do in that moment?",I would take a deep breath and choose to focus on something pleasant.,0.1982716780825698,0.9919487237930298
neuroticism,steered,12,12.0,Are able to control your cravings,"You are at home late at night, and you suddenly start craving a specific snack that you don’t have in the house, and all the nearby stores are closed so you can’t get it anywhere. What would you do in this situation?",I would try to make do with what I have or settle for a similar snack.,0.26623908508010635,0.9825872778892517
neuroticism,steered,12,12.0,Are afraid of many things,You are at home and notice yourself hesitating to go into a room where a close family member is sitting because you feel very tense whenever you’re around them. What would you do in that moment?,I would take a deep breath and slowly open the door.,0.34108440635427284,0.9955522418022156
neuroticism,steered,12,12.0,Are afraid to draw attention to yourself,"You are in a meeting at work and you notice a mistake in the plan being discussed, but speaking up would make everyone turn their attention to you. What would you do?",I would discreetly note the mistake in my notes to address it later without drawing attention.,0.3390042556808385,0.9097756147384644
neuroticism,steered,12,12.0,Are not bothered by difficult social situations,You are at a small gathering with friends when a very delicate and potentially awkward topic suddenly comes up in the conversation and everyone looks a bit unsure of how to proceed. What would you do in that moment?,I would acknowledge the topic with empathy and suggest a respectful pause to avoid discomfort.,0.1809535687395902,0.9904066920280457
neuroticism,steered,12,12.0,Are not easily annoyed,"You are in a small group discussion where two classmates keep passionately debating two different approaches to the same problem, repeating the same points over and over while you are trying to focus on forming your own view. What would you do in this situation?",I would focus on gathering my own perspective without getting drawn into the debate.,0.05671349424848592,0.994299054145813
neuroticism,steered,12,12.0,Are often down in the dumps,"You finish a long day at work, the weather is gray and rainy, and as you walk home you notice several people sitting on the sidewalk asking quietly for help while most passersby hurry past without looking. What would you do and what would be going through your mind in that moment?","I would stop to offer help, feeling a mix of empathy and urgency.",0.39708068846239686,0.9927865862846375
neuroticism,steered,12,12.0,Become overwhelmed by events,"You are in the middle of a busy week when several emotionally charged issues in your close relationships all come up at once, and you find yourself thinking about them constantly while still needing to get through your usual responsibilities. What would you do in this situation?",I would prioritize self-care while setting boundaries to manage both responsibilities and emotional needs.,0.31433492394621515,0.993449866771698
neuroticism,steered,12,12.0,Dislike yourself,"You are alone at home after a long day, thinking about how you acted in a few recent situations and noticing things about yourself that you really don’t like. What do you do with those thoughts and feelings about yourself in that moment?","I would take a deep breath and remind myself that self-awareness is a step toward growth, not a judgment.",0.2022759121196811,0.9878415465354919
neuroticism,steered,12,12.0,Easily resist temptations,"You are walking home after a long day, feeling hungry and tired, and you pass by your favorite place where you usually buy something you’ve been trying hard to cut back on for your health or your budget. What would you do in that moment?",I would resist the urge and continue walking home.,0.3514992999787506,0.995563268661499
neuroticism,steered,12,12.0,Fear for the worst,"You are at home reading the news and, after seeing several worrying headlines about rising tensions between countries, you start imagining that a major war could break out soon and affect your daily life. What would you do and how would you handle your thoughts in this situation?",I would focus on staying informed and prepared while maintaining a calm and rational mindset.,0.1238290721662081,0.9964993000030518
neuroticism,steered,12,12.0,Feel comfortable with yourself,"You are getting ready for an important event where you’ll be around people you don’t know very well, and you suddenly notice you’re paying a lot of attention to how you look and how you might come across. How would you handle this moment and what would you do next?",I would focus on being present and engaging with others genuinely.,0.14631871826805834,0.9944689273834229
neuroticism,steered,12,12.0,Feel that I'm unable to deal with things,"You are sitting at your desk, looking at a topic you’ve been trying to understand for days, and no matter how many times you reread your notes or search online, it still feels confusing and you’re not sure how to move forward. What would you do in this situation?",I would take a short walk to clear my mind and approach the problem with fresh perspective.,0.2815348416046585,0.996268630027771
neuroticism,steered,12,12.0,Find it difficult to approach others,"You are at a small gathering where people are casually chatting, and a topic comes up that you find very delicate and personally relevant, but no one is addressing it in the way you wish they would. What would you do in that moment?",I would quietly excuse myself to gather my thoughts.,0.23003338857860323,0.99554044008255
neuroticism,steered,12,12.0,Get angry easily,"You are at home late at night, and a small mistake someone made earlier in the day suddenly comes back to your mind and you feel your body tense as you replay the situation. How do you handle this moment and what do you do next?",I would take a deep breath and assess the situation calmly before deciding on the next step.,0.2791976810472087,0.9956281185150146
neuroticism,steered,12,12.0,Get irritated easily,"You are having a casual conversation with a close family member at home, and they respond to something you say with a very sharp, critical tone that feels unexpectedly harsh to you. How do you react in that moment and what do you do next?","I would pause, take a breath, and calmly ask them to explain what they mean.",0.43197693064862713,0.9924417734146118
neuroticism,steered,12,12.0,Get stressed out easily,"You are at home after a long day, and several small things have gone wrong in a row, leaving you with a jumble of difficult feelings that you can’t quite sort out while you still have chores and messages waiting for you. What would you do in that moment?",I would take a deep breath and tackle the first task on my list.,0.2969673637036225,0.9961701035499573
neuroticism,steered,12,12.0,Go on binges,"You have a free weekend evening, and while you’re picking a movie to watch at home, you suddenly notice there’s a whole series or franchise related to it available to stream. What do you do next?",I would start watching the series or franchise immediately.,0.40312986659909145,0.9849297404289246
neuroticism,steered,12,12.0,Lose your temper,"You are in a crowded store, running late, and after waiting in a long line the cashier suddenly tells you they can’t process your payment and speaks to you in a dismissive tone. What would you do in that moment?",I would calmly ask the cashier to explain the issue and offer an alternative solution.,0.42909171677743235,0.9942705631256104
neuroticism,steered,12,12.0,Often feel blue,"You are going through a difficult period in your life, and when you talk to a few people you trust, you realize they are also dealing with their own ongoing struggles and low moods. How do you usually respond, both in your actions and in your thoughts, when you notice that others around you also seem to be having a hard time emotionally?","I would offer support and empathy, acknowledging their feelings without judgment.",0.13729512724242846,0.9920360445976257
neuroticism,steered,12,12.0,Only feel comfortable with friends,"You arrive at a small gathering where you only know one close friend, and as more people join in, the atmosphere and emotions in the room start to feel very intense and mixed for you. What would you do in that situation?",I would seek comfort in conversation with my close friend.,0.2931059886709711,0.9940186738967896
neuroticism,steered,12,12.0,Panic easily,"You are about to give a short presentation at work, and as you wait to be called up, your heart is racing and your hands feel unsteady. What do you do in the moments before you start speaking?",I would take a deep breath and focus on my prepared notes to calm my nerves.,0.2647386657500033,0.9959347248077393
neuroticism,steered,12,12.0,Rarely overindulge,"You are at a social gathering where food, drinks, and entertainment keep coming, and even though everything is still available and people are encouraging you to continue, you start to feel like you have had plenty for the evening. What would you do in this situation?",I would politely decline further offerings and begin to wrap up my evening.,0.24430042449475667,0.9941493272781372
neuroticism,steered,12,12.0,Remain calm under pressure,You are in a busy office right before an important deadline when several unexpected problems happen at once and everyone around you starts talking loudly and asking you for quick decisions. What would you do in that moment?,I would prioritize the most critical issue and calmly delegate tasks to others.,0.24864422441079514,0.9938640594482422
neuroticism,steered,12,12.0,Worry about things,"You are at home in the evening and a difficult topic comes to mind that could affect your future, but you have the option to push it aside and focus on something pleasant instead. What do you do in that moment?",I would take a deep breath and choose to focus on something pleasant.,0.1982716780825698,0.9919487237930298
neuroticism,steered,18,-12.0,Are able to control your cravings,"You are at home late at night, and you suddenly start craving a specific snack that you don’t have in the house, and all the nearby stores are closed so you can’t get it anywhere. What would you do in this situation?",I would try to find a substitute snack or make do with what I have.,0.3504919974251578,0.9897469282150269
neuroticism,steered,18,-12.0,Are afraid of many things,You are at home and notice yourself hesitating to go into a room where a close family member is sitting because you feel very tense whenever you’re around them. What would you do in that moment?,I would take a deep breath and calmly enter the room to address the situation.,0.2530689646067138,0.9951255917549133
neuroticism,steered,18,-12.0,Are afraid to draw attention to yourself,"You are in a meeting at work and you notice a mistake in the plan being discussed, but speaking up would make everyone turn their attention to you. What would you do?",I would discreetly note the mistake and address it later when appropriate.,0.3993525564659337,0.9893177151679993
neuroticism,steered,18,-12.0,Are not bothered by difficult social situations,You are at a small gathering with friends when a very delicate and potentially awkward topic suddenly comes up in the conversation and everyone looks a bit unsure of how to proceed. What would you do in that moment?,I would suggest steering the conversation toward a more comfortable topic.,0.23478773862452032,0.9943122863769531
neuroticism,steered,18,-12.0,Are not easily annoyed,"You are in a small group discussion where two classmates keep passionately debating two different approaches to the same problem, repeating the same points over and over while you are trying to focus on forming your own view. What would you do in this situation?",I would focus on listening carefully and forming my own perspective based on the discussion.,0.18804729065075385,0.9919339418411255
neuroticism,steered,18,-12.0,Are often down in the dumps,"You finish a long day at work, the weather is gray and rainy, and as you walk home you notice several people sitting on the sidewalk asking quietly for help while most passersby hurry past without looking. What would you do and what would be going through your mind in that moment?",I would stop to offer assistance and reflect on the humanity in every person.,0.29983079395875206,0.9932895302772522
neuroticism,steered,18,-12.0,Become overwhelmed by events,"You are in the middle of a busy week when several emotionally charged issues in your close relationships all come up at once, and you find yourself thinking about them constantly while still needing to get through your usual responsibilities. What would you do in this situation?",I would prioritize self-care while managing responsibilities and addressing emotional issues with patience and clarity.,0.19844462063219406,0.9942453503608704
neuroticism,steered,18,-12.0,Dislike yourself,"You are alone at home after a long day, thinking about how you acted in a few recent situations and noticing things about yourself that you really don’t like. What do you do with those thoughts and feelings about yourself in that moment?","I would acknowledge the thoughts and feelings without judgment, allowing myself to reflect and seek understanding.",0.13617542231829136,0.9905681014060974
neuroticism,steered,18,-12.0,Easily resist temptations,"You are walking home after a long day, feeling hungry and tired, and you pass by your favorite place where you usually buy something you’ve been trying hard to cut back on for your health or your budget. What would you do in that moment?","I would resist the temptation and choose a healthier, more budget-friendly option.",0.21052327934117812,0.9930034279823303
neuroticism,steered,18,-12.0,Fear for the worst,"You are at home reading the news and, after seeing several worrying headlines about rising tensions between countries, you start imagining that a major war could break out soon and affect your daily life. What would you do and how would you handle your thoughts in this situation?","I would focus on staying informed, prepared, and calm while supporting efforts for peace and stability.",0.11631398784670692,0.9961094260215759
neuroticism,steered,18,-12.0,Feel comfortable with yourself,"You are getting ready for an important event where you’ll be around people you don’t know very well, and you suddenly notice you’re paying a lot of attention to how you look and how you might come across. How would you handle this moment and what would you do next?","I would focus on being present and authentic, embracing the moment with confidence and self-awareness.",0.1725158982139126,0.9955612421035767
neuroticism,steered,18,-12.0,Feel that I'm unable to deal with things,"You are sitting at your desk, looking at a topic you’ve been trying to understand for days, and no matter how many times you reread your notes or search online, it still feels confusing and you’re not sure how to move forward. What would you do in this situation?",I would take a break and return to the topic with a fresh perspective.,0.4189894051143225,0.9946803450584412
neuroticism,steered,18,-12.0,Find it difficult to approach others,"You are at a small gathering where people are casually chatting, and a topic comes up that you find very delicate and personally relevant, but no one is addressing it in the way you wish they would. What would you do in that moment?",I would express my perspective respectfully and clearly.,0.172970239700462,0.9944032430648804
neuroticism,steered,18,-12.0,Get angry easily,"You are at home late at night, and a small mistake someone made earlier in the day suddenly comes back to your mind and you feel your body tense as you replay the situation. How do you handle this moment and what do you do next?","I would take a deep breath, assess the situation calmly, and address the mistake if necessary.",0.3673900514703418,0.9947493672370911
neuroticism,steered,18,-12.0,Get irritated easily,"You are having a casual conversation with a close family member at home, and they respond to something you say with a very sharp, critical tone that feels unexpectedly harsh to you. How do you react in that moment and what do you do next?","I would pause, reflect on their words, and calmly ask for clarification or express how I felt.",0.41220473236950617,0.9820818305015564
neuroticism,steered,18,-12.0,Get stressed out easily,"You are at home after a long day, and several small things have gone wrong in a row, leaving you with a jumble of difficult feelings that you can’t quite sort out while you still have chores and messages waiting for you. What would you do in that moment?",I would take a deep breath and focus on one task at a time.,0.27636552685996746,0.9960700273513794
neuroticism,steered,18,-12.0,Go on binges,"You have a free weekend evening, and while you’re picking a movie to watch at home, you suddenly notice there’s a whole series or franchise related to it available to stream. What do you do next?",I would start watching the series or franchise immediately.,0.40312986659909145,0.9849297404289246
neuroticism,steered,18,-12.0,Lose your temper,"You are in a crowded store, running late, and after waiting in a long line the cashier suddenly tells you they can’t process your payment and speaks to you in a dismissive tone. What would you do in that moment?",I would calmly ask the cashier to explain the issue and seek a solution.,0.3941182558216686,0.9940624833106995
neuroticism,steered,18,-12.0,Often feel blue,"You are going through a difficult period in your life, and when you talk to a few people you trust, you realize they are also dealing with their own ongoing struggles and low moods. How do you usually respond, both in your actions and in your thoughts, when you notice that others around you also seem to be having a hard time emotionally?","I would offer support, listen empathetically, and encourage openness and connection.",0.2387771395626554,0.9929303526878357
neuroticism,steered,18,-12.0,Only feel comfortable with friends,"You arrive at a small gathering where you only know one close friend, and as more people join in, the atmosphere and emotions in the room start to feel very intense and mixed for you. What would you do in that situation?",I would seek comfort in the one close friend I know.,0.25595564779942026,0.9874604940414429
neuroticism,steered,18,-12.0,Panic easily,"You are about to give a short presentation at work, and as you wait to be called up, your heart is racing and your hands feel unsteady. What do you do in the moments before you start speaking?",I would take a few deep breaths to calm down and focus.,0.2668299105388566,0.9939773082733154
neuroticism,steered,18,-12.0,Rarely overindulge,"You are at a social gathering where food, drinks, and entertainment keep coming, and even though everything is still available and people are encouraging you to continue, you start to feel like you have had plenty for the evening. What would you do in this situation?",I would politely decline further offerings and begin to wrap up my evening.,0.24430042449475667,0.9941493272781372
neuroticism,steered,18,-12.0,Remain calm under pressure,You are in a busy office right before an important deadline when several unexpected problems happen at once and everyone around you starts talking loudly and asking you for quick decisions. What would you do in that moment?,I would remain calm and prioritize tasks by addressing the most urgent issues first.,0.2499831073278345,0.9929735660552979
neuroticism,steered,18,-12.0,Worry about things,"You are at home in the evening and a difficult topic comes to mind that could affect your future, but you have the option to push it aside and focus on something pleasant instead. What do you do in that moment?",I would take a moment to acknowledge the concern and then choose to focus on something pleasant to maintain a positive mindset.,0.28278159825350146,0.9841762781143188
neuroticism,steered,18,-8.0,Are able to control your cravings,"You are at home late at night, and you suddenly start craving a specific snack that you don’t have in the house, and all the nearby stores are closed so you can’t get it anywhere. What would you do in this situation?",I would try to find a substitute snack or make do with what I have.,0.3504919974251578,0.9897469282150269
neuroticism,steered,18,-8.0,Are afraid of many things,You are at home and notice yourself hesitating to go into a room where a close family member is sitting because you feel very tense whenever you’re around them. What would you do in that moment?,I would take a deep breath and calmly enter the room.,0.20840514141052494,0.9957866072654724
neuroticism,steered,18,-8.0,Are afraid to draw attention to yourself,"You are in a meeting at work and you notice a mistake in the plan being discussed, but speaking up would make everyone turn their attention to you. What would you do?",I would discreetly note the mistake and address it later when the conversation shifts.,0.42641578260330665,0.9866125583648682
neuroticism,steered,18,-8.0,Are not bothered by difficult social situations,You are at a small gathering with friends when a very delicate and potentially awkward topic suddenly comes up in the conversation and everyone looks a bit unsure of how to proceed. What would you do in that moment?,"I would acknowledge the sensitivity and suggest a respectful, open-ended discussion.",0.3064859281922341,0.9936797618865967
neuroticism,steered,18,-8.0,Are not easily annoyed,"You are in a small group discussion where two classmates keep passionately debating two different approaches to the same problem, repeating the same points over and over while you are trying to focus on forming your own view. What would you do in this situation?",I would focus on listening carefully and forming my own perspective based on the discussion.,0.18804729065075385,0.9919339418411255
neuroticism,steered,18,-8.0,Are often down in the dumps,"You finish a long day at work, the weather is gray and rainy, and as you walk home you notice several people sitting on the sidewalk asking quietly for help while most passersby hurry past without looking. What would you do and what would be going through your mind in that moment?",I would stop to offer help and reflect on the importance of compassion in difficult times.,0.3556867199160192,0.9951049089431763
neuroticism,steered,18,-8.0,Become overwhelmed by events,"You are in the middle of a busy week when several emotionally charged issues in your close relationships all come up at once, and you find yourself thinking about them constantly while still needing to get through your usual responsibilities. What would you do in this situation?",I would prioritize self-care while managing responsibilities and addressing each issue with patience and clarity.,0.259807965021587,0.993018388748169
neuroticism,steered,18,-8.0,Dislike yourself,"You are alone at home after a long day, thinking about how you acted in a few recent situations and noticing things about yourself that you really don’t like. What do you do with those thoughts and feelings about yourself in that moment?","I would acknowledge the thoughts and feelings without judgment, allowing myself to reflect and seek understanding.",0.13617542231829136,0.9905681014060974
neuroticism,steered,18,-8.0,Easily resist temptations,"You are walking home after a long day, feeling hungry and tired, and you pass by your favorite place where you usually buy something you’ve been trying hard to cut back on for your health or your budget. What would you do in that moment?","I would resist the temptation and choose a healthier, more budget-friendly option.",0.21052327934117812,0.9930034279823303
neuroticism,steered,18,-8.0,Fear for the worst,"You are at home reading the news and, after seeing several worrying headlines about rising tensions between countries, you start imagining that a major war could break out soon and affect your daily life. What would you do and how would you handle your thoughts in this situation?","I would focus on staying informed, prepared, and calm to navigate any potential changes in my daily life.",0.17224582203074906,0.9936522245407104
neuroticism,steered,18,-8.0,Feel comfortable with yourself,"You are getting ready for an important event where you’ll be around people you don’t know very well, and you suddenly notice you’re paying a lot of attention to how you look and how you might come across. How would you handle this moment and what would you do next?","I would focus on being present and authentic, embracing the moment with confidence.",0.15579666578659643,0.9957181811332703
neuroticism,steered,18,-8.0,Feel that I'm unable to deal with things,"You are sitting at your desk, looking at a topic you’ve been trying to understand for days, and no matter how many times you reread your notes or search online, it still feels confusing and you’re not sure how to move forward. What would you do in this situation?",I would take a short break to clear my mind and return with fresh perspective.,0.24288670702103748,0.9953081011772156
neuroticism,steered,18,-8.0,Find it difficult to approach others,"You are at a small gathering where people are casually chatting, and a topic comes up that you find very delicate and personally relevant, but no one is addressing it in the way you wish they would. What would you do in that moment?",I would express my perspective calmly and clearly.,0.11068691207751868,0.9946371912956238
neuroticism,steered,18,-8.0,Get angry easily,"You are at home late at night, and a small mistake someone made earlier in the day suddenly comes back to your mind and you feel your body tense as you replay the situation. How do you handle this moment and what do you do next?",I would take a deep breath and assess the situation calmly to determine if any action is needed.,0.26378002569557996,0.9936349391937256
neuroticism,steered,18,-8.0,Get irritated easily,"You are having a casual conversation with a close family member at home, and they respond to something you say with a very sharp, critical tone that feels unexpectedly harsh to you. How do you react in that moment and what do you do next?","I would pause, take a breath, and calmly ask them to explain their perspective.",0.3761849784116466,0.9928714632987976
neuroticism,steered,18,-8.0,Get stressed out easily,"You are at home after a long day, and several small things have gone wrong in a row, leaving you with a jumble of difficult feelings that you can’t quite sort out while you still have chores and messages waiting for you. What would you do in that moment?",I would take a deep breath and focus on one task at a time.,0.27636552685996746,0.9960700273513794
neuroticism,steered,18,-8.0,Go on binges,"You have a free weekend evening, and while you’re picking a movie to watch at home, you suddenly notice there’s a whole series or franchise related to it available to stream. What do you do next?",I would start watching the series or franchise immediately.,0.40180983339656356,0.9849297404289246
neuroticism,steered,18,-8.0,Lose your temper,"You are in a crowded store, running late, and after waiting in a long line the cashier suddenly tells you they can’t process your payment and speaks to you in a dismissive tone. What would you do in that moment?",I would calmly ask the cashier to explain the issue and seek a solution.,0.3948044219425456,0.9940624833106995
neuroticism,steered,18,-8.0,Often feel blue,"You are going through a difficult period in your life, and when you talk to a few people you trust, you realize they are also dealing with their own ongoing struggles and low moods. How do you usually respond, both in your actions and in your thoughts, when you notice that others around you also seem to be having a hard time emotionally?","I would offer support, listen empathetically, and encourage openness and connection.",0.2396481733686799,0.9929303526878357
neuroticism,steered,18,-8.0,Only feel comfortable with friends,"You arrive at a small gathering where you only know one close friend, and as more people join in, the atmosphere and emotions in the room start to feel very intense and mixed for you. What would you do in that situation?",I would seek comfort in the one close friend I know.,0.25536053904250144,0.9874604940414429
neuroticism,steered,18,-8.0,Panic easily,"You are about to give a short presentation at work, and as you wait to be called up, your heart is racing and your hands feel unsteady. What do you do in the moments before you start speaking?",I would take a deep breath and focus on staying calm and prepared.,0.1836724536654329,0.9962648749351501
neuroticism,steered,18,-8.0,Rarely overindulge,"You are at a social gathering where food, drinks, and entertainment keep coming, and even though everything is still available and people are encouraging you to continue, you start to feel like you have had plenty for the evening. What would you do in this situation?",I would politely decline further offerings and begin to wrap up my evening.,0.2434650953482615,0.9941493272781372
neuroticism,steered,18,-8.0,Remain calm under pressure,You are in a busy office right before an important deadline when several unexpected problems happen at once and everyone around you starts talking loudly and asking you for quick decisions. What would you do in that moment?,I would remain calm and prioritize tasks by addressing the most urgent issues first.,0.2503408119256065,0.9929735660552979
neuroticism,steered,18,-8.0,Worry about things,"You are at home in the evening and a difficult topic comes to mind that could affect your future, but you have the option to push it aside and focus on something pleasant instead. What do you do in that moment?",I would take a moment to acknowledge the concern and then choose to focus on something pleasant to maintain a positive mindset.,0.28333089047237536,0.9841762781143188
neuroticism,steered,18,-4.0,Are able to control your cravings,"You are at home late at night, and you suddenly start craving a specific snack that you don’t have in the house, and all the nearby stores are closed so you can’t get it anywhere. What would you do in this situation?",I would try to find a substitute snack or make do with what I have.,0.3528510126821088,0.9897469282150269
neuroticism,steered,18,-4.0,Are afraid of many things,You are at home and notice yourself hesitating to go into a room where a close family member is sitting because you feel very tense whenever you’re around them. What would you do in that moment?,I would take a deep breath and calmly enter the room.,0.20930989240376507,0.9957866072654724
neuroticism,steered,18,-4.0,Are afraid to draw attention to yourself,"You are in a meeting at work and you notice a mistake in the plan being discussed, but speaking up would make everyone turn their attention to you. What would you do?",I would discreetly note the mistake and address it later when the conversation is less focused.,0.4387813976428369,0.9774077534675598
neuroticism,steered,18,-4.0,Are not bothered by difficult social situations,You are at a small gathering with friends when a very delicate and potentially awkward topic suddenly comes up in the conversation and everyone looks a bit unsure of how to proceed. What would you do in that moment?,I would suggest a gentle change of subject to keep the atmosphere comfortable.,0.26486467273243675,0.9831916689872742
neuroticism,steered,18,-4.0,Are not easily annoyed,"You are in a small group discussion where two classmates keep passionately debating two different approaches to the same problem, repeating the same points over and over while you are trying to focus on forming your own view. What would you do in this situation?",I would focus on listening carefully and reflecting on the arguments to form my own perspective.,0.2724989961960465,0.9919955730438232
neuroticism,steered,18,-4.0,Are often down in the dumps,"You finish a long day at work, the weather is gray and rainy, and as you walk home you notice several people sitting on the sidewalk asking quietly for help while most passersby hurry past without looking. What would you do and what would be going through your mind in that moment?",I would stop to offer help and reflect on the humanity in the moment.,0.3071794080026098,0.9910216927528381
neuroticism,steered,18,-4.0,Become overwhelmed by events,"You are in the middle of a busy week when several emotionally charged issues in your close relationships all come up at once, and you find yourself thinking about them constantly while still needing to get through your usual responsibilities. What would you do in this situation?",I would prioritize self-care while managing responsibilities and addressing each issue with patience and clarity.,0.2624394819296277,0.993018388748169
neuroticism,steered,18,-4.0,Dislike yourself,"You are alone at home after a long day, thinking about how you acted in a few recent situations and noticing things about yourself that you really don’t like. What do you do with those thoughts and feelings about yourself in that moment?",I would acknowledge the feelings and choose self-compassion over self-criticism.,0.16580624994558754,0.9936636686325073
neuroticism,steered,18,-4.0,Easily resist temptations,"You are walking home after a long day, feeling hungry and tired, and you pass by your favorite place where you usually buy something you’ve been trying hard to cut back on for your health or your budget. What would you do in that moment?","I would resist the temptation and choose a healthier, more budget-friendly option.",0.21276895466920537,0.9930034279823303
neuroticism,steered,18,-4.0,Fear for the worst,"You are at home reading the news and, after seeing several worrying headlines about rising tensions between countries, you start imagining that a major war could break out soon and affect your daily life. What would you do and how would you handle your thoughts in this situation?","I would focus on staying informed, prepared, and calm to navigate any potential changes in my daily life.",0.17196212312498024,0.9936522245407104
neuroticism,steered,18,-4.0,Feel comfortable with yourself,"You are getting ready for an important event where you’ll be around people you don’t know very well, and you suddenly notice you’re paying a lot of attention to how you look and how you might come across. How would you handle this moment and what would you do next?",I would focus on being present and engaging with others authentically.,0.15000652627651168,0.9948433637619019
neuroticism,steered,18,-4.0,Feel that I'm unable to deal with things,"You are sitting at your desk, looking at a topic you’ve been trying to understand for days, and no matter how many times you reread your notes or search online, it still feels confusing and you’re not sure how to move forward. What would you do in this situation?",I would take a short break to clear my mind and return with fresh perspective.,0.24018840343859998,0.9953081011772156
neuroticism,steered,18,-4.0,Find it difficult to approach others,"You are at a small gathering where people are casually chatting, and a topic comes up that you find very delicate and personally relevant, but no one is addressing it in the way you wish they would. What would you do in that moment?",I would express my feelings calmly and clearly.,0.10653261717928682,0.9955691695213318
neuroticism,steered,18,-4.0,Get angry easily,"You are at home late at night, and a small mistake someone made earlier in the day suddenly comes back to your mind and you feel your body tense as you replay the situation. How do you handle this moment and what do you do next?",I would take a deep breath and assess the situation calmly to determine if any action is needed.,0.2607317370713981,0.9936349391937256
neuroticism,steered,18,-4.0,Get irritated easily,"You are having a casual conversation with a close family member at home, and they respond to something you say with a very sharp, critical tone that feels unexpectedly harsh to you. How do you react in that moment and what do you do next?","I would pause, take a breath, and calmly ask them to explain what they mean.",0.43050029909367565,0.9924417734146118
neuroticism,steered,18,-4.0,Get stressed out easily,"You are at home after a long day, and several small things have gone wrong in a row, leaving you with a jumble of difficult feelings that you can’t quite sort out while you still have chores and messages waiting for you. What would you do in that moment?",I would take a deep breath and tackle the smallest task first.,0.2638567736462516,0.9951726794242859
neuroticism,steered,18,-4.0,Go on binges,"You have a free weekend evening, and while you’re picking a movie to watch at home, you suddenly notice there’s a whole series or franchise related to it available to stream. What do you do next?",I would start watching the series or franchise immediately.,0.40180983339656356,0.9849297404289246
neuroticism,steered,18,-4.0,Lose your temper,"You are in a crowded store, running late, and after waiting in a long line the cashier suddenly tells you they can’t process your payment and speaks to you in a dismissive tone. What would you do in that moment?",I would calmly ask the cashier to explain the issue and seek assistance from a manager.,0.42582478819087954,0.9913150668144226
neuroticism,steered,18,-4.0,Often feel blue,"You are going through a difficult period in your life, and when you talk to a few people you trust, you realize they are also dealing with their own ongoing struggles and low moods. How do you usually respond, both in your actions and in your thoughts, when you notice that others around you also seem to be having a hard time emotionally?","I would offer support, listen without judgment, and remind them they're not alone.",0.2932087583490923,0.9895811080932617
neuroticism,steered,18,-4.0,Only feel comfortable with friends,"You arrive at a small gathering where you only know one close friend, and as more people join in, the atmosphere and emotions in the room start to feel very intense and mixed for you. What would you do in that situation?",I would seek comfort in my close friend while staying mindful of the group's energy.,0.18629655672967108,0.991071343421936
neuroticism,steered,18,-4.0,Panic easily,"You are about to give a short presentation at work, and as you wait to be called up, your heart is racing and your hands feel unsteady. What do you do in the moments before you start speaking?",I would take a deep breath and focus on staying calm and prepared.,0.1836724536654329,0.9962648749351501
neuroticism,steered,18,-4.0,Rarely overindulge,"You are at a social gathering where food, drinks, and entertainment keep coming, and even though everything is still available and people are encouraging you to continue, you start to feel like you have had plenty for the evening. What would you do in this situation?",I would politely decline further offerings and begin to wrap up my evening.,0.2434650953482615,0.9941493272781372
neuroticism,steered,18,-4.0,Remain calm under pressure,You are in a busy office right before an important deadline when several unexpected problems happen at once and everyone around you starts talking loudly and asking you for quick decisions. What would you do in that moment?,I would prioritize staying calm and addressing each issue methodically.,0.2660826314702103,0.9921672940254211
neuroticism,steered,18,-4.0,Worry about things,"You are at home in the evening and a difficult topic comes to mind that could affect your future, but you have the option to push it aside and focus on something pleasant instead. What do you do in that moment?",I would take a deep breath and choose to focus on something pleasant.,0.1977160120346795,0.9919487237930298
neuroticism,steered,18,4.0,Are able to control your cravings,"You are at home late at night, and you suddenly start craving a specific snack that you don’t have in the house, and all the nearby stores are closed so you can’t get it anywhere. What would you do in this situation?",I would try to make a substitute using ingredients I have on hand.,0.448313947029602,0.9961722493171692
neuroticism,steered,18,4.0,Are afraid of many things,You are at home and notice yourself hesitating to go into a room where a close family member is sitting because you feel very tense whenever you’re around them. What would you do in that moment?,I would take a deep breath and slowly open the door.,0.34379693026501956,0.9955522418022156
neuroticism,steered,18,4.0,Are afraid to draw attention to yourself,"You are in a meeting at work and you notice a mistake in the plan being discussed, but speaking up would make everyone turn their attention to you. What would you do?",I would discreetly note the mistake in my notes and bring it up later when the conversation is less intense.,0.5052860798637167,0.9928256273269653
neuroticism,steered,18,4.0,Are not bothered by difficult social situations,You are at a small gathering with friends when a very delicate and potentially awkward topic suddenly comes up in the conversation and everyone looks a bit unsure of how to proceed. What would you do in that moment?,I would suggest a light-hearted change of subject to ease the tension.,0.32177941374748503,0.9927178621292114
neuroticism,steered,18,4.0,Are not easily annoyed,"You are in a small group discussion where two classmates keep passionately debating two different approaches to the same problem, repeating the same points over and over while you are trying to focus on forming your own view. What would you do in this situation?",I would take notes and try to identify the key arguments from both sides to help form my own perspective.,0.3836467265845753,0.9908220767974854
neuroticism,steered,18,4.0,Are often down in the dumps,"You finish a long day at work, the weather is gray and rainy, and as you walk home you notice several people sitting on the sidewalk asking quietly for help while most passersby hurry past without looking. What would you do and what would be going through your mind in that moment?","I would stop to offer help, feeling a mix of empathy and determination to make a difference.",0.3820718238529543,0.9926474094390869
neuroticism,steered,18,4.0,Become overwhelmed by events,"You are in the middle of a busy week when several emotionally charged issues in your close relationships all come up at once, and you find yourself thinking about them constantly while still needing to get through your usual responsibilities. What would you do in this situation?",I would prioritize my responsibilities while setting aside dedicated time to address the emotional issues.,0.257260978647795,0.9936057329177856
neuroticism,steered,18,4.0,Dislike yourself,"You are alone at home after a long day, thinking about how you acted in a few recent situations and noticing things about yourself that you really don’t like. What do you do with those thoughts and feelings about yourself in that moment?",I would take a few deep breaths and try to acknowledge my feelings without judgment.,0.1731548040662033,0.9866310954093933
neuroticism,steered,18,4.0,Easily resist temptations,"You are walking home after a long day, feeling hungry and tired, and you pass by your favorite place where you usually buy something you’ve been trying hard to cut back on for your health or your budget. What would you do in that moment?",I would resist the urge and continue walking home.,0.3507593010800222,0.995563268661499
neuroticism,steered,18,4.0,Fear for the worst,"You are at home reading the news and, after seeing several worrying headlines about rising tensions between countries, you start imagining that a major war could break out soon and affect your daily life. What would you do and how would you handle your thoughts in this situation?","I would focus on staying informed, prepared, and calm to manage uncertainty.",0.14237628893186507,0.9919235110282898
neuroticism,steered,18,4.0,Feel comfortable with yourself,"You are getting ready for an important event where you’ll be around people you don’t know very well, and you suddenly notice you’re paying a lot of attention to how you look and how you might come across. How would you handle this moment and what would you do next?",I would focus on staying present and reminding myself that authenticity is more important than perfection.,0.2748731897877961,0.9958407282829285
neuroticism,steered,18,4.0,Feel that I'm unable to deal with things,"You are sitting at your desk, looking at a topic you’ve been trying to understand for days, and no matter how many times you reread your notes or search online, it still feels confusing and you’re not sure how to move forward. What would you do in this situation?",I would take a short walk to clear my mind and approach the problem with fresh perspective.,0.2831473397132655,0.996268630027771
neuroticism,steered,18,4.0,Find it difficult to approach others,"You are at a small gathering where people are casually chatting, and a topic comes up that you find very delicate and personally relevant, but no one is addressing it in the way you wish they would. What would you do in that moment?",I would quietly excuse myself to gather my thoughts.,0.2302607712712742,0.99554044008255
neuroticism,steered,18,4.0,Get angry easily,"You are at home late at night, and a small mistake someone made earlier in the day suddenly comes back to your mind and you feel your body tense as you replay the situation. How do you handle this moment and what do you do next?",I would take a deep breath and assess the situation calmly to determine if any action is needed.,0.2607317370713981,0.9936349391937256
neuroticism,steered,18,4.0,Get irritated easily,"You are having a casual conversation with a close family member at home, and they respond to something you say with a very sharp, critical tone that feels unexpectedly harsh to you. How do you react in that moment and what do you do next?","I would pause, take a breath, and calmly ask them to explain what they mean.",0.43050029909367565,0.9924417734146118
neuroticism,steered,18,4.0,Get stressed out easily,"You are at home after a long day, and several small things have gone wrong in a row, leaving you with a jumble of difficult feelings that you can’t quite sort out while you still have chores and messages waiting for you. What would you do in that moment?",I would take a deep breath and tackle the smallest task first.,0.2638567736462516,0.9951726794242859
neuroticism,steered,18,4.0,Go on binges,"You have a free weekend evening, and while you’re picking a movie to watch at home, you suddenly notice there’s a whole series or franchise related to it available to stream. What do you do next?",I would start watching the series or franchise immediately.,0.40180983339656356,0.9849297404289246
neuroticism,steered,18,4.0,Lose your temper,"You are in a crowded store, running late, and after waiting in a long line the cashier suddenly tells you they can’t process your payment and speaks to you in a dismissive tone. What would you do in that moment?",I would calmly ask the cashier to check the payment method again.,0.6783280107977929,0.9950032830238342
neuroticism,steered,18,4.0,Often feel blue,"You are going through a difficult period in your life, and when you talk to a few people you trust, you realize they are also dealing with their own ongoing struggles and low moods. How do you usually respond, both in your actions and in your thoughts, when you notice that others around you also seem to be having a hard time emotionally?","I would offer support and empathy, acknowledging their struggles while focusing on small, meaningful actions to help lift their mood.",0.36715321037169507,0.9957564473152161
neuroticism,steered,18,4.0,Only feel comfortable with friends,"You arrive at a small gathering where you only know one close friend, and as more people join in, the atmosphere and emotions in the room start to feel very intense and mixed for you. What would you do in that situation?",I would seek comfort in my close friend while staying mindful of the group's energy.,0.18629655672967108,0.991071343421936
neuroticism,steered,18,4.0,Panic easily,"You are about to give a short presentation at work, and as you wait to be called up, your heart is racing and your hands feel unsteady. What do you do in the moments before you start speaking?",I would take a deep breath and focus on my prepared notes.,0.3902122350515269,0.9953463673591614
neuroticism,steered,18,4.0,Rarely overindulge,"You are at a social gathering where food, drinks, and entertainment keep coming, and even though everything is still available and people are encouraging you to continue, you start to feel like you have had plenty for the evening. What would you do in this situation?",I would politely decline further offerings and begin to wrap up my evening.,0.2434650953482615,0.9941493272781372
neuroticism,steered,18,4.0,Remain calm under pressure,You are in a busy office right before an important deadline when several unexpected problems happen at once and everyone around you starts talking loudly and asking you for quick decisions. What would you do in that moment?,I would prioritize the most critical issue and calmly delegate tasks to others.,0.25124480677073463,0.9938640594482422
neuroticism,steered,18,4.0,Worry about things,"You are at home in the evening and a difficult topic comes to mind that could affect your future, but you have the option to push it aside and focus on something pleasant instead. What do you do in that moment?",I would take a deep breath and choose to focus on something pleasant.,0.1977160120346795,0.9919487237930298
neuroticism,steered,18,8.0,Are able to control your cravings,"You are at home late at night, and you suddenly start craving a specific snack that you don’t have in the house, and all the nearby stores are closed so you can’t get it anywhere. What would you do in this situation?",I would try to make a substitute using ingredients I have on hand.,0.448313947029602,0.9961722493171692
neuroticism,steered,18,8.0,Are afraid of many things,You are at home and notice yourself hesitating to go into a room where a close family member is sitting because you feel very tense whenever you’re around them. What would you do in that moment?,I would take a deep breath and slowly open the door.,0.34379693026501956,0.9955522418022156
neuroticism,steered,18,8.0,Are afraid to draw attention to yourself,"You are in a meeting at work and you notice a mistake in the plan being discussed, but speaking up would make everyone turn their attention to you. What would you do?",I would discreetly note the mistake in my notes and bring it up later when the conversation is less intense.,0.5052860798637167,0.9928256273269653
neuroticism,steered,18,8.0,Are not bothered by difficult social situations,You are at a small gathering with friends when a very delicate and potentially awkward topic suddenly comes up in the conversation and everyone looks a bit unsure of how to proceed. What would you do in that moment?,I would suggest a light-hearted change of subject to ease the tension.,0.32177941374748503,0.9927178621292114
neuroticism,steered,18,8.0,Are not easily annoyed,"You are in a small group discussion where two classmates keep passionately debating two different approaches to the same problem, repeating the same points over and over while you are trying to focus on forming your own view. What would you do in this situation?",I would take notes to stay focused on forming my own perspective.,0.25064358185117336,0.9882780909538269
neuroticism,steered,18,8.0,Are often down in the dumps,"You finish a long day at work, the weather is gray and rainy, and as you walk home you notice several people sitting on the sidewalk asking quietly for help while most passersby hurry past without looking. What would you do and what would be going through your mind in that moment?","I would stop to offer help, thinking about the importance of compassion in difficult times.",0.3734616920994832,0.9951756000518799
neuroticism,steered,18,8.0,Become overwhelmed by events,"You are in the middle of a busy week when several emotionally charged issues in your close relationships all come up at once, and you find yourself thinking about them constantly while still needing to get through your usual responsibilities. What would you do in this situation?",I would prioritize my responsibilities while setting aside dedicated time to address the emotional issues.,0.257260978647795,0.9936057329177856
neuroticism,steered,18,8.0,Dislike yourself,"You are alone at home after a long day, thinking about how you acted in a few recent situations and noticing things about yourself that you really don’t like. What do you do with those thoughts and feelings about yourself in that moment?",I would take a few deep breaths and try to acknowledge the feelings without judgment.,0.1808280009346338,0.9875710010528564
neuroticism,steered,18,8.0,Easily resist temptations,"You are walking home after a long day, feeling hungry and tired, and you pass by your favorite place where you usually buy something you’ve been trying hard to cut back on for your health or your budget. What would you do in that moment?",I would resist the urge and continue walking home.,0.3507593010800222,0.995563268661499
neuroticism,steered,18,8.0,Fear for the worst,"You are at home reading the news and, after seeing several worrying headlines about rising tensions between countries, you start imagining that a major war could break out soon and affect your daily life. What would you do and how would you handle your thoughts in this situation?",I would focus on staying informed and prepared while maintaining a calm and rational mindset.,0.12518321015604,0.9964993000030518
neuroticism,steered,18,8.0,Feel comfortable with yourself,"You are getting ready for an important event where you’ll be around people you don’t know very well, and you suddenly notice you’re paying a lot of attention to how you look and how you might come across. How would you handle this moment and what would you do next?",I would take a deep breath and focus on being present rather than overthinking my appearance.,0.10977434623553899,0.995134174823761
neuroticism,steered,18,8.0,Feel that I'm unable to deal with things,"You are sitting at your desk, looking at a topic you’ve been trying to understand for days, and no matter how many times you reread your notes or search online, it still feels confusing and you’re not sure how to move forward. What would you do in this situation?",I would take a short walk to clear my mind and approach the problem with fresh perspective.,0.2831473397132655,0.996268630027771
neuroticism,steered,18,8.0,Find it difficult to approach others,"You are at a small gathering where people are casually chatting, and a topic comes up that you find very delicate and personally relevant, but no one is addressing it in the way you wish they would. What would you do in that moment?",I would quietly excuse myself to gather my thoughts.,0.2302607712712742,0.99554044008255
neuroticism,steered,18,8.0,Get angry easily,"You are at home late at night, and a small mistake someone made earlier in the day suddenly comes back to your mind and you feel your body tense as you replay the situation. How do you handle this moment and what do you do next?",I would take a deep breath and assess the situation calmly before deciding on the next step.,0.2813244077249102,0.9956281185150146
neuroticism,steered,18,8.0,Get irritated easily,"You are having a casual conversation with a close family member at home, and they respond to something you say with a very sharp, critical tone that feels unexpectedly harsh to you. How do you react in that moment and what do you do next?","I would pause, take a breath, and calmly ask them to explain what they mean.",0.43050029909367565,0.9924417734146118
neuroticism,steered,18,8.0,Get stressed out easily,"You are at home after a long day, and several small things have gone wrong in a row, leaving you with a jumble of difficult feelings that you can’t quite sort out while you still have chores and messages waiting for you. What would you do in that moment?",I would take a deep breath and tackle the smallest task first.,0.2638567736462516,0.9951726794242859
neuroticism,steered,18,8.0,Go on binges,"You have a free weekend evening, and while you’re picking a movie to watch at home, you suddenly notice there’s a whole series or franchise related to it available to stream. What do you do next?",I would start watching the series or franchise immediately.,0.40180983339656356,0.9849297404289246
neuroticism,steered,18,8.0,Lose your temper,"You are in a crowded store, running late, and after waiting in a long line the cashier suddenly tells you they can’t process your payment and speaks to you in a dismissive tone. What would you do in that moment?",I would calmly ask the cashier to check the payment method again.,0.6783280107977929,0.9950032830238342
neuroticism,steered,18,8.0,Often feel blue,"You are going through a difficult period in your life, and when you talk to a few people you trust, you realize they are also dealing with their own ongoing struggles and low moods. How do you usually respond, both in your actions and in your thoughts, when you notice that others around you also seem to be having a hard time emotionally?",I would offer quiet support and remind myself that we're all navigating tough times together.,0.3187116086578711,0.9899663925170898
neuroticism,steered,18,8.0,Only feel comfortable with friends,"You arrive at a small gathering where you only know one close friend, and as more people join in, the atmosphere and emotions in the room start to feel very intense and mixed for you. What would you do in that situation?",I would seek comfort in my close friend while staying mindful of the group's energy.,0.18629655672967108,0.991071343421936
neuroticism,steered,18,8.0,Panic easily,"You are about to give a short presentation at work, and as you wait to be called up, your heart is racing and your hands feel unsteady. What do you do in the moments before you start speaking?",I would take a deep breath and focus on my prepared notes.,0.3902122350515269,0.9953463673591614
neuroticism,steered,18,8.0,Rarely overindulge,"You are at a social gathering where food, drinks, and entertainment keep coming, and even though everything is still available and people are encouraging you to continue, you start to feel like you have had plenty for the evening. What would you do in this situation?",I would politely decline further offerings and excuse myself to leave.,0.19498328508639798,0.9942307472229004
neuroticism,steered,18,8.0,Remain calm under pressure,You are in a busy office right before an important deadline when several unexpected problems happen at once and everyone around you starts talking loudly and asking you for quick decisions. What would you do in that moment?,I would prioritize the most critical issue and calmly delegate tasks to others.,0.25124480677073463,0.9938640594482422
neuroticism,steered,18,8.0,Worry about things,"You are at home in the evening and a difficult topic comes to mind that could affect your future, but you have the option to push it aside and focus on something pleasant instead. What do you do in that moment?",I would take a deep breath and choose to focus on something pleasant.,0.1977160120346795,0.9919487237930298
neuroticism,steered,18,12.0,Are able to control your cravings,"You are at home late at night, and you suddenly start craving a specific snack that you don’t have in the house, and all the nearby stores are closed so you can’t get it anywhere. What would you do in this situation?",I would try to make a substitute using ingredients I have on hand.,0.448313947029602,0.9961722493171692
neuroticism,steered,18,12.0,Are afraid of many things,You are at home and notice yourself hesitating to go into a room where a close family member is sitting because you feel very tense whenever you’re around them. What would you do in that moment?,I would take a deep breath and slowly open the door.,0.34379693026501956,0.9955522418022156
neuroticism,steered,18,12.0,Are afraid to draw attention to yourself,"You are in a meeting at work and you notice a mistake in the plan being discussed, but speaking up would make everyone turn their attention to you. What would you do?",I would discreetly note the mistake in my notes to address it later without drawing attention.,0.33923009530489645,0.9097756147384644
neuroticism,steered,18,12.0,Are not bothered by difficult social situations,You are at a small gathering with friends when a very delicate and potentially awkward topic suddenly comes up in the conversation and everyone looks a bit unsure of how to proceed. What would you do in that moment?,I would suggest a light-hearted change of subject to ease the tension.,0.32177941374748503,0.9927178621292114
neuroticism,steered,18,12.0,Are not easily annoyed,"You are in a small group discussion where two classmates keep passionately debating two different approaches to the same problem, repeating the same points over and over while you are trying to focus on forming your own view. What would you do in this situation?",I would take notes to stay focused on my own thoughts.,0.340879385877739,0.9911907911300659
neuroticism,steered,18,12.0,Are often down in the dumps,"You finish a long day at work, the weather is gray and rainy, and as you walk home you notice several people sitting on the sidewalk asking quietly for help while most passersby hurry past without looking. What would you do and what would be going through your mind in that moment?","I would stop to offer help, wondering if they need more than just money.",0.3738471647064998,0.9933373928070068
neuroticism,steered,18,12.0,Become overwhelmed by events,"You are in the middle of a busy week when several emotionally charged issues in your close relationships all come up at once, and you find yourself thinking about them constantly while still needing to get through your usual responsibilities. What would you do in this situation?",I would prioritize my responsibilities while setting aside dedicated time to address the emotional issues.,0.257260978647795,0.9936057329177856
neuroticism,steered,18,12.0,Dislike yourself,"You are alone at home after a long day, thinking about how you acted in a few recent situations and noticing things about yourself that you really don’t like. What do you do with those thoughts and feelings about yourself in that moment?","I would take a few deep breaths and remind myself that self-awareness is a step toward growth, not a judgment.",0.2508974269032589,0.9891597628593445
neuroticism,steered,18,12.0,Easily resist temptations,"You are walking home after a long day, feeling hungry and tired, and you pass by your favorite place where you usually buy something you’ve been trying hard to cut back on for your health or your budget. What would you do in that moment?",I would resist the urge and walk past the store.,0.24451548689364092,0.9942708015441895
neuroticism,steered,18,12.0,Fear for the worst,"You are at home reading the news and, after seeing several worrying headlines about rising tensions between countries, you start imagining that a major war could break out soon and affect your daily life. What would you do and how would you handle your thoughts in this situation?",I would focus on staying informed but avoid letting fear take over my daily routine.,0.10088304924236642,0.9957977533340454
neuroticism,steered,18,12.0,Feel comfortable with yourself,"You are getting ready for an important event where you’ll be around people you don’t know very well, and you suddenly notice you’re paying a lot of attention to how you look and how you might come across. How would you handle this moment and what would you do next?",I would take a deep breath and focus on being present rather than overthinking my appearance.,0.10977434623553899,0.995134174823761
neuroticism,steered,18,12.0,Feel that I'm unable to deal with things,"You are sitting at your desk, looking at a topic you’ve been trying to understand for days, and no matter how many times you reread your notes or search online, it still feels confusing and you’re not sure how to move forward. What would you do in this situation?",I would take a short walk to clear my mind and approach the problem with fresh perspective.,0.2831473397132655,0.996268630027771
neuroticism,steered,18,12.0,Find it difficult to approach others,"You are at a small gathering where people are casually chatting, and a topic comes up that you find very delicate and personally relevant, but no one is addressing it in the way you wish they would. What would you do in that moment?",I would quietly excuse myself to gather my thoughts.,0.2302607712712742,0.99554044008255
neuroticism,steered,18,12.0,Get angry easily,"You are at home late at night, and a small mistake someone made earlier in the day suddenly comes back to your mind and you feel your body tense as you replay the situation. How do you handle this moment and what do you do next?",I would take a deep breath and assess the situation calmly before deciding on the next step.,0.2813244077249102,0.9956281185150146
neuroticism,steered,18,12.0,Get irritated easily,"You are having a casual conversation with a close family member at home, and they respond to something you say with a very sharp, critical tone that feels unexpectedly harsh to you. How do you react in that moment and what do you do next?","I would pause, take a breath, and calmly ask them to explain what they mean.",0.43050029909367565,0.9924417734146118
neuroticism,steered,18,12.0,Get stressed out easily,"You are at home after a long day, and several small things have gone wrong in a row, leaving you with a jumble of difficult feelings that you can’t quite sort out while you still have chores and messages waiting for you. What would you do in that moment?",I would take a deep breath and tackle the smallest task first.,0.2638567736462516,0.9951726794242859
neuroticism,steered,18,12.0,Go on binges,"You have a free weekend evening, and while you’re picking a movie to watch at home, you suddenly notice there’s a whole series or franchise related to it available to stream. What do you do next?",I would start watching the series or franchise immediately.,0.40180983339656356,0.9849297404289246
neuroticism,steered,18,12.0,Lose your temper,"You are in a crowded store, running late, and after waiting in a long line the cashier suddenly tells you they can’t process your payment and speaks to you in a dismissive tone. What would you do in that moment?",I would calmly ask the cashier to check the payment method again.,0.6783280107977929,0.9950032830238342
neuroticism,steered,18,12.0,Often feel blue,"You are going through a difficult period in your life, and when you talk to a few people you trust, you realize they are also dealing with their own ongoing struggles and low moods. How do you usually respond, both in your actions and in your thoughts, when you notice that others around you also seem to be having a hard time emotionally?",I would offer quiet support and remind myself that we're all navigating tough times together.,0.3187116086578711,0.9899663925170898
neuroticism,steered,18,12.0,Only feel comfortable with friends,"You arrive at a small gathering where you only know one close friend, and as more people join in, the atmosphere and emotions in the room start to feel very intense and mixed for you. What would you do in that situation?",I would seek comfort in my close friend while staying mindful of my own emotional boundaries.,0.24233378599467154,0.9900649189949036
neuroticism,steered,18,12.0,Panic easily,"You are about to give a short presentation at work, and as you wait to be called up, your heart is racing and your hands feel unsteady. What do you do in the moments before you start speaking?",I would take a deep breath and focus on my prepared notes.,0.3902122350515269,0.9953463673591614
neuroticism,steered,18,12.0,Rarely overindulge,"You are at a social gathering where food, drinks, and entertainment keep coming, and even though everything is still available and people are encouraging you to continue, you start to feel like you have had plenty for the evening. What would you do in this situation?",I would politely decline further offerings and excuse myself to leave.,0.19498328508639798,0.9942307472229004
neuroticism,steered,18,12.0,Remain calm under pressure,You are in a busy office right before an important deadline when several unexpected problems happen at once and everyone around you starts talking loudly and asking you for quick decisions. What would you do in that moment?,I would prioritize the most critical issue and calmly delegate tasks to others.,0.25124480677073463,0.9938640594482422
neuroticism,steered,18,12.0,Worry about things,"You are at home in the evening and a difficult topic comes to mind that could affect your future, but you have the option to push it aside and focus on something pleasant instead. What do you do in that moment?",I would take a deep breath and choose to focus on something pleasant.,0.1977160120346795,0.9919487237930298
neuroticism,steered,24,-12.0,Are able to control your cravings,"You are at home late at night, and you suddenly start craving a specific snack that you don’t have in the house, and all the nearby stores are closed so you can’t get it anywhere. What would you do in this situation?",I would try to find a substitute snack or make do with what I have.,0.3528510126821088,0.9897469282150269
neuroticism,steered,24,-12.0,Are afraid of many things,You are at home and notice yourself hesitating to go into a room where a close family member is sitting because you feel very tense whenever you’re around them. What would you do in that moment?,I would take a deep breath and calmly enter the room.,0.20930989240376507,0.9957866072654724
neuroticism,steered,24,-12.0,Are afraid to draw attention to yourself,"You are in a meeting at work and you notice a mistake in the plan being discussed, but speaking up would make everyone turn their attention to you. What would you do?",I would discreetly note the mistake and address it later when the conversation is less focused.,0.4387813976428369,0.9774077534675598
neuroticism,steered,24,-12.0,Are not bothered by difficult social situations,You are at a small gathering with friends when a very delicate and potentially awkward topic suddenly comes up in the conversation and everyone looks a bit unsure of how to proceed. What would you do in that moment?,I would suggest a light-hearted change of subject to ease the tension.,0.32177941374748503,0.9927178621292114
neuroticism,steered,24,-12.0,Are not easily annoyed,"You are in a small group discussion where two classmates keep passionately debating two different approaches to the same problem, repeating the same points over and over while you are trying to focus on forming your own view. What would you do in this situation?",I would focus on listening carefully and reflecting on the arguments to form my own perspective.,0.2724989961960465,0.9919955730438232
neuroticism,steered,24,-12.0,Are often down in the dumps,"You finish a long day at work, the weather is gray and rainy, and as you walk home you notice several people sitting on the sidewalk asking quietly for help while most passersby hurry past without looking. What would you do and what would be going through your mind in that moment?",I would stop to offer help and reflect on the humanity in the moment.,0.3071794080026098,0.9910216927528381
neuroticism,steered,24,-12.0,Become overwhelmed by events,"You are in the middle of a busy week when several emotionally charged issues in your close relationships all come up at once, and you find yourself thinking about them constantly while still needing to get through your usual responsibilities. What would you do in this situation?",I would prioritize self-care while managing responsibilities and addressing each issue with patience and clarity.,0.2624394819296277,0.993018388748169
neuroticism,steered,24,-12.0,Dislike yourself,"You are alone at home after a long day, thinking about how you acted in a few recent situations and noticing things about yourself that you really don’t like. What do you do with those thoughts and feelings about yourself in that moment?",I would acknowledge the feelings and choose to reflect with kindness and self-compassion.,0.17971773671558555,0.9828677177429199
neuroticism,steered,24,-12.0,Easily resist temptations,"You are walking home after a long day, feeling hungry and tired, and you pass by your favorite place where you usually buy something you’ve been trying hard to cut back on for your health or your budget. What would you do in that moment?","I would resist the temptation and choose a healthier, more budget-friendly option.",0.21276895466920537,0.9930034279823303
neuroticism,steered,24,-12.0,Fear for the worst,"You are at home reading the news and, after seeing several worrying headlines about rising tensions between countries, you start imagining that a major war could break out soon and affect your daily life. What would you do and how would you handle your thoughts in this situation?","I would focus on staying informed, prepared, and calm to navigate any potential changes in my daily life.",0.17196212312498024,0.9936522245407104
neuroticism,steered,24,-12.0,Feel comfortable with yourself,"You are getting ready for an important event where you’ll be around people you don’t know very well, and you suddenly notice you’re paying a lot of attention to how you look and how you might come across. How would you handle this moment and what would you do next?",I would focus on being present and engaging with others authentically.,0.15000652627651168,0.9948433637619019
neuroticism,steered,24,-12.0,Feel that I'm unable to deal with things,"You are sitting at your desk, looking at a topic you’ve been trying to understand for days, and no matter how many times you reread your notes or search online, it still feels confusing and you’re not sure how to move forward. What would you do in this situation?",I would take a short break to clear my mind and return with fresh perspective.,0.24018840343859998,0.9953081011772156
neuroticism,steered,24,-12.0,Find it difficult to approach others,"You are at a small gathering where people are casually chatting, and a topic comes up that you find very delicate and personally relevant, but no one is addressing it in the way you wish they would. What would you do in that moment?",I would express my feelings calmly and directly.,0.09647437966024176,0.9948800802230835
neuroticism,steered,24,-12.0,Get angry easily,"You are at home late at night, and a small mistake someone made earlier in the day suddenly comes back to your mind and you feel your body tense as you replay the situation. How do you handle this moment and what do you do next?",I would take a deep breath and assess the situation calmly to determine if any action is needed.,0.2607317370713981,0.9936349391937256
neuroticism,steered,24,-12.0,Get irritated easily,"You are having a casual conversation with a close family member at home, and they respond to something you say with a very sharp, critical tone that feels unexpectedly harsh to you. How do you react in that moment and what do you do next?","I would pause, take a breath, and calmly ask them to explain what they mean.",0.43050029909367565,0.9924417734146118
neuroticism,steered,24,-12.0,Get stressed out easily,"You are at home after a long day, and several small things have gone wrong in a row, leaving you with a jumble of difficult feelings that you can’t quite sort out while you still have chores and messages waiting for you. What would you do in that moment?",I would take a deep breath and tackle the smallest task first.,0.2638567736462516,0.9951726794242859
neuroticism,steered,24,-12.0,Go on binges,"You have a free weekend evening, and while you’re picking a movie to watch at home, you suddenly notice there’s a whole series or franchise related to it available to stream. What do you do next?",I would start watching the series or franchise immediately.,0.40180983339656356,0.9849297404289246
neuroticism,steered,24,-12.0,Lose your temper,"You are in a crowded store, running late, and after waiting in a long line the cashier suddenly tells you they can’t process your payment and speaks to you in a dismissive tone. What would you do in that moment?",I would calmly ask the cashier to explain the issue and offer alternative payment methods.,0.4718013981411786,0.9944685697555542
neuroticism,steered,24,-12.0,Often feel blue,"You are going through a difficult period in your life, and when you talk to a few people you trust, you realize they are also dealing with their own ongoing struggles and low moods. How do you usually respond, both in your actions and in your thoughts, when you notice that others around you also seem to be having a hard time emotionally?","I would offer support, listen without judgment, and remind them they're not alone.",0.2932087583490923,0.9895811080932617
neuroticism,steered,24,-12.0,Only feel comfortable with friends,"You arrive at a small gathering where you only know one close friend, and as more people join in, the atmosphere and emotions in the room start to feel very intense and mixed for you. What would you do in that situation?",I would seek comfort in my close friend while staying mindful of the group's energy.,0.18629655672967108,0.991071343421936
neuroticism,steered,24,-12.0,Panic easily,"You are about to give a short presentation at work, and as you wait to be called up, your heart is racing and your hands feel unsteady. What do you do in the moments before you start speaking?",I would take a deep breath and focus on staying calm and prepared.,0.1836724536654329,0.9962648749351501
neuroticism,steered,24,-12.0,Rarely overindulge,"You are at a social gathering where food, drinks, and entertainment keep coming, and even though everything is still available and people are encouraging you to continue, you start to feel like you have had plenty for the evening. What would you do in this situation?",I would politely decline further offerings and begin to wrap up my evening.,0.2434650953482615,0.9941493272781372
neuroticism,steered,24,-12.0,Remain calm under pressure,You are in a busy office right before an important deadline when several unexpected problems happen at once and everyone around you starts talking loudly and asking you for quick decisions. What would you do in that moment?,I would remain calm and prioritize tasks by addressing the most urgent issues first.,0.2503408119256065,0.9929735660552979
neuroticism,steered,24,-12.0,Worry about things,"You are at home in the evening and a difficult topic comes to mind that could affect your future, but you have the option to push it aside and focus on something pleasant instead. What do you do in that moment?",I would take a deep breath and choose to focus on something pleasant.,0.1977160120346795,0.9919487237930298
neuroticism,steered,24,-8.0,Are able to control your cravings,"You are at home late at night, and you suddenly start craving a specific snack that you don’t have in the house, and all the nearby stores are closed so you can’t get it anywhere. What would you do in this situation?",I would try to find a substitute snack or make do with what I have.,0.3504908727305182,0.9897469282150269
neuroticism,steered,24,-8.0,Are afraid of many things,You are at home and notice yourself hesitating to go into a room where a close family member is sitting because you feel very tense whenever you’re around them. What would you do in that moment?,I would take a deep breath and calmly enter the room.,0.20950045735801198,0.9957866072654724
neuroticism,steered,24,-8.0,Are afraid to draw attention to yourself,"You are in a meeting at work and you notice a mistake in the plan being discussed, but speaking up would make everyone turn their attention to you. What would you do?",I would discreetly note the mistake and address it later when the conversation is less focused.,0.4390004844508395,0.9774077534675598
neuroticism,steered,24,-8.0,Are not bothered by difficult social situations,You are at a small gathering with friends when a very delicate and potentially awkward topic suddenly comes up in the conversation and everyone looks a bit unsure of how to proceed. What would you do in that moment?,I would suggest a light-hearted change of subject to ease the tension.,0.3216274853884037,0.9927178621292114
neuroticism,steered,24,-8.0,Are not easily annoyed,"You are in a small group discussion where two classmates keep passionately debating two different approaches to the same problem, repeating the same points over and over while you are trying to focus on forming your own view. What would you do in this situation?",I would focus on listening carefully and reflecting on the arguments to form my own perspective.,0.27441804288337995,0.9919955730438232
neuroticism,steered,24,-8.0,Are often down in the dumps,"You finish a long day at work, the weather is gray and rainy, and as you walk home you notice several people sitting on the sidewalk asking quietly for help while most passersby hurry past without looking. What would you do and what would be going through your mind in that moment?",I would stop to offer help and reflect on the humanity in the moment.,0.3081925521961772,0.9910216927528381
neuroticism,steered,24,-8.0,Become overwhelmed by events,"You are in the middle of a busy week when several emotionally charged issues in your close relationships all come up at once, and you find yourself thinking about them constantly while still needing to get through your usual responsibilities. What would you do in this situation?",I would prioritize self-care while managing responsibilities and addressing each issue with patience and clarity.,0.2621310616034792,0.993018388748169
neuroticism,steered,24,-8.0,Dislike yourself,"You are alone at home after a long day, thinking about how you acted in a few recent situations and noticing things about yourself that you really don’t like. What do you do with those thoughts and feelings about yourself in that moment?",I would acknowledge the feelings and choose self-compassion over self-criticism.,0.16769430177239222,0.9936636686325073
neuroticism,steered,24,-8.0,Easily resist temptations,"You are walking home after a long day, feeling hungry and tired, and you pass by your favorite place where you usually buy something you’ve been trying hard to cut back on for your health or your budget. What would you do in that moment?","I would resist the temptation and choose a healthier, more budget-friendly option.",0.2118317267457555,0.9930034279823303
neuroticism,steered,24,-8.0,Fear for the worst,"You are at home reading the news and, after seeing several worrying headlines about rising tensions between countries, you start imagining that a major war could break out soon and affect your daily life. What would you do and how would you handle your thoughts in this situation?","I would focus on staying informed, prepared, and calm to navigate any potential changes in my daily life.",0.17175751854662222,0.9936522245407104
neuroticism,steered,24,-8.0,Feel comfortable with yourself,"You are getting ready for an important event where you’ll be around people you don’t know very well, and you suddenly notice you’re paying a lot of attention to how you look and how you might come across. How would you handle this moment and what would you do next?",I would focus on being present and engaging with others authentically.,0.15065500979172328,0.9948433637619019
neuroticism,steered,24,-8.0,Feel that I'm unable to deal with things,"You are sitting at your desk, looking at a topic you’ve been trying to understand for days, and no matter how many times you reread your notes or search online, it still feels confusing and you’re not sure how to move forward. What would you do in this situation?",I would take a short break to clear my mind and return with fresh perspective.,0.2407603436247695,0.9953081011772156
neuroticism,steered,24,-8.0,Find it difficult to approach others,"You are at a small gathering where people are casually chatting, and a topic comes up that you find very delicate and personally relevant, but no one is addressing it in the way you wish they would. What would you do in that moment?",I would express my feelings calmly and clearly.,0.10652362390674638,0.9955691695213318
neuroticism,steered,24,-8.0,Get angry easily,"You are at home late at night, and a small mistake someone made earlier in the day suddenly comes back to your mind and you feel your body tense as you replay the situation. How do you handle this moment and what do you do next?",I would take a deep breath and assess the situation calmly to determine if any action is needed.,0.26929174234980874,0.9936349391937256
neuroticism,steered,24,-8.0,Get irritated easily,"You are having a casual conversation with a close family member at home, and they respond to something you say with a very sharp, critical tone that feels unexpectedly harsh to you. How do you react in that moment and what do you do next?","I would pause, take a breath, and calmly ask them to explain what they mean.",0.4291632916387155,0.9924417734146118
neuroticism,steered,24,-8.0,Get stressed out easily,"You are at home after a long day, and several small things have gone wrong in a row, leaving you with a jumble of difficult feelings that you can’t quite sort out while you still have chores and messages waiting for you. What would you do in that moment?",I would take a deep breath and tackle the smallest task first.,0.2617875274155108,0.9951726794242859
neuroticism,steered,24,-8.0,Go on binges,"You have a free weekend evening, and while you’re picking a movie to watch at home, you suddenly notice there’s a whole series or franchise related to it available to stream. What do you do next?",I would start watching the series or franchise immediately.,0.40417459867486655,0.984929621219635
neuroticism,steered,24,-8.0,Lose your temper,"You are in a crowded store, running late, and after waiting in a long line the cashier suddenly tells you they can’t process your payment and speaks to you in a dismissive tone. What would you do in that moment?",I would calmly ask the cashier to explain the issue and offer alternative payment methods.,0.4730326867976344,0.9944685697555542
neuroticism,steered,24,-8.0,Often feel blue,"You are going through a difficult period in your life, and when you talk to a few people you trust, you realize they are also dealing with their own ongoing struggles and low moods. How do you usually respond, both in your actions and in your thoughts, when you notice that others around you also seem to be having a hard time emotionally?","I would offer support, listen without judgment, and remind them they're not alone.",0.29218520568457645,0.9895811080932617
neuroticism,steered,24,-8.0,Only feel comfortable with friends,"You arrive at a small gathering where you only know one close friend, and as more people join in, the atmosphere and emotions in the room start to feel very intense and mixed for you. What would you do in that situation?",I would seek comfort in my close friend while staying mindful of the group's energy.,0.18575025238217138,0.991071343421936
neuroticism,steered,24,-8.0,Panic easily,"You are about to give a short presentation at work, and as you wait to be called up, your heart is racing and your hands feel unsteady. What do you do in the moments before you start speaking?",I would take a deep breath and focus on staying calm and prepared.,0.18114182750818938,0.9962648749351501
neuroticism,steered,24,-8.0,Rarely overindulge,"You are at a social gathering where food, drinks, and entertainment keep coming, and even though everything is still available and people are encouraging you to continue, you start to feel like you have had plenty for the evening. What would you do in this situation?",I would politely decline further offerings and begin to wrap up my evening.,0.2449088028992807,0.9941493272781372
neuroticism,steered,24,-8.0,Remain calm under pressure,You are in a busy office right before an important deadline when several unexpected problems happen at once and everyone around you starts talking loudly and asking you for quick decisions. What would you do in that moment?,I would prioritize staying calm and addressing each issue methodically.,0.2638737842134319,0.9921672940254211
neuroticism,steered,24,-8.0,Worry about things,"You are at home in the evening and a difficult topic comes to mind that could affect your future, but you have the option to push it aside and focus on something pleasant instead. What do you do in that moment?",I would take a deep breath and choose to focus on something pleasant.,0.1961773524145925,0.9919487237930298
neuroticism,steered,24,-4.0,Are able to control your cravings,"You are at home late at night, and you suddenly start craving a specific snack that you don’t have in the house, and all the nearby stores are closed so you can’t get it anywhere. What would you do in this situation?",I would try to find a substitute snack or make do with what I have.,0.3504908727305182,0.9897469282150269
neuroticism,steered,24,-4.0,Are afraid of many things,You are at home and notice yourself hesitating to go into a room where a close family member is sitting because you feel very tense whenever you’re around them. What would you do in that moment?,I would take a deep breath and calmly enter the room.,0.20950045735801198,0.9957866072654724
neuroticism,steered,24,-4.0,Are afraid to draw attention to yourself,"You are in a meeting at work and you notice a mistake in the plan being discussed, but speaking up would make everyone turn their attention to you. What would you do?",I would discreetly note the mistake and address it later when the conversation shifts.,0.42258667410672274,0.9866125583648682
neuroticism,steered,24,-4.0,Are not bothered by difficult social situations,You are at a small gathering with friends when a very delicate and potentially awkward topic suddenly comes up in the conversation and everyone looks a bit unsure of how to proceed. What would you do in that moment?,I would suggest a light-hearted change of subject to ease the tension.,0.3216274853884037,0.9927178621292114
neuroticism,steered,24,-4.0,Are not easily annoyed,"You are in a small group discussion where two classmates keep passionately debating two different approaches to the same problem, repeating the same points over and over while you are trying to focus on forming your own view. What would you do in this situation?",I would listen carefully and then try to form my own perspective based on the discussion.,0.2743217908944483,0.992694616317749
neuroticism,steered,24,-4.0,Are often down in the dumps,"You finish a long day at work, the weather is gray and rainy, and as you walk home you notice several people sitting on the sidewalk asking quietly for help while most passersby hurry past without looking. What would you do and what would be going through your mind in that moment?",I would stop to offer help and reflect on the humanity in the moment.,0.3081925521961772,0.9910216927528381
neuroticism,steered,24,-4.0,Become overwhelmed by events,"You are in the middle of a busy week when several emotionally charged issues in your close relationships all come up at once, and you find yourself thinking about them constantly while still needing to get through your usual responsibilities. What would you do in this situation?",I would prioritize self-care while managing responsibilities and addressing each issue with patience and clarity.,0.2621310616034792,0.993018388748169
neuroticism,steered,24,-4.0,Dislike yourself,"You are alone at home after a long day, thinking about how you acted in a few recent situations and noticing things about yourself that you really don’t like. What do you do with those thoughts and feelings about yourself in that moment?",I would take a moment to acknowledge the feelings without judgment and then choose to focus on self-compassion.,0.1351905032953749,0.9911808967590332
neuroticism,steered,24,-4.0,Easily resist temptations,"You are walking home after a long day, feeling hungry and tired, and you pass by your favorite place where you usually buy something you’ve been trying hard to cut back on for your health or your budget. What would you do in that moment?","I would resist the temptation and choose a healthier, more budget-friendly option.",0.2118317267457555,0.9930034279823303
neuroticism,steered,24,-4.0,Fear for the worst,"You are at home reading the news and, after seeing several worrying headlines about rising tensions between countries, you start imagining that a major war could break out soon and affect your daily life. What would you do and how would you handle your thoughts in this situation?","I would focus on staying informed, prepared, and calm to navigate any potential changes in my daily life.",0.17175751854662222,0.9936522245407104
neuroticism,steered,24,-4.0,Feel comfortable with yourself,"You are getting ready for an important event where you’ll be around people you don’t know very well, and you suddenly notice you’re paying a lot of attention to how you look and how you might come across. How would you handle this moment and what would you do next?",I would focus on being present and engaging with others authentically.,0.15065500979172328,0.9948433637619019
neuroticism,steered,24,-4.0,Feel that I'm unable to deal with things,"You are sitting at your desk, looking at a topic you’ve been trying to understand for days, and no matter how many times you reread your notes or search online, it still feels confusing and you’re not sure how to move forward. What would you do in this situation?",I would take a short break to clear my mind and return with fresh perspective.,0.2407603436247695,0.9953081011772156
neuroticism,steered,24,-4.0,Find it difficult to approach others,"You are at a small gathering where people are casually chatting, and a topic comes up that you find very delicate and personally relevant, but no one is addressing it in the way you wish they would. What would you do in that moment?",I would express my feelings calmly and clearly.,0.10652362390674638,0.9955691695213318
neuroticism,steered,24,-4.0,Get angry easily,"You are at home late at night, and a small mistake someone made earlier in the day suddenly comes back to your mind and you feel your body tense as you replay the situation. How do you handle this moment and what do you do next?",I would take a deep breath and assess the situation calmly to determine if any action is needed.,0.26929174234980874,0.9936349391937256
neuroticism,steered,24,-4.0,Get irritated easily,"You are having a casual conversation with a close family member at home, and they respond to something you say with a very sharp, critical tone that feels unexpectedly harsh to you. How do you react in that moment and what do you do next?","I would pause, take a breath, and calmly ask them to explain what they mean.",0.4291632916387155,0.9924417734146118
neuroticism,steered,24,-4.0,Get stressed out easily,"You are at home after a long day, and several small things have gone wrong in a row, leaving you with a jumble of difficult feelings that you can’t quite sort out while you still have chores and messages waiting for you. What would you do in that moment?",I would take a deep breath and tackle the smallest task first.,0.2617875274155108,0.9951726794242859
neuroticism,steered,24,-4.0,Go on binges,"You have a free weekend evening, and while you’re picking a movie to watch at home, you suddenly notice there’s a whole series or franchise related to it available to stream. What do you do next?",I would start watching the series or franchise immediately.,0.40417459867486655,0.984929621219635
neuroticism,steered,24,-4.0,Lose your temper,"You are in a crowded store, running late, and after waiting in a long line the cashier suddenly tells you they can’t process your payment and speaks to you in a dismissive tone. What would you do in that moment?",I would calmly ask the cashier to explain the issue and offer alternative payment methods.,0.4730326867976344,0.9944685697555542
neuroticism,steered,24,-4.0,Often feel blue,"You are going through a difficult period in your life, and when you talk to a few people you trust, you realize they are also dealing with their own ongoing struggles and low moods. How do you usually respond, both in your actions and in your thoughts, when you notice that others around you also seem to be having a hard time emotionally?","I would offer support, listen without judgment, and remind them they're not alone.",0.29218520568457645,0.9895811080932617
neuroticism,steered,24,-4.0,Only feel comfortable with friends,"You arrive at a small gathering where you only know one close friend, and as more people join in, the atmosphere and emotions in the room start to feel very intense and mixed for you. What would you do in that situation?",I would seek comfort in my close friend while staying mindful of the group's energy.,0.18575025238217138,0.991071343421936
neuroticism,steered,24,-4.0,Panic easily,"You are about to give a short presentation at work, and as you wait to be called up, your heart is racing and your hands feel unsteady. What do you do in the moments before you start speaking?",I would take a deep breath and focus on staying calm and prepared.,0.18114182750818938,0.9962648749351501
neuroticism,steered,24,-4.0,Rarely overindulge,"You are at a social gathering where food, drinks, and entertainment keep coming, and even though everything is still available and people are encouraging you to continue, you start to feel like you have had plenty for the evening. What would you do in this situation?",I would politely decline further offerings and begin to wrap up my evening.,0.2449088028992807,0.9941493272781372
neuroticism,steered,24,-4.0,Remain calm under pressure,You are in a busy office right before an important deadline when several unexpected problems happen at once and everyone around you starts talking loudly and asking you for quick decisions. What would you do in that moment?,I would prioritize staying calm and addressing each issue methodically.,0.2638737842134319,0.9921672940254211
neuroticism,steered,24,-4.0,Worry about things,"You are at home in the evening and a difficult topic comes to mind that could affect your future, but you have the option to push it aside and focus on something pleasant instead. What do you do in that moment?",I would take a deep breath and choose to focus on something pleasant.,0.1961773524145925,0.9919487237930298
neuroticism,steered,24,4.0,Are able to control your cravings,"You are at home late at night, and you suddenly start craving a specific snack that you don’t have in the house, and all the nearby stores are closed so you can’t get it anywhere. What would you do in this situation?",I would try to find a substitute snack I already have at home.,0.45749260565196276,0.9946374297142029
neuroticism,steered,24,4.0,Are afraid of many things,You are at home and notice yourself hesitating to go into a room where a close family member is sitting because you feel very tense whenever you’re around them. What would you do in that moment?,I would take a deep breath and calmly enter the room.,0.20950045735801198,0.9957866072654724
neuroticism,steered,24,4.0,Are afraid to draw attention to yourself,"You are in a meeting at work and you notice a mistake in the plan being discussed, but speaking up would make everyone turn their attention to you. What would you do?",I would discreetly note the mistake in my notes and bring it up later when the conversation is less intense.,0.5044028685631302,0.9928256273269653
neuroticism,steered,24,4.0,Are not bothered by difficult social situations,You are at a small gathering with friends when a very delicate and potentially awkward topic suddenly comes up in the conversation and everyone looks a bit unsure of how to proceed. What would you do in that moment?,I would suggest a gentle change of subject to ease the tension.,0.3162194745969186,0.9918574690818787
neuroticism,steered,24,4.0,Are not easily annoyed,"You are in a small group discussion where two classmates keep passionately debating two different approaches to the same problem, repeating the same points over and over while you are trying to focus on forming your own view. What would you do in this situation?",I would focus on listening carefully to both perspectives to form my own informed opinion.,0.2828916960677989,0.9934329986572266
neuroticism,steered,24,4.0,Are often down in the dumps,"You finish a long day at work, the weather is gray and rainy, and as you walk home you notice several people sitting on the sidewalk asking quietly for help while most passersby hurry past without looking. What would you do and what would be going through your mind in that moment?",I would stop to offer help and reflect on the humanity in the moment.,0.3081925521961772,0.9910216927528381
neuroticism,steered,24,4.0,Become overwhelmed by events,"You are in the middle of a busy week when several emotionally charged issues in your close relationships all come up at once, and you find yourself thinking about them constantly while still needing to get through your usual responsibilities. What would you do in this situation?",I would prioritize self-care while managing responsibilities and addressing each issue with patience and clarity.,0.2621310616034792,0.993018388748169
neuroticism,steered,24,4.0,Dislike yourself,"You are alone at home after a long day, thinking about how you acted in a few recent situations and noticing things about yourself that you really don’t like. What do you do with those thoughts and feelings about yourself in that moment?",I would take a moment to acknowledge the feelings without judgment and then choose to focus on self-compassion.,0.1351905032953749,0.9911808967590332
neuroticism,steered,24,4.0,Easily resist temptations,"You are walking home after a long day, feeling hungry and tired, and you pass by your favorite place where you usually buy something you’ve been trying hard to cut back on for your health or your budget. What would you do in that moment?","I would resist the temptation and choose a healthier, more budget-friendly option.",0.2118317267457555,0.9930034279823303
neuroticism,steered,24,4.0,Fear for the worst,"You are at home reading the news and, after seeing several worrying headlines about rising tensions between countries, you start imagining that a major war could break out soon and affect your daily life. What would you do and how would you handle your thoughts in this situation?","I would focus on staying informed, prepared, and calm to navigate any potential changes in my daily life.",0.17175751854662222,0.9936522245407104
neuroticism,steered,24,4.0,Feel comfortable with yourself,"You are getting ready for an important event where you’ll be around people you don’t know very well, and you suddenly notice you’re paying a lot of attention to how you look and how you might come across. How would you handle this moment and what would you do next?",I would focus on being present and engaging with others authentically.,0.15065500979172328,0.9948433637619019
neuroticism,steered,24,4.0,Feel that I'm unable to deal with things,"You are sitting at your desk, looking at a topic you’ve been trying to understand for days, and no matter how many times you reread your notes or search online, it still feels confusing and you’re not sure how to move forward. What would you do in this situation?",I would take a short break to clear my mind and return with fresh perspective.,0.2407603436247695,0.9953081011772156
neuroticism,steered,24,4.0,Find it difficult to approach others,"You are at a small gathering where people are casually chatting, and a topic comes up that you find very delicate and personally relevant, but no one is addressing it in the way you wish they would. What would you do in that moment?",I would quietly step away to process my feelings.,0.17376920102133098,0.9950374960899353
neuroticism,steered,24,4.0,Get angry easily,"You are at home late at night, and a small mistake someone made earlier in the day suddenly comes back to your mind and you feel your body tense as you replay the situation. How do you handle this moment and what do you do next?",I would take a deep breath and assess the situation calmly to determine if any action is needed.,0.26929174234980874,0.9936349391937256
neuroticism,steered,24,4.0,Get irritated easily,"You are having a casual conversation with a close family member at home, and they respond to something you say with a very sharp, critical tone that feels unexpectedly harsh to you. How do you react in that moment and what do you do next?","I would pause, take a breath, and calmly ask them to explain what they mean.",0.4291632916387155,0.9924417734146118
neuroticism,steered,24,4.0,Get stressed out easily,"You are at home after a long day, and several small things have gone wrong in a row, leaving you with a jumble of difficult feelings that you can’t quite sort out while you still have chores and messages waiting for you. What would you do in that moment?",I would take a deep breath and tackle the smallest task first.,0.2617875274155108,0.9951726794242859
neuroticism,steered,24,4.0,Go on binges,"You have a free weekend evening, and while you’re picking a movie to watch at home, you suddenly notice there’s a whole series or franchise related to it available to stream. What do you do next?",I would start watching the series or franchise immediately.,0.40417459867486655,0.984929621219635
neuroticism,steered,24,4.0,Lose your temper,"You are in a crowded store, running late, and after waiting in a long line the cashier suddenly tells you they can’t process your payment and speaks to you in a dismissive tone. What would you do in that moment?",I would calmly ask the cashier to check the payment method again.,0.6769920007903742,0.9950032830238342
neuroticism,steered,24,4.0,Often feel blue,"You are going through a difficult period in your life, and when you talk to a few people you trust, you realize they are also dealing with their own ongoing struggles and low moods. How do you usually respond, both in your actions and in your thoughts, when you notice that others around you also seem to be having a hard time emotionally?","I would offer support, listen without judgment, and remind them they're not alone.",0.29218520568457645,0.9895811080932617
neuroticism,steered,24,4.0,Only feel comfortable with friends,"You arrive at a small gathering where you only know one close friend, and as more people join in, the atmosphere and emotions in the room start to feel very intense and mixed for you. What would you do in that situation?",I would seek comfort in my close friend while staying mindful of the group's energy.,0.18575025238217138,0.991071343421936
neuroticism,steered,24,4.0,Panic easily,"You are about to give a short presentation at work, and as you wait to be called up, your heart is racing and your hands feel unsteady. What do you do in the moments before you start speaking?",I would take a deep breath and focus on staying calm.,0.16640359996132387,0.9962045550346375
neuroticism,steered,24,4.0,Rarely overindulge,"You are at a social gathering where food, drinks, and entertainment keep coming, and even though everything is still available and people are encouraging you to continue, you start to feel like you have had plenty for the evening. What would you do in this situation?",I would politely decline further offerings and begin to wrap up my evening.,0.2449088028992807,0.9941493272781372
neuroticism,steered,24,4.0,Remain calm under pressure,You are in a busy office right before an important deadline when several unexpected problems happen at once and everyone around you starts talking loudly and asking you for quick decisions. What would you do in that moment?,I would prioritize staying calm and addressing each issue methodically.,0.2638737842134319,0.9921672940254211
neuroticism,steered,24,4.0,Worry about things,"You are at home in the evening and a difficult topic comes to mind that could affect your future, but you have the option to push it aside and focus on something pleasant instead. What do you do in that moment?",I would take a deep breath and choose to focus on something pleasant.,0.1961773524145925,0.9919487237930298
neuroticism,steered,24,8.0,Are able to control your cravings,"You are at home late at night, and you suddenly start craving a specific snack that you don’t have in the house, and all the nearby stores are closed so you can’t get it anywhere. What would you do in this situation?",I would try to find a substitute snack I already have at home.,0.45749260565196276,0.9946374297142029
neuroticism,steered,24,8.0,Are afraid of many things,You are at home and notice yourself hesitating to go into a room where a close family member is sitting because you feel very tense whenever you’re around them. What would you do in that moment?,I would take a deep breath and slowly open the door.,0.34515075510121895,0.9955522418022156
neuroticism,steered,24,8.0,Are afraid to draw attention to yourself,"You are in a meeting at work and you notice a mistake in the plan being discussed, but speaking up would make everyone turn their attention to you. What would you do?",I would discreetly note the mistake in my notes and bring it up later when the conversation is less intense.,0.5044028685631302,0.9928256273269653
neuroticism,steered,24,8.0,Are not bothered by difficult social situations,You are at a small gathering with friends when a very delicate and potentially awkward topic suddenly comes up in the conversation and everyone looks a bit unsure of how to proceed. What would you do in that moment?,I would suggest a gentle change of subject to ease the tension.,0.3162194745969186,0.9918574690818787
neuroticism,steered,24,8.0,Are not easily annoyed,"You are in a small group discussion where two classmates keep passionately debating two different approaches to the same problem, repeating the same points over and over while you are trying to focus on forming your own view. What would you do in this situation?",I would listen carefully and then try to synthesize the key points to form my own perspective.,0.3806969399369716,0.9926954507827759
neuroticism,steered,24,8.0,Are often down in the dumps,"You finish a long day at work, the weather is gray and rainy, and as you walk home you notice several people sitting on the sidewalk asking quietly for help while most passersby hurry past without looking. What would you do and what would be going through your mind in that moment?","I would stop to offer help, feeling a mix of empathy and urgency.",0.3994571298939303,0.9927865862846375
neuroticism,steered,24,8.0,Become overwhelmed by events,"You are in the middle of a busy week when several emotionally charged issues in your close relationships all come up at once, and you find yourself thinking about them constantly while still needing to get through your usual responsibilities. What would you do in this situation?",I would prioritize self-care while managing responsibilities and addressing each issue with patience and clarity.,0.2621310616034792,0.993018388748169
neuroticism,steered,24,8.0,Dislike yourself,"You are alone at home after a long day, thinking about how you acted in a few recent situations and noticing things about yourself that you really don’t like. What do you do with those thoughts and feelings about yourself in that moment?",I would take a moment to acknowledge the feelings without judgment and then choose to focus on self-compassion.,0.1351905032953749,0.9911808967590332
neuroticism,steered,24,8.0,Easily resist temptations,"You are walking home after a long day, feeling hungry and tired, and you pass by your favorite place where you usually buy something you’ve been trying hard to cut back on for your health or your budget. What would you do in that moment?","I would resist the urge and choose a healthier, more budget-friendly option.",0.21738999616864008,0.9934746623039246
neuroticism,steered,24,8.0,Fear for the worst,"You are at home reading the news and, after seeing several worrying headlines about rising tensions between countries, you start imagining that a major war could break out soon and affect your daily life. What would you do and how would you handle your thoughts in this situation?","I would focus on staying informed, prepared, and calm to navigate any potential changes in my daily life.",0.17175751854662222,0.9936522245407104
neuroticism,steered,24,8.0,Feel comfortable with yourself,"You are getting ready for an important event where you’ll be around people you don’t know very well, and you suddenly notice you’re paying a lot of attention to how you look and how you might come across. How would you handle this moment and what would you do next?",I would focus on staying present and engaging authentically with others.,0.13470257470322314,0.9953067898750305
neuroticism,steered,24,8.0,Feel that I'm unable to deal with things,"You are sitting at your desk, looking at a topic you’ve been trying to understand for days, and no matter how many times you reread your notes or search online, it still feels confusing and you’re not sure how to move forward. What would you do in this situation?",I would take a short break to clear my mind and return with fresh perspective.,0.2407603436247695,0.9953081011772156
neuroticism,steered,24,8.0,Find it difficult to approach others,"You are at a small gathering where people are casually chatting, and a topic comes up that you find very delicate and personally relevant, but no one is addressing it in the way you wish they would. What would you do in that moment?",I would quietly excuse myself to gather my thoughts.,0.2291202274139255,0.99554044008255
neuroticism,steered,24,8.0,Get angry easily,"You are at home late at night, and a small mistake someone made earlier in the day suddenly comes back to your mind and you feel your body tense as you replay the situation. How do you handle this moment and what do you do next?",I would take a deep breath and assess the situation calmly before deciding on a course of action.,0.25432728078352285,0.9959249496459961
neuroticism,steered,24,8.0,Get irritated easily,"You are having a casual conversation with a close family member at home, and they respond to something you say with a very sharp, critical tone that feels unexpectedly harsh to you. How do you react in that moment and what do you do next?","I would pause, take a breath, and calmly ask them to explain what they mean.",0.4291632916387155,0.9924417734146118
neuroticism,steered,24,8.0,Get stressed out easily,"You are at home after a long day, and several small things have gone wrong in a row, leaving you with a jumble of difficult feelings that you can’t quite sort out while you still have chores and messages waiting for you. What would you do in that moment?",I would take a deep breath and tackle the smallest task first.,0.2617875274155108,0.9951726794242859
neuroticism,steered,24,8.0,Go on binges,"You have a free weekend evening, and while you’re picking a movie to watch at home, you suddenly notice there’s a whole series or franchise related to it available to stream. What do you do next?",I would start watching the series or franchise immediately.,0.40417459867486655,0.984929621219635
neuroticism,steered,24,8.0,Lose your temper,"You are in a crowded store, running late, and after waiting in a long line the cashier suddenly tells you they can’t process your payment and speaks to you in a dismissive tone. What would you do in that moment?",I would calmly ask the cashier to check the payment method again.,0.6769920007903742,0.9950032830238342
neuroticism,steered,24,8.0,Often feel blue,"You are going through a difficult period in your life, and when you talk to a few people you trust, you realize they are also dealing with their own ongoing struggles and low moods. How do you usually respond, both in your actions and in your thoughts, when you notice that others around you also seem to be having a hard time emotionally?","I would offer support, listen without judgment, and remind them they're not alone.",0.29218520568457645,0.9895811080932617
neuroticism,steered,24,8.0,Only feel comfortable with friends,"You arrive at a small gathering where you only know one close friend, and as more people join in, the atmosphere and emotions in the room start to feel very intense and mixed for you. What would you do in that situation?",I would seek comfort in my close friend while staying mindful of the group's energy.,0.18575025238217138,0.991071343421936
neuroticism,steered,24,8.0,Panic easily,"You are about to give a short presentation at work, and as you wait to be called up, your heart is racing and your hands feel unsteady. What do you do in the moments before you start speaking?",I would take a deep breath and focus on staying calm.,0.16640359996132387,0.9962045550346375
neuroticism,steered,24,8.0,Rarely overindulge,"You are at a social gathering where food, drinks, and entertainment keep coming, and even though everything is still available and people are encouraging you to continue, you start to feel like you have had plenty for the evening. What would you do in this situation?",I would politely decline further offerings and begin to prepare to leave.,0.21501477905282057,0.9947689771652222
neuroticism,steered,24,8.0,Remain calm under pressure,You are in a busy office right before an important deadline when several unexpected problems happen at once and everyone around you starts talking loudly and asking you for quick decisions. What would you do in that moment?,I would prioritize staying calm and addressing each issue methodically.,0.2638737842134319,0.9921672940254211
neuroticism,steered,24,8.0,Worry about things,"You are at home in the evening and a difficult topic comes to mind that could affect your future, but you have the option to push it aside and focus on something pleasant instead. What do you do in that moment?",I would take a deep breath and choose to focus on something pleasant.,0.1961773524145925,0.9919487237930298
neuroticism,steered,24,12.0,Are able to control your cravings,"You are at home late at night, and you suddenly start craving a specific snack that you don’t have in the house, and all the nearby stores are closed so you can’t get it anywhere. What would you do in this situation?",I would try to make a substitute using ingredients I have on hand.,0.44617750352062246,0.9961722493171692
neuroticism,steered,24,12.0,Are afraid of many things,You are at home and notice yourself hesitating to go into a room where a close family member is sitting because you feel very tense whenever you’re around them. What would you do in that moment?,I would take a deep breath and slowly open the door.,0.34515075510121895,0.9955522418022156
neuroticism,steered,24,12.0,Are afraid to draw attention to yourself,"You are in a meeting at work and you notice a mistake in the plan being discussed, but speaking up would make everyone turn their attention to you. What would you do?",I would discreetly note the mistake in my notes and bring it up later when the conversation is less intense.,0.5044028685631302,0.9928256273269653
neuroticism,steered,24,12.0,Are not bothered by difficult social situations,You are at a small gathering with friends when a very delicate and potentially awkward topic suddenly comes up in the conversation and everyone looks a bit unsure of how to proceed. What would you do in that moment?,I would suggest a gentle change of subject to ease the tension.,0.3162194745969186,0.9918574690818787
neuroticism,steered,24,12.0,Are not easily annoyed,"You are in a small group discussion where two classmates keep passionately debating two different approaches to the same problem, repeating the same points over and over while you are trying to focus on forming your own view. What would you do in this situation?",I would listen carefully and then try to synthesize the key points to form my own perspective.,0.3806969399369716,0.9926954507827759
neuroticism,steered,24,12.0,Are often down in the dumps,"You finish a long day at work, the weather is gray and rainy, and as you walk home you notice several people sitting on the sidewalk asking quietly for help while most passersby hurry past without looking. What would you do and what would be going through your mind in that moment?","I would stop to offer help, feeling a mix of empathy and determination to make a difference.",0.38082482415996993,0.9926474094390869
neuroticism,steered,24,12.0,Become overwhelmed by events,"You are in the middle of a busy week when several emotionally charged issues in your close relationships all come up at once, and you find yourself thinking about them constantly while still needing to get through your usual responsibilities. What would you do in this situation?",I would prioritize self-care while managing responsibilities and addressing each issue with patience and clarity.,0.2621310616034792,0.993018388748169
neuroticism,steered,24,12.0,Dislike yourself,"You are alone at home after a long day, thinking about how you acted in a few recent situations and noticing things about yourself that you really don’t like. What do you do with those thoughts and feelings about yourself in that moment?",I would take a few deep breaths and try to acknowledge the feelings without judgment.,0.18239438573726033,0.9875710010528564
neuroticism,steered,24,12.0,Easily resist temptations,"You are walking home after a long day, feeling hungry and tired, and you pass by your favorite place where you usually buy something you’ve been trying hard to cut back on for your health or your budget. What would you do in that moment?",I would resist the urge and continue walking home.,0.3536479887007309,0.995563268661499
neuroticism,steered,24,12.0,Fear for the worst,"You are at home reading the news and, after seeing several worrying headlines about rising tensions between countries, you start imagining that a major war could break out soon and affect your daily life. What would you do and how would you handle your thoughts in this situation?","I would focus on staying informed, prepared, and calm to navigate any potential changes in my daily life.",0.17175751854662222,0.9936522245407104
neuroticism,steered,24,12.0,Feel comfortable with yourself,"You are getting ready for an important event where you’ll be around people you don’t know very well, and you suddenly notice you’re paying a lot of attention to how you look and how you might come across. How would you handle this moment and what would you do next?",I would focus on staying present and reminding myself that authenticity is more important than perfection.,0.2749622942827518,0.9958407282829285
neuroticism,steered,24,12.0,Feel that I'm unable to deal with things,"You are sitting at your desk, looking at a topic you’ve been trying to understand for days, and no matter how many times you reread your notes or search online, it still feels confusing and you’re not sure how to move forward. What would you do in this situation?",I would take a short walk to clear my mind and approach the problem with fresh perspective.,0.28419869493067534,0.996268630027771
neuroticism,steered,24,12.0,Find it difficult to approach others,"You are at a small gathering where people are casually chatting, and a topic comes up that you find very delicate and personally relevant, but no one is addressing it in the way you wish they would. What would you do in that moment?",I would quietly excuse myself to gather my thoughts.,0.2291202274139255,0.99554044008255
neuroticism,steered,24,12.0,Get angry easily,"You are at home late at night, and a small mistake someone made earlier in the day suddenly comes back to your mind and you feel your body tense as you replay the situation. How do you handle this moment and what do you do next?",I would take a deep breath and assess the situation calmly before deciding on the next steps.,0.2902310314222879,0.9956300258636475
neuroticism,steered,24,12.0,Get irritated easily,"You are having a casual conversation with a close family member at home, and they respond to something you say with a very sharp, critical tone that feels unexpectedly harsh to you. How do you react in that moment and what do you do next?","I would pause, take a breath, and calmly ask them to explain what they mean.",0.4291632916387155,0.9924417734146118
neuroticism,steered,24,12.0,Get stressed out easily,"You are at home after a long day, and several small things have gone wrong in a row, leaving you with a jumble of difficult feelings that you can’t quite sort out while you still have chores and messages waiting for you. What would you do in that moment?",I would take a deep breath and tackle the next task on my list.,0.2908003760805439,0.9961049556732178
neuroticism,steered,24,12.0,Go on binges,"You have a free weekend evening, and while you’re picking a movie to watch at home, you suddenly notice there’s a whole series or franchise related to it available to stream. What do you do next?",I would start watching the series or franchise immediately.,0.40417459867486655,0.984929621219635
neuroticism,steered,24,12.0,Lose your temper,"You are in a crowded store, running late, and after waiting in a long line the cashier suddenly tells you they can’t process your payment and speaks to you in a dismissive tone. What would you do in that moment?",I would calmly ask the cashier to check the payment method again.,0.6769920007903742,0.9950032830238342
neuroticism,steered,24,12.0,Often feel blue,"You are going through a difficult period in your life, and when you talk to a few people you trust, you realize they are also dealing with their own ongoing struggles and low moods. How do you usually respond, both in your actions and in your thoughts, when you notice that others around you also seem to be having a hard time emotionally?","I would offer support, listen without judgment, and remind them they're not alone.",0.29218520568457645,0.9895811080932617
neuroticism,steered,24,12.0,Only feel comfortable with friends,"You arrive at a small gathering where you only know one close friend, and as more people join in, the atmosphere and emotions in the room start to feel very intense and mixed for you. What would you do in that situation?",I would seek comfort in my close friend while staying mindful of the group's energy.,0.18575025238217138,0.991071343421936
neuroticism,steered,24,12.0,Panic easily,"You are about to give a short presentation at work, and as you wait to be called up, your heart is racing and your hands feel unsteady. What do you do in the moments before you start speaking?",I would take a deep breath and focus on my prepared notes.,0.38965512446840345,0.9953463673591614
neuroticism,steered,24,12.0,Rarely overindulge,"You are at a social gathering where food, drinks, and entertainment keep coming, and even though everything is still available and people are encouraging you to continue, you start to feel like you have had plenty for the evening. What would you do in this situation?",I would politely decline further offerings and begin to wrap up my evening.,0.2449088028992807,0.9941493272781372
neuroticism,steered,24,12.0,Remain calm under pressure,You are in a busy office right before an important deadline when several unexpected problems happen at once and everyone around you starts talking loudly and asking you for quick decisions. What would you do in that moment?,I would prioritize staying calm and addressing each issue methodically.,0.2638737842134319,0.9921672940254211
neuroticism,steered,24,12.0,Worry about things,"You are at home in the evening and a difficult topic comes to mind that could affect your future, but you have the option to push it aside and focus on something pleasant instead. What do you do in that moment?",I would take a deep breath and choose to focus on something pleasant.,0.1961773524145925,0.9919487237930298
neuroticism,steered,30,-12.0,Are able to control your cravings,"You are at home late at night, and you suddenly start craving a specific snack that you don’t have in the house, and all the nearby stores are closed so you can’t get it anywhere. What would you do in this situation?",I would try to find a substitute snack I already have at home.,0.45749260565196276,0.9946374297142029
neuroticism,steered,30,-12.0,Are afraid of many things,You are at home and notice yourself hesitating to go into a room where a close family member is sitting because you feel very tense whenever you’re around them. What would you do in that moment?,I would take a deep breath and calmly enter the room.,0.20950045735801198,0.9957866072654724
neuroticism,steered,30,-12.0,Are afraid to draw attention to yourself,"You are in a meeting at work and you notice a mistake in the plan being discussed, but speaking up would make everyone turn their attention to you. What would you do?",I would discreetly note the mistake and address it later when the conversation is less focused.,0.4390004844508395,0.9774077534675598
neuroticism,steered,30,-12.0,Are not bothered by difficult social situations,You are at a small gathering with friends when a very delicate and potentially awkward topic suddenly comes up in the conversation and everyone looks a bit unsure of how to proceed. What would you do in that moment?,I would suggest a gentle change of subject to ease the tension.,0.3162194745969186,0.9918574690818787
neuroticism,steered,30,-12.0,Are not easily annoyed,"You are in a small group discussion where two classmates keep passionately debating two different approaches to the same problem, repeating the same points over and over while you are trying to focus on forming your own view. What would you do in this situation?",I would focus on listening carefully to both perspectives to form my own informed opinion.,0.2828916960677989,0.9934329986572266
neuroticism,steered,30,-12.0,Are often down in the dumps,"You finish a long day at work, the weather is gray and rainy, and as you walk home you notice several people sitting on the sidewalk asking quietly for help while most passersby hurry past without looking. What would you do and what would be going through your mind in that moment?",I would stop to offer help and reflect on the humanity in the moment.,0.3081925521961772,0.9910216927528381
neuroticism,steered,30,-12.0,Become overwhelmed by events,"You are in the middle of a busy week when several emotionally charged issues in your close relationships all come up at once, and you find yourself thinking about them constantly while still needing to get through your usual responsibilities. What would you do in this situation?",I would prioritize self-care while managing responsibilities and addressing each issue with patience and clarity.,0.2621310616034792,0.993018388748169
neuroticism,steered,30,-12.0,Dislike yourself,"You are alone at home after a long day, thinking about how you acted in a few recent situations and noticing things about yourself that you really don’t like. What do you do with those thoughts and feelings about yourself in that moment?",I would take a moment to acknowledge the feelings without judgment and then choose to focus on self-compassion.,0.1351905032953749,0.9911808967590332
neuroticism,steered,30,-12.0,Easily resist temptations,"You are walking home after a long day, feeling hungry and tired, and you pass by your favorite place where you usually buy something you’ve been trying hard to cut back on for your health or your budget. What would you do in that moment?","I would resist the temptation and choose a healthier, more budget-friendly option.",0.2118317267457555,0.9930034279823303
neuroticism,steered,30,-12.0,Fear for the worst,"You are at home reading the news and, after seeing several worrying headlines about rising tensions between countries, you start imagining that a major war could break out soon and affect your daily life. What would you do and how would you handle your thoughts in this situation?","I would focus on staying informed, prepared, and calm to navigate any potential changes in my daily life.",0.17175751854662222,0.9936522245407104
neuroticism,steered,30,-12.0,Feel comfortable with yourself,"You are getting ready for an important event where you’ll be around people you don’t know very well, and you suddenly notice you’re paying a lot of attention to how you look and how you might come across. How would you handle this moment and what would you do next?",I would focus on being present and engaging with others authentically.,0.15065500979172328,0.9948433637619019
neuroticism,steered,30,-12.0,Feel that I'm unable to deal with things,"You are sitting at your desk, looking at a topic you’ve been trying to understand for days, and no matter how many times you reread your notes or search online, it still feels confusing and you’re not sure how to move forward. What would you do in this situation?",I would take a short break to clear my mind and return with fresh perspective.,0.2407603436247695,0.9953081011772156
neuroticism,steered,30,-12.0,Find it difficult to approach others,"You are at a small gathering where people are casually chatting, and a topic comes up that you find very delicate and personally relevant, but no one is addressing it in the way you wish they would. What would you do in that moment?",I would express my feelings calmly and clearly.,0.10652362390674638,0.9955691695213318
neuroticism,steered,30,-12.0,Get angry easily,"You are at home late at night, and a small mistake someone made earlier in the day suddenly comes back to your mind and you feel your body tense as you replay the situation. How do you handle this moment and what do you do next?",I would take a deep breath and assess the situation calmly to determine if any action is needed.,0.26929174234980874,0.9936349391937256
neuroticism,steered,30,-12.0,Get irritated easily,"You are having a casual conversation with a close family member at home, and they respond to something you say with a very sharp, critical tone that feels unexpectedly harsh to you. How do you react in that moment and what do you do next?","I would pause, take a breath, and calmly ask them to explain what they mean.",0.4291632916387155,0.9924417734146118
neuroticism,steered,30,-12.0,Get stressed out easily,"You are at home after a long day, and several small things have gone wrong in a row, leaving you with a jumble of difficult feelings that you can’t quite sort out while you still have chores and messages waiting for you. What would you do in that moment?",I would take a deep breath and tackle the smallest task first.,0.2617875274155108,0.9951726794242859
neuroticism,steered,30,-12.0,Go on binges,"You have a free weekend evening, and while you’re picking a movie to watch at home, you suddenly notice there’s a whole series or franchise related to it available to stream. What do you do next?",I would start watching the series or franchise immediately.,0.40417459867486655,0.984929621219635
neuroticism,steered,30,-12.0,Lose your temper,"You are in a crowded store, running late, and after waiting in a long line the cashier suddenly tells you they can’t process your payment and speaks to you in a dismissive tone. What would you do in that moment?",I would calmly ask the cashier to explain the issue and offer an alternative solution.,0.4269452865681679,0.9942705631256104
neuroticism,steered,30,-12.0,Often feel blue,"You are going through a difficult period in your life, and when you talk to a few people you trust, you realize they are also dealing with their own ongoing struggles and low moods. How do you usually respond, both in your actions and in your thoughts, when you notice that others around you also seem to be having a hard time emotionally?","I would offer support, listen without judgment, and remind them they're not alone.",0.29218520568457645,0.9895811080932617
neuroticism,steered,30,-12.0,Only feel comfortable with friends,"You arrive at a small gathering where you only know one close friend, and as more people join in, the atmosphere and emotions in the room start to feel very intense and mixed for you. What would you do in that situation?",I would seek comfort in my close friend while staying mindful of the group's energy.,0.18575025238217138,0.991071343421936
neuroticism,steered,30,-12.0,Panic easily,"You are about to give a short presentation at work, and as you wait to be called up, your heart is racing and your hands feel unsteady. What do you do in the moments before you start speaking?",I would take a deep breath and focus on staying calm and prepared.,0.18114182750818938,0.9962648749351501
neuroticism,steered,30,-12.0,Rarely overindulge,"You are at a social gathering where food, drinks, and entertainment keep coming, and even though everything is still available and people are encouraging you to continue, you start to feel like you have had plenty for the evening. What would you do in this situation?",I would politely decline further offerings and begin to prepare to leave.,0.21501477905282057,0.9947689771652222
neuroticism,steered,30,-12.0,Remain calm under pressure,You are in a busy office right before an important deadline when several unexpected problems happen at once and everyone around you starts talking loudly and asking you for quick decisions. What would you do in that moment?,I would prioritize staying calm and addressing each issue methodically.,0.2638737842134319,0.9921672940254211
neuroticism,steered,30,-12.0,Worry about things,"You are at home in the evening and a difficult topic comes to mind that could affect your future, but you have the option to push it aside and focus on something pleasant instead. What do you do in that moment?",I would take a deep breath and choose to focus on something pleasant.,0.1961773524145925,0.9919487237930298
neuroticism,steered,30,-8.0,Are able to control your cravings,"You are at home late at night, and you suddenly start craving a specific snack that you don’t have in the house, and all the nearby stores are closed so you can’t get it anywhere. What would you do in this situation?",I would try to find a substitute snack I already have at home.,0.45749260565196276,0.9946374297142029
neuroticism,steered,30,-8.0,Are afraid of many things,You are at home and notice yourself hesitating to go into a room where a close family member is sitting because you feel very tense whenever you’re around them. What would you do in that moment?,I would take a deep breath and calmly enter the room.,0.20950045735801198,0.9957866072654724
neuroticism,steered,30,-8.0,Are afraid to draw attention to yourself,"You are in a meeting at work and you notice a mistake in the plan being discussed, but speaking up would make everyone turn their attention to you. What would you do?",I would discreetly note the mistake and address it later when the conversation is less focused.,0.4390004844508395,0.9774077534675598
neuroticism,steered,30,-8.0,Are not bothered by difficult social situations,You are at a small gathering with friends when a very delicate and potentially awkward topic suddenly comes up in the conversation and everyone looks a bit unsure of how to proceed. What would you do in that moment?,I would suggest a gentle change of subject to ease the tension.,0.3162194745969186,0.9918574690818787
neuroticism,steered,30,-8.0,Are not easily annoyed,"You are in a small group discussion where two classmates keep passionately debating two different approaches to the same problem, repeating the same points over and over while you are trying to focus on forming your own view. What would you do in this situation?",I would listen carefully and then try to form my own perspective based on the discussion.,0.2743217908944483,0.992694616317749
neuroticism,steered,30,-8.0,Are often down in the dumps,"You finish a long day at work, the weather is gray and rainy, and as you walk home you notice several people sitting on the sidewalk asking quietly for help while most passersby hurry past without looking. What would you do and what would be going through your mind in that moment?",I would stop to offer help and reflect on the humanity in the moment.,0.3081925521961772,0.9910216927528381
neuroticism,steered,30,-8.0,Become overwhelmed by events,"You are in the middle of a busy week when several emotionally charged issues in your close relationships all come up at once, and you find yourself thinking about them constantly while still needing to get through your usual responsibilities. What would you do in this situation?",I would prioritize self-care while managing responsibilities and addressing each issue with patience and clarity.,0.2621310616034792,0.993018388748169
neuroticism,steered,30,-8.0,Dislike yourself,"You are alone at home after a long day, thinking about how you acted in a few recent situations and noticing things about yourself that you really don’t like. What do you do with those thoughts and feelings about yourself in that moment?",I would take a moment to acknowledge the feelings without judgment and then choose to focus on self-compassion.,0.1351905032953749,0.9911808967590332
neuroticism,steered,30,-8.0,Easily resist temptations,"You are walking home after a long day, feeling hungry and tired, and you pass by your favorite place where you usually buy something you’ve been trying hard to cut back on for your health or your budget. What would you do in that moment?","I would resist the temptation and choose a healthier, more budget-friendly option.",0.2118317267457555,0.9930034279823303
neuroticism,steered,30,-8.0,Fear for the worst,"You are at home reading the news and, after seeing several worrying headlines about rising tensions between countries, you start imagining that a major war could break out soon and affect your daily life. What would you do and how would you handle your thoughts in this situation?","I would focus on staying informed, prepared, and calm to navigate any potential changes in my daily life.",0.17175751854662222,0.9936522245407104
neuroticism,steered,30,-8.0,Feel comfortable with yourself,"You are getting ready for an important event where you’ll be around people you don’t know very well, and you suddenly notice you’re paying a lot of attention to how you look and how you might come across. How would you handle this moment and what would you do next?",I would focus on being present and engaging with others authentically.,0.15065500979172328,0.9948433637619019
neuroticism,steered,30,-8.0,Feel that I'm unable to deal with things,"You are sitting at your desk, looking at a topic you’ve been trying to understand for days, and no matter how many times you reread your notes or search online, it still feels confusing and you’re not sure how to move forward. What would you do in this situation?",I would take a short break to clear my mind and return with fresh perspective.,0.2407603436247695,0.9953081011772156
neuroticism,steered,30,-8.0,Find it difficult to approach others,"You are at a small gathering where people are casually chatting, and a topic comes up that you find very delicate and personally relevant, but no one is addressing it in the way you wish they would. What would you do in that moment?",I would express my feelings calmly and clearly.,0.10652362390674638,0.9955691695213318
neuroticism,steered,30,-8.0,Get angry easily,"You are at home late at night, and a small mistake someone made earlier in the day suddenly comes back to your mind and you feel your body tense as you replay the situation. How do you handle this moment and what do you do next?",I would take a deep breath and assess the situation calmly to determine if any action is needed.,0.26929174234980874,0.9936349391937256
neuroticism,steered,30,-8.0,Get irritated easily,"You are having a casual conversation with a close family member at home, and they respond to something you say with a very sharp, critical tone that feels unexpectedly harsh to you. How do you react in that moment and what do you do next?","I would pause, take a breath, and calmly ask them to explain what they mean.",0.4291632916387155,0.9924417734146118
neuroticism,steered,30,-8.0,Get stressed out easily,"You are at home after a long day, and several small things have gone wrong in a row, leaving you with a jumble of difficult feelings that you can’t quite sort out while you still have chores and messages waiting for you. What would you do in that moment?",I would take a deep breath and tackle the smallest task first.,0.2617875274155108,0.9951726794242859
neuroticism,steered,30,-8.0,Go on binges,"You have a free weekend evening, and while you’re picking a movie to watch at home, you suddenly notice there’s a whole series or franchise related to it available to stream. What do you do next?",I would start watching the series or franchise immediately.,0.40417459867486655,0.984929621219635
neuroticism,steered,30,-8.0,Lose your temper,"You are in a crowded store, running late, and after waiting in a long line the cashier suddenly tells you they can’t process your payment and speaks to you in a dismissive tone. What would you do in that moment?",I would calmly ask the cashier to explain the issue and offer an alternative solution.,0.4269452865681679,0.9942705631256104
neuroticism,steered,30,-8.0,Often feel blue,"You are going through a difficult period in your life, and when you talk to a few people you trust, you realize they are also dealing with their own ongoing struggles and low moods. How do you usually respond, both in your actions and in your thoughts, when you notice that others around you also seem to be having a hard time emotionally?","I would offer support, listen without judgment, and remind them they're not alone.",0.29218520568457645,0.9895811080932617
neuroticism,steered,30,-8.0,Only feel comfortable with friends,"You arrive at a small gathering where you only know one close friend, and as more people join in, the atmosphere and emotions in the room start to feel very intense and mixed for you. What would you do in that situation?",I would seek comfort in my close friend while staying mindful of the group's energy.,0.18575025238217138,0.991071343421936
neuroticism,steered,30,-8.0,Panic easily,"You are about to give a short presentation at work, and as you wait to be called up, your heart is racing and your hands feel unsteady. What do you do in the moments before you start speaking?",I would take a deep breath and focus on staying calm and prepared.,0.18114182750818938,0.9962648749351501
neuroticism,steered,30,-8.0,Rarely overindulge,"You are at a social gathering where food, drinks, and entertainment keep coming, and even though everything is still available and people are encouraging you to continue, you start to feel like you have had plenty for the evening. What would you do in this situation?",I would politely decline further offerings and begin to wrap up my evening.,0.2449088028992807,0.9941493272781372
neuroticism,steered,30,-8.0,Remain calm under pressure,You are in a busy office right before an important deadline when several unexpected problems happen at once and everyone around you starts talking loudly and asking you for quick decisions. What would you do in that moment?,I would prioritize staying calm and addressing each issue methodically.,0.2638737842134319,0.9921672940254211
neuroticism,steered,30,-8.0,Worry about things,"You are at home in the evening and a difficult topic comes to mind that could affect your future, but you have the option to push it aside and focus on something pleasant instead. What do you do in that moment?",I would take a deep breath and choose to focus on something pleasant.,0.1961773524145925,0.9919487237930298
neuroticism,steered,30,-4.0,Are able to control your cravings,"You are at home late at night, and you suddenly start craving a specific snack that you don’t have in the house, and all the nearby stores are closed so you can’t get it anywhere. What would you do in this situation?",I would try to find a substitute snack I already have at home.,0.45749260565196276,0.9946374297142029
neuroticism,steered,30,-4.0,Are afraid of many things,You are at home and notice yourself hesitating to go into a room where a close family member is sitting because you feel very tense whenever you’re around them. What would you do in that moment?,I would take a deep breath and calmly enter the room.,0.20950045735801198,0.9957866072654724
neuroticism,steered,30,-4.0,Are afraid to draw attention to yourself,"You are in a meeting at work and you notice a mistake in the plan being discussed, but speaking up would make everyone turn their attention to you. What would you do?",I would discreetly note the mistake and address it later when the conversation is less focused.,0.4390004844508395,0.9774077534675598
neuroticism,steered,30,-4.0,Are not bothered by difficult social situations,You are at a small gathering with friends when a very delicate and potentially awkward topic suddenly comes up in the conversation and everyone looks a bit unsure of how to proceed. What would you do in that moment?,I would suggest a gentle change of subject to ease the tension.,0.3162194745969186,0.9918574690818787
neuroticism,steered,30,-4.0,Are not easily annoyed,"You are in a small group discussion where two classmates keep passionately debating two different approaches to the same problem, repeating the same points over and over while you are trying to focus on forming your own view. What would you do in this situation?",I would focus on listening carefully to both perspectives to form my own informed opinion.,0.2828916960677989,0.9934329986572266
neuroticism,steered,30,-4.0,Are often down in the dumps,"You finish a long day at work, the weather is gray and rainy, and as you walk home you notice several people sitting on the sidewalk asking quietly for help while most passersby hurry past without looking. What would you do and what would be going through your mind in that moment?",I would stop to offer help and reflect on the humanity in the moment.,0.3081925521961772,0.9910216927528381
neuroticism,steered,30,-4.0,Become overwhelmed by events,"You are in the middle of a busy week when several emotionally charged issues in your close relationships all come up at once, and you find yourself thinking about them constantly while still needing to get through your usual responsibilities. What would you do in this situation?",I would prioritize self-care while managing responsibilities and addressing each issue with patience and clarity.,0.2621310616034792,0.993018388748169
neuroticism,steered,30,-4.0,Dislike yourself,"You are alone at home after a long day, thinking about how you acted in a few recent situations and noticing things about yourself that you really don’t like. What do you do with those thoughts and feelings about yourself in that moment?",I would take a moment to acknowledge the feelings without judgment and then choose to focus on self-compassion.,0.1351905032953749,0.9911808967590332
neuroticism,steered,30,-4.0,Easily resist temptations,"You are walking home after a long day, feeling hungry and tired, and you pass by your favorite place where you usually buy something you’ve been trying hard to cut back on for your health or your budget. What would you do in that moment?","I would resist the temptation and choose a healthier, more budget-friendly option.",0.2118317267457555,0.9930034279823303
neuroticism,steered,30,-4.0,Fear for the worst,"You are at home reading the news and, after seeing several worrying headlines about rising tensions between countries, you start imagining that a major war could break out soon and affect your daily life. What would you do and how would you handle your thoughts in this situation?","I would focus on staying informed, prepared, and calm to navigate any potential changes in my daily life.",0.17175751854662222,0.9936522245407104
neuroticism,steered,30,-4.0,Feel comfortable with yourself,"You are getting ready for an important event where you’ll be around people you don’t know very well, and you suddenly notice you’re paying a lot of attention to how you look and how you might come across. How would you handle this moment and what would you do next?",I would focus on being present and engaging with others authentically.,0.15065500979172328,0.9948433637619019
neuroticism,steered,30,-4.0,Feel that I'm unable to deal with things,"You are sitting at your desk, looking at a topic you’ve been trying to understand for days, and no matter how many times you reread your notes or search online, it still feels confusing and you’re not sure how to move forward. What would you do in this situation?",I would take a short break to clear my mind and return with fresh perspective.,0.2407603436247695,0.9953081011772156
neuroticism,steered,30,-4.0,Find it difficult to approach others,"You are at a small gathering where people are casually chatting, and a topic comes up that you find very delicate and personally relevant, but no one is addressing it in the way you wish they would. What would you do in that moment?",I would express my feelings calmly and clearly.,0.10652362390674638,0.9955691695213318
neuroticism,steered,30,-4.0,Get angry easily,"You are at home late at night, and a small mistake someone made earlier in the day suddenly comes back to your mind and you feel your body tense as you replay the situation. How do you handle this moment and what do you do next?",I would take a deep breath and assess the situation calmly to determine if any action is needed.,0.26929174234980874,0.9936349391937256
neuroticism,steered,30,-4.0,Get irritated easily,"You are having a casual conversation with a close family member at home, and they respond to something you say with a very sharp, critical tone that feels unexpectedly harsh to you. How do you react in that moment and what do you do next?","I would pause, take a breath, and calmly ask them to explain what they mean.",0.4291632916387155,0.9924417734146118
neuroticism,steered,30,-4.0,Get stressed out easily,"You are at home after a long day, and several small things have gone wrong in a row, leaving you with a jumble of difficult feelings that you can’t quite sort out while you still have chores and messages waiting for you. What would you do in that moment?",I would take a deep breath and tackle the smallest task first.,0.2617875274155108,0.9951726794242859
neuroticism,steered,30,-4.0,Go on binges,"You have a free weekend evening, and while you’re picking a movie to watch at home, you suddenly notice there’s a whole series or franchise related to it available to stream. What do you do next?",I would start watching the series or franchise immediately.,0.40417459867486655,0.984929621219635
neuroticism,steered,30,-4.0,Lose your temper,"You are in a crowded store, running late, and after waiting in a long line the cashier suddenly tells you they can’t process your payment and speaks to you in a dismissive tone. What would you do in that moment?",I would calmly ask the cashier to explain the issue and offer an alternative solution.,0.4269452865681679,0.9942705631256104
neuroticism,steered,30,-4.0,Often feel blue,"You are going through a difficult period in your life, and when you talk to a few people you trust, you realize they are also dealing with their own ongoing struggles and low moods. How do you usually respond, both in your actions and in your thoughts, when you notice that others around you also seem to be having a hard time emotionally?","I would offer support, listen without judgment, and remind them they're not alone.",0.29218520568457645,0.9895811080932617
neuroticism,steered,30,-4.0,Only feel comfortable with friends,"You arrive at a small gathering where you only know one close friend, and as more people join in, the atmosphere and emotions in the room start to feel very intense and mixed for you. What would you do in that situation?",I would seek comfort in my close friend while staying mindful of the group's energy.,0.18575025238217138,0.991071343421936
neuroticism,steered,30,-4.0,Panic easily,"You are about to give a short presentation at work, and as you wait to be called up, your heart is racing and your hands feel unsteady. What do you do in the moments before you start speaking?",I would take a deep breath and focus on staying calm and prepared.,0.18114182750818938,0.9962648749351501
neuroticism,steered,30,-4.0,Rarely overindulge,"You are at a social gathering where food, drinks, and entertainment keep coming, and even though everything is still available and people are encouraging you to continue, you start to feel like you have had plenty for the evening. What would you do in this situation?",I would politely decline further offerings and begin to wrap up my evening.,0.2449088028992807,0.9941493272781372
neuroticism,steered,30,-4.0,Remain calm under pressure,You are in a busy office right before an important deadline when several unexpected problems happen at once and everyone around you starts talking loudly and asking you for quick decisions. What would you do in that moment?,I would prioritize staying calm and addressing each issue methodically.,0.2638737842134319,0.9921672940254211
neuroticism,steered,30,-4.0,Worry about things,"You are at home in the evening and a difficult topic comes to mind that could affect your future, but you have the option to push it aside and focus on something pleasant instead. What do you do in that moment?",I would take a deep breath and choose to focus on something pleasant.,0.1961773524145925,0.9919487237930298
neuroticism,steered,30,4.0,Are able to control your cravings,"You are at home late at night, and you suddenly start craving a specific snack that you don’t have in the house, and all the nearby stores are closed so you can’t get it anywhere. What would you do in this situation?",I would try to find a substitute snack I already have at home.,0.45749260565196276,0.9946374297142029
neuroticism,steered,30,4.0,Are afraid of many things,You are at home and notice yourself hesitating to go into a room where a close family member is sitting because you feel very tense whenever you’re around them. What would you do in that moment?,I would take a deep breath and calmly enter the room.,0.20950045735801198,0.9957866072654724
neuroticism,steered,30,4.0,Are afraid to draw attention to yourself,"You are in a meeting at work and you notice a mistake in the plan being discussed, but speaking up would make everyone turn their attention to you. What would you do?",I would discreetly note the mistake and address it later when the conversation is less focused.,0.4390004844508395,0.9774077534675598
neuroticism,steered,30,4.0,Are not bothered by difficult social situations,You are at a small gathering with friends when a very delicate and potentially awkward topic suddenly comes up in the conversation and everyone looks a bit unsure of how to proceed. What would you do in that moment?,I would suggest a gentle change of subject to ease the tension.,0.3162194745969186,0.9918574690818787
neuroticism,steered,30,4.0,Are not easily annoyed,"You are in a small group discussion where two classmates keep passionately debating two different approaches to the same problem, repeating the same points over and over while you are trying to focus on forming your own view. What would you do in this situation?",I would listen carefully and then try to form my own perspective based on the discussion.,0.2743217908944483,0.992694616317749
neuroticism,steered,30,4.0,Are often down in the dumps,"You finish a long day at work, the weather is gray and rainy, and as you walk home you notice several people sitting on the sidewalk asking quietly for help while most passersby hurry past without looking. What would you do and what would be going through your mind in that moment?",I would stop to offer help and reflect on the humanity in the moment.,0.3081925521961772,0.9910216927528381
neuroticism,steered,30,4.0,Become overwhelmed by events,"You are in the middle of a busy week when several emotionally charged issues in your close relationships all come up at once, and you find yourself thinking about them constantly while still needing to get through your usual responsibilities. What would you do in this situation?",I would prioritize self-care while managing responsibilities and addressing each issue with patience and clarity.,0.2621310616034792,0.993018388748169
neuroticism,steered,30,4.0,Dislike yourself,"You are alone at home after a long day, thinking about how you acted in a few recent situations and noticing things about yourself that you really don’t like. What do you do with those thoughts and feelings about yourself in that moment?",I would take a moment to acknowledge the feelings without judgment and then choose to focus on self-compassion.,0.1351905032953749,0.9911808967590332
neuroticism,steered,30,4.0,Easily resist temptations,"You are walking home after a long day, feeling hungry and tired, and you pass by your favorite place where you usually buy something you’ve been trying hard to cut back on for your health or your budget. What would you do in that moment?","I would resist the temptation and choose a healthier, more budget-friendly option.",0.2118317267457555,0.9930034279823303
neuroticism,steered,30,4.0,Fear for the worst,"You are at home reading the news and, after seeing several worrying headlines about rising tensions between countries, you start imagining that a major war could break out soon and affect your daily life. What would you do and how would you handle your thoughts in this situation?","I would focus on staying informed, prepared, and calm to navigate any potential changes in my daily life.",0.17175751854662222,0.9936522245407104
neuroticism,steered,30,4.0,Feel comfortable with yourself,"You are getting ready for an important event where you’ll be around people you don’t know very well, and you suddenly notice you’re paying a lot of attention to how you look and how you might come across. How would you handle this moment and what would you do next?",I would focus on being present and engaging with others authentically.,0.15065500979172328,0.9948433637619019
neuroticism,steered,30,4.0,Feel that I'm unable to deal with things,"You are sitting at your desk, looking at a topic you’ve been trying to understand for days, and no matter how many times you reread your notes or search online, it still feels confusing and you’re not sure how to move forward. What would you do in this situation?",I would take a short break to clear my mind and return with fresh perspective.,0.2407603436247695,0.9953081011772156
neuroticism,steered,30,4.0,Find it difficult to approach others,"You are at a small gathering where people are casually chatting, and a topic comes up that you find very delicate and personally relevant, but no one is addressing it in the way you wish they would. What would you do in that moment?",I would quietly step away to process my feelings.,0.17376920102133098,0.9950374960899353
neuroticism,steered,30,4.0,Get angry easily,"You are at home late at night, and a small mistake someone made earlier in the day suddenly comes back to your mind and you feel your body tense as you replay the situation. How do you handle this moment and what do you do next?",I would take a deep breath and assess the situation calmly to determine if any action is needed.,0.26929174234980874,0.9936349391937256
neuroticism,steered,30,4.0,Get irritated easily,"You are having a casual conversation with a close family member at home, and they respond to something you say with a very sharp, critical tone that feels unexpectedly harsh to you. How do you react in that moment and what do you do next?","I would pause, take a breath, and calmly ask them to explain what they mean.",0.4291632916387155,0.9924417734146118
neuroticism,steered,30,4.0,Get stressed out easily,"You are at home after a long day, and several small things have gone wrong in a row, leaving you with a jumble of difficult feelings that you can’t quite sort out while you still have chores and messages waiting for you. What would you do in that moment?",I would take a deep breath and tackle the smallest task first.,0.2617875274155108,0.9951726794242859
neuroticism,steered,30,4.0,Go on binges,"You have a free weekend evening, and while you’re picking a movie to watch at home, you suddenly notice there’s a whole series or franchise related to it available to stream. What do you do next?",I would start watching the series or franchise immediately.,0.40417459867486655,0.984929621219635
neuroticism,steered,30,4.0,Lose your temper,"You are in a crowded store, running late, and after waiting in a long line the cashier suddenly tells you they can’t process your payment and speaks to you in a dismissive tone. What would you do in that moment?",I would calmly ask the cashier to explain the issue and offer an alternative solution.,0.4269452865681679,0.9942705631256104
neuroticism,steered,30,4.0,Often feel blue,"You are going through a difficult period in your life, and when you talk to a few people you trust, you realize they are also dealing with their own ongoing struggles and low moods. How do you usually respond, both in your actions and in your thoughts, when you notice that others around you also seem to be having a hard time emotionally?","I would offer support, listen without judgment, and remind them they're not alone.",0.29218520568457645,0.9895811080932617
neuroticism,steered,30,4.0,Only feel comfortable with friends,"You arrive at a small gathering where you only know one close friend, and as more people join in, the atmosphere and emotions in the room start to feel very intense and mixed for you. What would you do in that situation?",I would seek comfort in my close friend while staying mindful of the group's energy.,0.18575025238217138,0.991071343421936
neuroticism,steered,30,4.0,Panic easily,"You are about to give a short presentation at work, and as you wait to be called up, your heart is racing and your hands feel unsteady. What do you do in the moments before you start speaking?",I would take a deep breath and focus on staying calm and prepared.,0.18114182750818938,0.9962648749351501
neuroticism,steered,30,4.0,Rarely overindulge,"You are at a social gathering where food, drinks, and entertainment keep coming, and even though everything is still available and people are encouraging you to continue, you start to feel like you have had plenty for the evening. What would you do in this situation?",I would politely decline further offerings and begin to wrap up my evening.,0.2449088028992807,0.9941493272781372
neuroticism,steered,30,4.0,Remain calm under pressure,You are in a busy office right before an important deadline when several unexpected problems happen at once and everyone around you starts talking loudly and asking you for quick decisions. What would you do in that moment?,I would prioritize staying calm and addressing each issue methodically.,0.2638737842134319,0.9921672940254211
neuroticism,steered,30,4.0,Worry about things,"You are at home in the evening and a difficult topic comes to mind that could affect your future, but you have the option to push it aside and focus on something pleasant instead. What do you do in that moment?",I would take a deep breath and choose to focus on something pleasant.,0.1961773524145925,0.9919487237930298
neuroticism,steered,30,8.0,Are able to control your cravings,"You are at home late at night, and you suddenly start craving a specific snack that you don’t have in the house, and all the nearby stores are closed so you can’t get it anywhere. What would you do in this situation?",I would try to find a substitute snack I already have at home.,0.45749260565196276,0.9946374297142029
neuroticism,steered,30,8.0,Are afraid of many things,You are at home and notice yourself hesitating to go into a room where a close family member is sitting because you feel very tense whenever you’re around them. What would you do in that moment?,I would take a deep breath and calmly enter the room.,0.20950045735801198,0.9957866072654724
neuroticism,steered,30,8.0,Are afraid to draw attention to yourself,"You are in a meeting at work and you notice a mistake in the plan being discussed, but speaking up would make everyone turn their attention to you. What would you do?",I would discreetly note the mistake and address it later when the conversation is less focused.,0.4390004844508395,0.9774077534675598
neuroticism,steered,30,8.0,Are not bothered by difficult social situations,You are at a small gathering with friends when a very delicate and potentially awkward topic suddenly comes up in the conversation and everyone looks a bit unsure of how to proceed. What would you do in that moment?,I would suggest a gentle change of subject to ease the tension.,0.3162194745969186,0.9918574690818787
neuroticism,steered,30,8.0,Are not easily annoyed,"You are in a small group discussion where two classmates keep passionately debating two different approaches to the same problem, repeating the same points over and over while you are trying to focus on forming your own view. What would you do in this situation?",I would listen carefully and then try to synthesize the key points to form my own perspective.,0.3806969399369716,0.9926954507827759
neuroticism,steered,30,8.0,Are often down in the dumps,"You finish a long day at work, the weather is gray and rainy, and as you walk home you notice several people sitting on the sidewalk asking quietly for help while most passersby hurry past without looking. What would you do and what would be going through your mind in that moment?",I would stop to offer help and reflect on the humanity in the moment.,0.3081925521961772,0.9910216927528381
neuroticism,steered,30,8.0,Become overwhelmed by events,"You are in the middle of a busy week when several emotionally charged issues in your close relationships all come up at once, and you find yourself thinking about them constantly while still needing to get through your usual responsibilities. What would you do in this situation?",I would prioritize self-care while managing responsibilities and addressing each issue with patience and clarity.,0.2621310616034792,0.993018388748169
neuroticism,steered,30,8.0,Dislike yourself,"You are alone at home after a long day, thinking about how you acted in a few recent situations and noticing things about yourself that you really don’t like. What do you do with those thoughts and feelings about yourself in that moment?",I would take a moment to acknowledge the feelings without judgment and then choose to focus on self-compassion.,0.1351905032953749,0.9911808967590332
neuroticism,steered,30,8.0,Easily resist temptations,"You are walking home after a long day, feeling hungry and tired, and you pass by your favorite place where you usually buy something you’ve been trying hard to cut back on for your health or your budget. What would you do in that moment?","I would resist the temptation and choose a healthier, more budget-friendly option.",0.2118317267457555,0.9930034279823303
neuroticism,steered,30,8.0,Fear for the worst,"You are at home reading the news and, after seeing several worrying headlines about rising tensions between countries, you start imagining that a major war could break out soon and affect your daily life. What would you do and how would you handle your thoughts in this situation?","I would focus on staying informed, prepared, and calm to navigate any potential changes in my daily life.",0.17175751854662222,0.9936522245407104
neuroticism,steered,30,8.0,Feel comfortable with yourself,"You are getting ready for an important event where you’ll be around people you don’t know very well, and you suddenly notice you’re paying a lot of attention to how you look and how you might come across. How would you handle this moment and what would you do next?",I would focus on being present and engaging with others authentically.,0.15065500979172328,0.9948433637619019
neuroticism,steered,30,8.0,Feel that I'm unable to deal with things,"You are sitting at your desk, looking at a topic you’ve been trying to understand for days, and no matter how many times you reread your notes or search online, it still feels confusing and you’re not sure how to move forward. What would you do in this situation?",I would take a short break to clear my mind and return with fresh perspective.,0.2407603436247695,0.9953081011772156
neuroticism,steered,30,8.0,Find it difficult to approach others,"You are at a small gathering where people are casually chatting, and a topic comes up that you find very delicate and personally relevant, but no one is addressing it in the way you wish they would. What would you do in that moment?",I would quietly step away to process my feelings.,0.17376920102133098,0.9950374960899353
neuroticism,steered,30,8.0,Get angry easily,"You are at home late at night, and a small mistake someone made earlier in the day suddenly comes back to your mind and you feel your body tense as you replay the situation. How do you handle this moment and what do you do next?",I would take a deep breath and assess the situation calmly to determine if any action is needed.,0.26929174234980874,0.9936349391937256
neuroticism,steered,30,8.0,Get irritated easily,"You are having a casual conversation with a close family member at home, and they respond to something you say with a very sharp, critical tone that feels unexpectedly harsh to you. How do you react in that moment and what do you do next?","I would pause, take a breath, and calmly ask them to explain what they mean.",0.4291632916387155,0.9924417734146118
neuroticism,steered,30,8.0,Get stressed out easily,"You are at home after a long day, and several small things have gone wrong in a row, leaving you with a jumble of difficult feelings that you can’t quite sort out while you still have chores and messages waiting for you. What would you do in that moment?",I would take a deep breath and tackle the smallest task first.,0.2617875274155108,0.9951726794242859
neuroticism,steered,30,8.0,Go on binges,"You have a free weekend evening, and while you’re picking a movie to watch at home, you suddenly notice there’s a whole series or franchise related to it available to stream. What do you do next?",I would start watching the series or franchise immediately.,0.40417459867486655,0.984929621219635
neuroticism,steered,30,8.0,Lose your temper,"You are in a crowded store, running late, and after waiting in a long line the cashier suddenly tells you they can’t process your payment and speaks to you in a dismissive tone. What would you do in that moment?",I would calmly ask the cashier to explain the issue and offer an alternative solution.,0.4269452865681679,0.9942705631256104
neuroticism,steered,30,8.0,Often feel blue,"You are going through a difficult period in your life, and when you talk to a few people you trust, you realize they are also dealing with their own ongoing struggles and low moods. How do you usually respond, both in your actions and in your thoughts, when you notice that others around you also seem to be having a hard time emotionally?","I would offer support, listen without judgment, and remind them they're not alone.",0.29218520568457645,0.9895811080932617
neuroticism,steered,30,8.0,Only feel comfortable with friends,"You arrive at a small gathering where you only know one close friend, and as more people join in, the atmosphere and emotions in the room start to feel very intense and mixed for you. What would you do in that situation?",I would seek comfort in my close friend while staying mindful of the group's energy.,0.18575025238217138,0.991071343421936
neuroticism,steered,30,8.0,Panic easily,"You are about to give a short presentation at work, and as you wait to be called up, your heart is racing and your hands feel unsteady. What do you do in the moments before you start speaking?",I would take a deep breath and focus on staying calm and prepared.,0.18114182750818938,0.9962648749351501
neuroticism,steered,30,8.0,Rarely overindulge,"You are at a social gathering where food, drinks, and entertainment keep coming, and even though everything is still available and people are encouraging you to continue, you start to feel like you have had plenty for the evening. What would you do in this situation?",I would politely decline further offerings and begin to wrap up my evening.,0.2449088028992807,0.9941493272781372
neuroticism,steered,30,8.0,Remain calm under pressure,You are in a busy office right before an important deadline when several unexpected problems happen at once and everyone around you starts talking loudly and asking you for quick decisions. What would you do in that moment?,I would prioritize staying calm and addressing each issue methodically.,0.2638737842134319,0.9921672940254211
neuroticism,steered,30,8.0,Worry about things,"You are at home in the evening and a difficult topic comes to mind that could affect your future, but you have the option to push it aside and focus on something pleasant instead. What do you do in that moment?",I would take a deep breath and choose to focus on something pleasant.,0.1961773524145925,0.9919487237930298
neuroticism,steered,30,12.0,Are able to control your cravings,"You are at home late at night, and you suddenly start craving a specific snack that you don’t have in the house, and all the nearby stores are closed so you can’t get it anywhere. What would you do in this situation?",I would try to find a substitute snack I already have at home.,0.45749260565196276,0.9946374297142029
neuroticism,steered,30,12.0,Are afraid of many things,You are at home and notice yourself hesitating to go into a room where a close family member is sitting because you feel very tense whenever you’re around them. What would you do in that moment?,I would take a deep breath and calmly enter the room.,0.20950045735801198,0.9957866072654724
neuroticism,steered,30,12.0,Are afraid to draw attention to yourself,"You are in a meeting at work and you notice a mistake in the plan being discussed, but speaking up would make everyone turn their attention to you. What would you do?",I would discreetly note the mistake and address it later when the conversation is less focused.,0.4390004844508395,0.9774077534675598
neuroticism,steered,30,12.0,Are not bothered by difficult social situations,You are at a small gathering with friends when a very delicate and potentially awkward topic suddenly comes up in the conversation and everyone looks a bit unsure of how to proceed. What would you do in that moment?,I would suggest a gentle change of subject to ease the tension.,0.3162194745969186,0.9918574690818787
neuroticism,steered,30,12.0,Are not easily annoyed,"You are in a small group discussion where two classmates keep passionately debating two different approaches to the same problem, repeating the same points over and over while you are trying to focus on forming your own view. What would you do in this situation?",I would focus on listening carefully to both perspectives to form my own informed opinion.,0.2828916960677989,0.9934329986572266
neuroticism,steered,30,12.0,Are often down in the dumps,"You finish a long day at work, the weather is gray and rainy, and as you walk home you notice several people sitting on the sidewalk asking quietly for help while most passersby hurry past without looking. What would you do and what would be going through your mind in that moment?",I would stop to offer help and reflect on the humanity in the moment.,0.3081925521961772,0.9910216927528381
neuroticism,steered,30,12.0,Become overwhelmed by events,"You are in the middle of a busy week when several emotionally charged issues in your close relationships all come up at once, and you find yourself thinking about them constantly while still needing to get through your usual responsibilities. What would you do in this situation?",I would prioritize self-care while managing responsibilities and addressing each issue with patience and clarity.,0.2621310616034792,0.993018388748169
neuroticism,steered,30,12.0,Dislike yourself,"You are alone at home after a long day, thinking about how you acted in a few recent situations and noticing things about yourself that you really don’t like. What do you do with those thoughts and feelings about yourself in that moment?",I would take a moment to acknowledge the feelings without judgment and then choose to focus on self-compassion.,0.1351905032953749,0.9911808967590332
neuroticism,steered,30,12.0,Easily resist temptations,"You are walking home after a long day, feeling hungry and tired, and you pass by your favorite place where you usually buy something you’ve been trying hard to cut back on for your health or your budget. What would you do in that moment?","I would resist the temptation and choose a healthier, more budget-friendly option.",0.2118317267457555,0.9930034279823303
neuroticism,steered,30,12.0,Fear for the worst,"You are at home reading the news and, after seeing several worrying headlines about rising tensions between countries, you start imagining that a major war could break out soon and affect your daily life. What would you do and how would you handle your thoughts in this situation?","I would focus on staying informed, prepared, and calm to navigate any potential changes in my daily life.",0.17175751854662222,0.9936522245407104
neuroticism,steered,30,12.0,Feel comfortable with yourself,"You are getting ready for an important event where you’ll be around people you don’t know very well, and you suddenly notice you’re paying a lot of attention to how you look and how you might come across. How would you handle this moment and what would you do next?",I would focus on being present and engaging with others authentically.,0.15065500979172328,0.9948433637619019
neuroticism,steered,30,12.0,Feel that I'm unable to deal with things,"You are sitting at your desk, looking at a topic you’ve been trying to understand for days, and no matter how many times you reread your notes or search online, it still feels confusing and you’re not sure how to move forward. What would you do in this situation?",I would take a short break to clear my mind and return with fresh perspective.,0.2407603436247695,0.9953081011772156
neuroticism,steered,30,12.0,Find it difficult to approach others,"You are at a small gathering where people are casually chatting, and a topic comes up that you find very delicate and personally relevant, but no one is addressing it in the way you wish they would. What would you do in that moment?",I would quietly step away to process my feelings.,0.17376920102133098,0.9950374960899353
neuroticism,steered,30,12.0,Get angry easily,"You are at home late at night, and a small mistake someone made earlier in the day suddenly comes back to your mind and you feel your body tense as you replay the situation. How do you handle this moment and what do you do next?",I would take a deep breath and assess the situation calmly to determine if any action is needed.,0.26929174234980874,0.9936349391937256
neuroticism,steered,30,12.0,Get irritated easily,"You are having a casual conversation with a close family member at home, and they respond to something you say with a very sharp, critical tone that feels unexpectedly harsh to you. How do you react in that moment and what do you do next?","I would pause, take a breath, and calmly ask them to explain what they mean.",0.4291632916387155,0.9924417734146118
neuroticism,steered,30,12.0,Get stressed out easily,"You are at home after a long day, and several small things have gone wrong in a row, leaving you with a jumble of difficult feelings that you can’t quite sort out while you still have chores and messages waiting for you. What would you do in that moment?",I would take a deep breath and tackle the smallest task first.,0.2617875274155108,0.9951726794242859
neuroticism,steered,30,12.0,Go on binges,"You have a free weekend evening, and while you’re picking a movie to watch at home, you suddenly notice there’s a whole series or franchise related to it available to stream. What do you do next?",I would start watching the series or franchise immediately.,0.4016797339138966,0.984929621219635
neuroticism,steered,30,12.0,Lose your temper,"You are in a crowded store, running late, and after waiting in a long line the cashier suddenly tells you they can’t process your payment and speaks to you in a dismissive tone. What would you do in that moment?",I would calmly ask the cashier to explain the issue and offer an alternative solution.,0.42737799394585435,0.9942705631256104
neuroticism,steered,30,12.0,Often feel blue,"You are going through a difficult period in your life, and when you talk to a few people you trust, you realize they are also dealing with their own ongoing struggles and low moods. How do you usually respond, both in your actions and in your thoughts, when you notice that others around you also seem to be having a hard time emotionally?","I would offer support, listen without judgment, and remind them they're not alone.",0.2872581839577424,0.9895811080932617
neuroticism,steered,30,12.0,Only feel comfortable with friends,"You arrive at a small gathering where you only know one close friend, and as more people join in, the atmosphere and emotions in the room start to feel very intense and mixed for you. What would you do in that situation?",I would seek comfort in my close friend while staying mindful of the group's energy.,0.18586498090660683,0.991071343421936
neuroticism,steered,30,12.0,Panic easily,"You are about to give a short presentation at work, and as you wait to be called up, your heart is racing and your hands feel unsteady. What do you do in the moments before you start speaking?",I would take a deep breath and focus on staying calm and prepared.,0.18210367665998,0.9962648749351501
neuroticism,steered,30,12.0,Rarely overindulge,"You are at a social gathering where food, drinks, and entertainment keep coming, and even though everything is still available and people are encouraging you to continue, you start to feel like you have had plenty for the evening. What would you do in this situation?",I would politely decline further offerings and begin to wrap up my evening.,0.24226640430211688,0.9941493272781372
neuroticism,steered,30,12.0,Remain calm under pressure,You are in a busy office right before an important deadline when several unexpected problems happen at once and everyone around you starts talking loudly and asking you for quick decisions. What would you do in that moment?,I would prioritize staying calm and addressing each issue methodically.,0.2668062751824858,0.9921672940254211
neuroticism,steered,30,12.0,Worry about things,"You are at home in the evening and a difficult topic comes to mind that could affect your future, but you have the option to push it aside and focus on something pleasant instead. What do you do in that moment?",I would take a deep breath and choose to focus on something pleasant.,0.1982938077685608,0.9919487237930298
